vehicle_id,position_x,position_y,position_z,mvec_x,mvec_y,mvec_z,bbox_x_min,bbox_x_max,bbox_y_min,bbox_y_max,bbox_z_min,bbox_z_max
0,34.712177275,38.187353134999995,0.98000273115,0.02116584499999874,0.03874016000000324,-0.007032126450000065,34.16379547,35.26055908,36.98548508,39.38922119,0.6893772483,1.270628214
0,28.06599808,-36.35622215,0.71917622521,0.014222140000001104,-0.051502229999996985,-0.009144952385000016,27.41894913,28.71304703,-38.20135498,-34.51108932,0.04907093942,1.389281511
1,24.785172465000002,-38.435764315,0.8774126469,0.010477064999996344,-0.08381653,-0.01745589074999998,24.12122536,25.44911957,-39.17206955,-37.69945908,0.4109265208,1.343898773
1,-7.1808242795,5.9097447395,0.84109110395,-0.04318428099999938,0.05540466300000002,-0.045125361849999934,-8.584891319,-5.77675724,5.197169304,6.622320175,0.1960387379,1.48614347
2,-1.7264626474,2.553233385,0.8176260738,-0.15412542970499987,-0.1134409905,-0.003927051849999974,-3.590737343,0.1378120482,1.603538513,3.502928257,0.1643289626,1.470923185
