vehicle_id,position_x,position_y,position_z,mvec_x,mvec_y,mvec_z,bbox_x_min,bbox_x_max,bbox_y_min,bbox_y_max,bbox_z_min,bbox_z_max
0,35.088985445,43.363588335,0.545449797125,-0.0010166199999943615,0.06424140499999709,-0.01715522163499994,34.18893814,35.98903275,42.91056061,43.81661606,0.05328620225,1.037613392
0,28.127936365,-41.482635495,1.00060266235,0.015969274999999783,-0.07190895499999783,-0.01383921499999996,27.46857071,28.78730202,-42.74795532,-40.21731567,0.5537799597,1.447425365
1,24.92529392,-43.928024289999996,0.8313977421000001,0.023154259999998317,-0.0899143250000023,-0.013266548600000094,24.24829292,25.60229492,-44.47133636,-43.38471222,0.4131333232,1.249662161
1,-12.73588705,5.7876644135,0.8303009348000001,-0.049725534999998544,0.007384300500000052,-0.015901550750000104,-14.18968105,-11.28209305,5.239415169,6.335913658,0.1886612326,1.471940637
2,-7.317473173,2.509540558,0.88282500195,-0.6104347695000003,0.006369352000000106,-0.019524693250000058,-9.059788704,-5.575157642,1.618862152,3.400218964,0.3085997999,1.457050204
