vehicle_id,position_x,position_y,position_z,mvec_x,mvec_y,mvec_z,bbox_x_min,bbox_x_max,bbox_y_min,bbox_y_max,bbox_z_min,bbox_z_max
0,34.865488055,16.788146495,0.7593309804,0.053977965000001404,0.02862644000000003,0.011113643799999906,34.13652802,35.59444809,14.76077175,18.81552124,0.1648933738,1.353768587
2,31.129361154999998,22.509635924999998,0.81694852555,-0.0010776549999960139,0.2674026500000011,0.08404950050000004,30.76935959,31.48936272,21.34228134,23.67699051,0.2227337211,1.41116333
2,27.751580235,-14.16045141,0.8672100602999999,0.027663235000002118,-0.5211386699999991,-0.010275661699999938,26.98099136,28.52216911,-15.88312721,-12.43777561,0.2983281016,1.436092019
3,24.536188125,-17.736535070000002,0.8073806092,-0.1339607249999979,-0.03256511999999745,0.06872458005000004,23.72406769,25.34830856,-19.11787605,-16.35519409,0.1432617754,1.471499443
5,19.7542429,1.880410433,0.74478772388,-0.033841135000002964,0.11457824665000005,0.07391472071999994,17.50708771,22.00139809,0.915792942,2.845027924,0.01961463876,1.469960809
1,13.870484829999999,5.8119096755,0.8193943573,-0.10356473999999949,-0.04294872249999937,-0.022063348049999876,12.17355061,15.56741905,5.060939789,6.562879562,0.1500167996,1.488771915
