vehicle_id,position_x,position_y,position_z,mvec_x,mvec_y,mvec_z,bbox_x_min,bbox_x_max,bbox_y_min,bbox_y_max,bbox_z_min,bbox_z_max
0,34.783086780000005,36.421640395,0.86057162265,0.033882134999998925,0.08822632000000397,-0.016024142549999953,34.21532822,35.35084534,35.62874222,37.21453857,0.5189418793,1.202201366
1,31.323778150000003,42.300394055,0.84549334625,0,0,0,30.7027359,31.9448204,41.52536392,43.07542419,0.2762364745,1.414750218
0,28.21121788,-34.767549515,0.7443888074049999,-0.05439758500000025,0.3734188099999969,0.1087626032950001,27.40397644,29.01845932,-36.19744492,-33.33765411,0.02022621781,1.468551397
1,24.969369890000003,-37.738298415,0.83487083005,-0.2528791450000014,-0.05016899499999283,0.18191744380000008,24.2187233,25.72001648,-38.90839767,-36.56819916,0.2765903771,1.393151283
1,-6.1179919245,5.922131062,0.784220333955,-0.05255222299999929,0.03520154899999994,0.017853140945000012,-7.65069294,-4.585290909,5.188195229,6.656066895,0.08498477191,1.483455896
2,-0.799258709,2.441527605,0.84367337065,-0.16874730599999999,0.02480483049999993,-0.001976266300000029,-2.970871687,1.372354269,1.591683388,3.291371822,0.2200564593,1.467290282
