vehicle_id,position_x,position_y,position_z,mvec_x,mvec_y,mvec_z,bbox_x_min,bbox_x_max,bbox_y_min,bbox_y_max,bbox_z_min,bbox_z_max
0,34.23332405,42.819194795,0.8779528436499999,0,0,0,34.14486694,34.32178116,42.80384445,42.83454514,0.5739019513,1.182003736
0,28.285718915,-39.404397965,0.7497064825399999,0.016036989999999918,-0.017469404999999938,0.0001730696250000774,27.43282127,29.13861656,-41.34495163,-37.4638443,0.04258508608,1.456827879
1,24.802232744999998,-41.99036026,1.0165854992,0.010899540000004038,-0.02365302999999841,-0.005398959250000113,24.25135422,25.35311127,-43.39663696,-40.58408356,0.6062701344,1.426900864
1,-10.2266707445,5.8853712080000005,0.85247658935,-0.049829480000001425,0.018077850499999215,-0.06268113085000004,-11.80125237,-8.652089119,5.195141792,6.575600624,0.2446746677,1.460278511
2,-4.787790537,2.5421903135,0.89028437445,-0.04546749549999962,-0.05135941499999985,-0.014007672550000017,-6.754662991,-2.820918083,1.618528843,3.465851784,0.3286291659,1.451939583
