vehicle_id,position_x,position_y,position_z,mvec_x,mvec_y,mvec_z,bbox_x_min,bbox_x_max,bbox_y_min,bbox_y_max,bbox_z_min,bbox_z_max
0,34.913759235,21.79630089,0.99765291825,0.05380820999999969,0.03392791499999959,-0.01487088219999999,34.20360947,35.623909,20.33346939,23.25913239,0.5496175885,1.445688248
2,31.256619455,28.19713211,0.8954803198,0.017113684999998213,0.1716175050000004,-0.110531304,30.70903206,31.80420685,26.6387825,29.75548172,0.3294620216,1.461498618
2,27.860747335,-19.767580029999998,0.7953005918999999,0.0018463150000016526,-0.04528809000000322,0.19243083495000002,27.02119255,28.70030212,-21.45843887,-18.07672119,0.1222512498,1.468349934
0,24.45777893,-22.943626405,0.91441000975,0.01697635999999747,-0.040237425000000826,-1.9460550000016674e-05,23.79698181,25.11857605,-24.14286041,-21.7443924,0.3502084315,1.478611588
1,8.5855035805,5.9768123625000005,0.8402376400999999,-0.09813261349999891,-0.16396808600000057,-0.07237521574499994,6.910234451,10.26077271,5.137016296,6.816608429,0.1883222312,1.492153049
5,15.34924936,2.6793825625,1.03394022595,-0.13739203999999994,0.06653404250000028,0.0016129315500001962,14.03671169,16.66178703,2.03050518,3.328259945,0.6145960689,1.453284383
