vehicle_id,position_x,position_y,position_z,mvec_x,mvec_y,mvec_z,bbox_x_min,bbox_x_max,bbox_y_min,bbox_y_max,bbox_z_min,bbox_z_max
0,34.96648979,28.415708539999997,1.00735196465,0.10149383499999942,0.057395935000002396,-0.012989252999999978,34.17230606,35.76067352,27.31394958,29.5174675,0.5970056653,1.417698264
1,31.36545563,34.421123505,0.9798710047,0.011102669999999648,0.04281234500000153,-0.008465438749999943,30.95355988,31.77735138,33.42919159,35.41305542,0.7170121074,1.242729902
0,27.99007416,-26.643463134999998,0.69151715925,0.02689074999999974,-0.21399116500000304,-0.09890900001500003,27.19216919,28.78797913,-28.37753296,-24.90939331,0.2975541055,1.085480213
0,24.679095265,-29.42709732,0.90931650985,0.0765190149999988,-0.06707000999999835,-0.018286332399999994,23.95995712,25.39823341,-30.40874863,-28.44544601,0.3377973437,1.480835676
1,1.92817781855,5.836611747499999,0.792205229505,-0.04828372584999996,0.13790941250000088,0.002334259594999888,0.3103041351,3.546051502,5.155619621,6.517603874,0.09892943501,1.485481024
2,6.656312704,2.4575824735,1.2377191785,-0.02163648600000112,0.11962390000000012,0.006235778000000192,5.117117405,8.195508003,1.738090515,3.177074432,1.004741192,1.470697165
