vehicle_id,position_x,position_y,position_z,mvec_x,mvec_y,mvec_z,bbox_x_min,bbox_x_max,bbox_y_min,bbox_y_max,bbox_z_min,bbox_z_max
0,34.900985719999994,15.581143855,0.80354465565,0.039728165000006754,0.041769985000000176,0.028504445850000004,34.12417984,35.6777916,13.63844967,17.52383804,0.2426634133,1.364425898
2,31.426774025,21.983402249999997,0.7460586783950001,-0.12888241000000278,0.020444875000002583,0.22957798275499997,30.73418617,32.11936188,20.425354,23.5414505,0.02686650679,1.46525085
2,27.778517725,-13.236038685,0.7712681441,0.032774924999998234,0.2797188800000008,0.03515784435000002,26.90807724,28.64895821,-15.15935993,-11.31271744,0.2340716422,1.308464646
3,24.428623199999997,-16.671103955,0.7958462312000001,-0.02543544499999939,-0.05020904500000256,-0.015166200650000072,23.71235466,25.14489174,-18.07220459,-15.27000332,0.2025027424,1.38918972
5,20.860312465,1.64350652715,0.7843626660999999,-0.05844402999999687,0.13448190660000003,0.020962447200000067,18.60034943,23.1202755,0.5657730103,2.721240044,0.1025416702,1.466183662
1,14.961128235,5.807162285,0.773034101355,-0.08806085499999838,0.015393256999999494,0.09523305504500013,13.22555923,16.69669724,5.109782219,6.504542351,0.05752779171,1.488540411
