vehicle_id,position_x,position_y,position_z,mvec_x,mvec_y,mvec_z,bbox_x_min,bbox_x_max,bbox_y_min,bbox_y_max,bbox_z_min,bbox_z_max
0,34.817335130000004,14.843450065,0.8360181972999999,0.11461448499999705,0.5640487700000012,0.11580268305000008,34.1428299,35.49184036,13.04059505,16.64630508,0.2387542576,1.433282137
2,31.23432827,21.62682724,1.310829103,-0.07084560499999881,-0.7091674800000014,-0.5065553634500001,30.90410805,31.56454849,21.14156342,22.11209106,1.15159893,1.470059276
2,27.86752224,-12.59287548,0.87354645145,-0.1275568000000007,-0.432658674999999,-0.019138842950000012,26.97676277,28.75828171,-14.46629715,-10.71945381,0.3336371779,1.413455725
3,24.40118885,-16.379977705,0.8846304268499999,0.031240464999999773,-0.04433583999999868,-0.05683710424999999,23.73288345,25.06949425,-18.07061768,-14.68933773,0.3082306087,1.461030245
5,21.46898174,1.5234682560000001,0.746984936215,-0.12306690000000131,0.08241987249999982,0.07503288973500011,19.18512535,23.75283813,0.378121376,2.668815136,0.02718885243,1.46678102
1,15.48448324,5.791454792,0.8188689574,-0.022284029999999788,0.13681745550000013,-0.042427066509999944,13.81714725,17.15181923,5.043321609,6.539587975,0.1499407738,1.487797141
