vehicle_id,position_x,position_y,position_z,mvec_x,mvec_y,mvec_z,bbox_x_min,bbox_x_max,bbox_y_min,bbox_y_max,bbox_z_min,bbox_z_max
0,28.301755905,-39.42186737,0.749879552165,-0.17094039999999922,-0.04232025000000306,0.11109377638499995,27.43389511,29.1696167,-41.2727623,-37.57097244,0.04188897833,1.457870126
1,24.813132285000002,-42.01401329,1.01118653995,0.011481284999998564,-0.03207778999999533,-0.006972432099999981,24.25392723,25.37233734,-43.35810089,-40.66992569,0.5891191959,1.433253884
1,-10.276500224500001,5.9034490585,0.7897954585,-0.0783643734999977,0.031059742000000057,-0.007952440634999891,-11.80408573,-8.748914719,5.18737793,6.619520187,0.126791358,1.452799559
2,-4.8332580325,2.4908308985,0.8762767019,0.006104468999999391,0.006933211999999855,-0.07996864645000001,-6.739656448,-2.926859617,1.624128819,3.357532978,0.2819126248,1.470640779
