vehicle_id,position_x,position_y,position_z,mvec_x,mvec_y,mvec_z,bbox_x_min,bbox_x_max,bbox_y_min,bbox_y_max,bbox_z_min,bbox_z_max
0,27.508966445,-49.08868599,0.9427768288,0,0,0,27.38055801,27.63737488,-49.27405167,-48.90332031,0.6822028756,1.203350782
0,28.406215664999998,-46.26275253,0.7205995022,0.03568459000000246,-0.07534027500000207,-0.012949049550000091,27.65877342,29.15365791,-46.90988159,-45.61562347,0.2825645804,1.158634424
2,24.80056572,-48.635145185,0.752048056735,0.014717099999998595,-0.046394355000003884,-0.010890852810000018,24.10045052,25.50068092,-49.33829498,-47.93199539,0.07613750547,1.427958608
1,-16.66012716,5.808392525,0.8561740516,-0.038656715000001896,0.005913733999999948,-0.0006510465000000298,-17.52483177,-15.79542255,5.210754395,6.406030655,0.2950677872,1.417280316
2,-11.90297842,2.414450645,0.9154414984,-0.3132486350000008,0.008040428499999752,-0.02000886209999997,-13.00109196,-10.80486488,1.657569408,3.171331882,0.4238813818,1.407001615
