vehicle_id,position_x,position_y,position_z,mvec_x,mvec_y,mvec_z,bbox_x_min,bbox_x_max,bbox_y_min,bbox_y_max,bbox_z_min,bbox_z_max
0,34.777746199999996,29.7970829,0.9082412271,0.02316856500000597,0.05382919499999872,-0.012984588699999966,34.14347076,35.41202164,28.24461746,31.34954834,0.3737198412,1.442762613
1,31.381675719999997,34.94852829,0.87759372605,0.00870991000000032,0.08888054000000523,-0.016665280000000005,30.74821854,32.0151329,34.34620285,35.55085373,0.5363590121,1.21882844
1,24.586202625,-30.915708545,0.80300464475,-0.015499114999997232,-0.049360270000001094,0.009760908850000027,23.95386124,25.21854401,-32.43833542,-29.39308167,0.1462120265,1.459797263
0,27.952938080000003,-27.21448326,0.7381430565,0.014557839999998379,-0.18740463500000004,0.11816170839999995,27.21876907,28.68710709,-28.4907608,-25.93820572,0.317807138,1.158478975
1,0.98213526595,5.885251045,0.7634492979899999,-0.038539588399999936,-0.03041601149999984,0.13187722691000003,-0.5634897351,2.527760267,5.166559219,6.603942871,0.03984341398,1.487055182
2,6.036723852,2.4407446385,1.0424555241,-0.15698194500000007,0.022689103999999904,-0.014566004249999986,4.340320587,7.733127117,1.614634991,3.266854286,0.6220174432,1.462893605
