vehicle_id,position_x,position_y,position_z,mvec_x,mvec_y,mvec_z,bbox_x_min,bbox_x_max,bbox_y_min,bbox_y_max,bbox_z_min,bbox_z_max
0,34.95425415,18.215486525,0.8594684598500001,0.06450271500000326,-0.5673580149999999,-0.003874063450000076,34.16180801,35.74670029,16.30252075,20.1284523,0.3030902147,1.415846705
2,31.423641205,24.12056732,0.7622482926499999,0.01431274500000157,-0.5898170449999967,-0.004037238799999954,30.72415924,32.12312317,22.78034973,25.46078491,0.2206254303,1.303871155
2,27.825614925,-15.98908901,0.8466920704500001,-0.12609291000000056,-1.478500000118288e-05,0.013681724699999953,27.01412582,28.63710403,-18.03947067,-13.93870735,0.2345325649,1.458851576
3,24.511374475,-18.599770545,0.8245905786000001,-0.04368496000000022,-0.9849376700000008,0.028316259349999928,23.76973915,25.2530098,-19.35192299,-17.8476181,0.2757702172,1.37341094
5,18.347328185,2.1465713975,0.76553843004,-0.08253288499999911,0.07720446599999997,-0.006338898314999897,15.9960556,20.69860077,1.184072971,3.109069824,0.06011707708,1.470959783
1,12.43460083,5.805240154,0.82348569465,-0.17167091499999998,-0.010097980499999437,0.008949190449999977,10.76741314,14.10178852,5.125424385,6.485055923,0.1583624333,1.488608956
