vehicle_id,position_x,position_y,position_z,mvec_x,mvec_y,mvec_z,bbox_x_min,bbox_x_max,bbox_y_min,bbox_y_max,bbox_z_min,bbox_z_max
0,34.779205325,16.694756984999998,0.9252510218000001,0.019247049999997046,0.023071290000000744,-0.04330210385000011,34.16303635,35.3953743,14.48355389,18.90596008,0.4145163596,1.435985684
2,31.044768335,22.36761284,0.8180534767,0.023034094999999866,0.03117561500000221,0.033415235200000004,30.71463013,31.37490654,21.02853775,23.70668793,0.2321611494,1.403945804
2,27.90010452,-14.090746405,0.7052338795499999,-0.1978006350000001,-0.0030083649999994577,0.09697236120000008,26.98645973,28.81374931,-16.08318329,-12.09830952,0.1025912911,1.307876468
3,24.536494255,-17.059186935,0.77066385745,0.013085365000002014,-0.5866289149999986,0.05984333144999998,23.71613121,25.3568573,-18.05392456,-16.06444931,0.2450046539,1.296323061
5,20.05765152,1.8727340698000001,0.7468998014,-0.12043380500000112,0.04119133949999987,0.07412697834999993,17.79496193,22.32034111,0.8287878036,2.916680336,0.0239817258,1.469817877
1,14.119891645,5.8018307685,0.82107049985,-0.035305024999999546,0.013611317000000511,-0.032094642590000055,12.41928101,15.82050228,5.118354797,6.48530674,0.1507829577,1.491358042
