vehicle_id,position_x,position_y,position_z,mvec_x,mvec_y,mvec_z,bbox_x_min,bbox_x_max,bbox_y_min,bbox_y_max,bbox_z_min,bbox_z_max
0,34.813663485,38.396255495000005,0.9424607755000001,0.12300300000000419,0.046613694999990685,-0.008277446050000137,34.17110062,35.45622635,37.39128113,39.40122986,0.616176486,1.268745065
0,28.12703419,-36.568532945,0.90147507175,0.013017649999998326,-0.0517520899999937,-0.00717863409999997,27.42026711,28.83380127,-38.1220665,-35.01499939,0.3695316315,1.433418512
1,24.901797295,-39.635616305,0.8835472315,-0.06317139000000083,-0.04370307499999626,-0.010084301100000026,24.2658844,25.53771019,-41.05874634,-38.21248627,0.296964854,1.470129609
1,-7.8216814994999995,5.7856411935,0.8805145027,-0.05161738400000093,0.008299827500000134,-0.021112077299999976,-9.406702042,-6.236660957,5.18652153,6.384760857,0.2766895294,1.484339476
2,-2.65934416665,2.4789390565,0.8547160627,0.17128387124999955,0.01851654050000029,0.0037224737500000105,-4.958411217,-0.3602771163,1.606896877,3.350981236,0.2548428774,1.454589248
