vehicle_id,position_x,position_y,position_z,mvec_x,mvec_y,mvec_z,bbox_x_min,bbox_x_max,bbox_y_min,bbox_y_max,bbox_z_min,bbox_z_max
0,28.34563446,-51.538232805,1.17511579375,0,0,0,28.08991051,28.60135841,-52.164711,-50.91175461,0.9599276185,1.390303969
1,-18.919355394999997,5.8430223465,0.9871467947999999,0.010834694999999783,-0.004683494500000052,-0.24039846679499988,-20.3902874,-17.44842339,5.222406387,6.463638306,0.5317766666,1.442516923
2,-16.802746775,2.5745396615,1.06874701395,0.012494085000000155,-0.036218881499999966,0.002874314900000119,-18.00636101,-15.59913254,1.748997688,3.400081635,0.7896135449,1.347880483
0,24.665019035,-49.915861129999996,0.77124476415,-0.0031156550000019934,0.01435470999999211,0.0018696935999999997,24.38222885,24.94780922,-50.52533722,-49.30638504,0.2848830223,1.257606506
