vehicle_id,position_x,position_y,position_z,mvec_x,mvec_y,mvec_z,bbox_x_min,bbox_x_max,bbox_y_min,bbox_y_max,bbox_z_min,bbox_z_max
0,34.69098663,38.148870470000006,0.9869927466999999,0.021190645000004338,0.038482664999989424,-0.006990015549999895,34.16087341,35.22109985,36.90479279,39.39294815,0.7039440274,1.270041466
1,31.102099420000002,43.36779976,0.7736798374,0,0,0,30.76281166,31.44138718,42.85272598,43.88287354,0.2466790378,1.300680637
0,28.052515980000003,-36.1282177,0.82538806635,0.013482099999997388,-0.22800445000000025,-0.10621184113999993,27.4143486,28.69068336,-37.83956528,-34.41687012,0.2496358007,1.401140332
1,24.77519131,-38.35421753,0.8943710176499999,0.009981155000001962,-0.08154678500000045,-0.01695837074999995,24.12172318,25.42865944,-39.1064415,-37.60199356,0.4325838983,1.356158137
1,-7.1361579895,5.8736081124999995,0.84606444815,-0.04466629000000033,0.03613662700000031,-0.004973344200000063,-8.592739105,-5.679576874,5.183664322,6.563551903,0.2080948353,1.484034061
2,-1.7724389803999998,2.4940748215,0.8551711441,0.045976332999999814,0.05915856350000004,-0.03754507029999998,-3.7806499,0.2357719392,1.594530582,3.393619061,0.2402988672,1.470043421
