vehicle_id,position_x,position_y,position_z,mvec_x,mvec_y,mvec_z,bbox_x_min,bbox_x_max,bbox_y_min,bbox_y_max,bbox_z_min,bbox_z_max
0,34.862359999999995,6.410721302000001,0.8164442407,-0.10070418999999475,0.026612281499998502,0.06219645560000009,34.05559921,35.66912079,4.238905907,8.582536697,0.1691168994,1.463771582
1,31.316088675,12.698237415000001,0.900516808,0.03940678000000375,0.06747865999999902,-0.11357836444000002,30.67145157,31.96072578,11.29883289,14.09764194,0.321100235,1.479933381
5,28.002516745,-3.4256649015000002,0.8049769400000001,0.030999184999998874,-0.012486576999999777,-0.0007079389000000935,26.50531578,29.49971771,-5.391611099,-1.459718704,0.138682723,1.471271157
1,23.31592655,5.666088581,0.8756785242,-0.030426024999997026,-0.018276691500000553,0.02172046914999992,21.75735855,24.87449455,4.920681,6.411496162,0.2614744604,1.489882588
3,24.385513305,-8.8242802615,0.84598250705,0.09410381500000042,-0.03647327499999875,0.0335352418999999,23.68881416,25.08221245,-10.51655197,-7.132008553,0.2033570111,1.488608003
2,27.82667923,-9.3621325495,0.88066931075,0.003342624999998378,0.020324467000000013,-0.04130422329999994,26.98713493,28.66622353,-11.65894413,-7.065320969,0.2972667515,1.46407187
