vehicle_id,position_x,position_y,position_z,mvec_x,mvec_y,mvec_z,bbox_x_min,bbox_x_max,bbox_y_min,bbox_y_max,bbox_z_min,bbox_z_max
0,34.794507980000006,25.47155571,0.81860332175,0.013154984999992791,-0.02313614000000186,0.19605921250000002,34.17737961,35.41163635,23.995121,26.94799042,0.2390263975,1.398180246
2,31.262281415,31.39987755,0.9481113551,0.019165040000000744,0.04241752500000118,-0.009217187399999993,30.78261375,31.74194908,30.28439713,32.51535797,0.5148499012,1.381372809
2,27.84360409,-23.00174713,0.9033047112000001,0.021162029999999277,-0.06069755500000085,-0.018641814650000144,27.1339016,28.55330658,-24.38842773,-21.61506653,0.3393405974,1.467268825
0,24.531913760000002,-26.626176835000003,0.8907102792,0.011725424999998069,-0.0430946299999988,0.0026798695499999914,23.86154366,25.20228386,-28.00167847,-25.2506752,0.3093479574,1.472072601
1,5.1713398695,5.8293538095,0.8617364541,-0.10945630099999981,0.05515384650000055,-0.0031112508999999733,3.643199682,6.699480057,5.143224716,6.515482903,0.2376409322,1.485831976
5,8.848424435,3.126496315,1.3315027355,-0.1428098680000005,-0.030268907499999997,-0.022021591499999937,8.543716431,9.153132439,3.121188164,3.131804466,1.259431958,1.403573513
