vehicle_id,position_x,position_y,position_z,mvec_x,mvec_y,mvec_z,bbox_x_min,bbox_x_max,bbox_y_min,bbox_y_max,bbox_z_min,bbox_z_max
0,34.81093025,27.757308960000003,0.9717603775499999,0.023931505000000186,0.050529479999994464,-0.01285643904999989,34.14653778,35.47532272,26.19525146,29.31936646,0.4863673151,1.45715344
2,31.459673885,32.992824555,0.7973604798999999,0.04623603499999973,0.1027259850000064,-0.013558015299999893,30.78323174,32.13611603,32.48049164,33.50515747,0.3950449228,1.199676037
2,28.00026131,-25.36904335,0.8141567854,-0.10022830999999854,-0.05132484500000345,-0.09022568134999998,27.19762421,28.80289841,-26.88224411,-23.85584259,0.3048538268,1.323459744
0,24.489788054999998,-28.575618745,0.84908886985,0.2620344199999991,-0.4167709350000024,-0.020091801600000014,23.95211792,25.02745819,-29.73228836,-27.41894913,0.2278150767,1.470362663
1,2.869565368,5.9763422015,0.8401882945,-0.09398078949999977,0.024785518000000728,0.027877807700000035,1.198757887,4.540372849,5.158062935,6.794621468,0.190135181,1.490241408
2,7.7100985049999995,2.8462255,1.2698004840000001,-0.2774202819999996,-0.18779611600000035,0.020100772499999753,6.315495968,9.104701042,2.157482624,3.534968376,1.068496704,1.471104264
