vehicle_id,position_x,position_y,position_z,mvec_x,mvec_y,mvec_z,bbox_x_min,bbox_x_max,bbox_y_min,bbox_y_max,bbox_z_min,bbox_z_max
0,34.921121595,24.85482025,0.9676334411499999,0.020156860000000165,0.018217084999999855,-0.0005659758999999598,34.14737701,35.69486618,22.73083496,26.97880554,0.4664651453,1.468801737
2,31.240524295,29.767789845000003,0.91103717695,0.1111345249999971,0.08695983499999826,-0.01892846809999993,30.74236298,31.73868561,28.9995575,30.53602219,0.4330967069,1.388977647
2,27.84108257,-22.176300045,0.771581702035,0.016385079999999164,-0.017135619999997687,0.09126148386499999,27.00659561,28.67556953,-23.97512817,-20.37747192,0.07409511507,1.469068289
0,24.518683430000003,-25.71890259,0.8460874484500001,0.020732879999997067,-0.0382442499999982,-0.03768706320000015,23.85181808,25.18554878,-27.37686539,-24.06093979,0.2323704809,1.459804416
1,6.30012393,5.8092861175,0.8630984203,-0.06442046149999925,0.10034561149999988,0.015759028249999973,4.704908371,7.895339489,5.103307724,6.515264511,0.2352853566,1.490911484
