vehicle_id,position_x,position_y,position_z,mvec_x,mvec_y,mvec_z,bbox_x_min,bbox_x_max,bbox_y_min,bbox_y_max,bbox_z_min,bbox_z_max
0,28.14362812,-39.742494585,0.8188265563999999,0.00825500499999876,-0.10427093499999529,-0.01597262179999992,27.48228073,28.80497551,-41.4419632,-38.04302597,0.1889859438,1.448667169
1,24.857649805,-42.152713774999995,0.98157840965,0.010937689999998668,-0.04088974000001144,-0.008441522849999994,24.26169014,25.45360947,-43.24714279,-41.05828476,0.5116021633,1.451554656
1,-10.485937593500001,5.954895496500001,0.8809284715,-0.03489685349999938,0.051104068499999045,-0.015688374599999944,-11.83910751,-9.132767677,5.216161728,6.693629265,0.288585335,1.473271608
2,-5.2907556295,2.4073092935,0.86025553945,-0.02731430500000087,0.0064728265000000285,-0.01778000600000007,-7.235574245,-3.345937014,1.611406326,3.203212261,0.2693688869,1.451142192
