vehicle_id,position_x,position_y,position_z,mvec_x,mvec_y,mvec_z,bbox_x_min,bbox_x_max,bbox_y_min,bbox_y_max,bbox_z_min,bbox_z_max
0,34.93620491,36.88598633,0.68148427465,0.03872108499999882,0.09956359499999934,-0.006927706549999968,34.22380447,35.64860535,36.20175934,37.57021332,0.2200926393,1.14287591
2,31.436888695,42.763132095,0.81625270865,0,0,0,30.71742821,32.15634918,42.08798981,43.43827438,0.2690165043,1.363488913
0,28.288038255,-35.06318855,0.9200632424499999,0.0007848750000007954,-0.8227100399999969,-0.013256550049999927,27.41553879,29.16053772,-36.30659866,-33.81977844,0.3934163749,1.44671011
1,24.7626009,-37.97527504,0.97553011765,-0.037310604999998276,-0.038707735000002685,-0.008972168050000007,24.22681999,25.29838181,-38.93488693,-37.01566315,0.5628553033,1.388204932
1,-6.561093807000001,5.981010437,0.84640586375,-0.05028891599999952,0.012483596999999236,-0.007177829500000121,-8.06306076,-5.059126854,5.186083794,6.77593708,0.2239996195,1.468812108
2,-1.3203178941,2.4326007365,0.8630118965,-0.2361496688,0.009829521499999938,-0.0017225890999998938,-3.504428148,0.8637923598,1.507766247,3.357435226,0.25581038,1.470213413
