vehicle_id,position_x,position_y,position_z,mvec_x,mvec_y,mvec_z,bbox_x_min,bbox_x_max,bbox_y_min,bbox_y_max,bbox_z_min,bbox_z_max
0,34.84344673,23.63051605,0.8858499079,0.031747820000006755,0.023406984999997604,-0.013320445950000037,34.15418625,35.53270721,22.26081848,25.00021362,0.3623568118,1.409343004
2,31.2068758,29.379165649999997,0.99567756055,-0.05369662999999747,0.06504631000000316,-0.01446187514999997,30.8786869,31.5350647,28.51987457,30.23845673,0.5446459651,1.446709156
2,27.8947649,-21.850269315,0.96961890165,0.05240726499999937,-0.37699318000000304,-0.039805248199999865,27.09731293,28.69221687,-23.78903961,-19.91149902,0.4696807563,1.469557047
0,24.596840855,-24.73893547,0.7754864918250001,0.028754240000001374,-0.046689989999997294,0.13098484992499992,23.82384872,25.36983299,-25.90291595,-23.57495499,0.07924596965,1.471727014
1,6.773226022999999,5.834756851,0.80849473195,-0.03397464749999912,0.015575886000000594,0.03517897415000004,5.157073498,8.389378548,5.149433136,6.520080566,0.1261121929,1.490877271
