vehicle_id,position_x,position_y,position_z,mvec_x,mvec_y,mvec_z,bbox_x_min,bbox_x_max,bbox_y_min,bbox_y_max,bbox_z_min,bbox_z_max
0,34.91932869,35.700838090000005,0.7671076283,0.023138044999996055,0.07059859999999674,-0.00588085490000001,34.1882515,35.65040588,34.77178192,36.62989426,0.2344769686,1.299738288
0,28.19572353,-33.72624588,0.8453640936,0.03314018500000415,-0.05678558000000322,-0.01843127574999992,27.35238647,29.03906059,-35.11152649,-32.34096527,0.2599018812,1.430826306
1,24.865834239999998,-37.19396782,0.91017590485,-0.11155510500000076,-0.05095673000000289,-0.016623363150000015,24.11860085,25.61306763,-38.71640778,-35.67152786,0.4215432107,1.398808599
1,-5.0460140705,5.943415164999999,0.8773123918,-0.041626692000000354,0.027245998500000645,-0.0035503353499999335,-6.421430588,-3.670597553,5.168725014,6.718105316,0.2818196416,1.472805142
2,0.22916233549999998,2.4542415145,0.74358190796,-0.029462397500000015,0.016911983500000005,0.06442376033999997,-1.843933344,2.302258015,1.589490414,3.318992615,0.01778343692,1.469380379
