vehicle_id,position_x,position_y,position_z,mvec_x,mvec_y,mvec_z,bbox_x_min,bbox_x_max,bbox_y_min,bbox_y_max,bbox_z_min,bbox_z_max
0,28.537298200000002,-46.49612808,0.6805861889,0,0,0,27.73360443,29.34099197,-47.12792587,-45.86433029,0.2369360328,1.124236345
2,24.427250864999998,-48.773326874999995,0.95070306935,0.009868620000002437,-0.0474205000000012,-0.0074370648500000636,24.12882805,24.72567368,-49.47617722,-48.07047653,0.4932278097,1.408178329
1,-16.787053585,5.828691959,0.8486025929500001,-0.04556322000000179,0.0069947250000002015,-0.0038821547500000886,-17.59501266,-15.97909451,5.211820602,6.445563316,0.2941278219,1.403077364
2,-12.31564951,2.5050685405,0.849488646,-0.542263985,-0.058280706000000126,0.02321156830000004,-13.50772953,-11.12356949,1.78821516,3.221921921,0.330309093,1.368668199
0,34.176900865,51.49953651,0.5786735564500001,0.07852172999999851,0.2262859399999968,-0.031777709700000045,34.14328003,34.2105217,51.32289886,51.67617416,0.1997394264,0.9576076865
