vehicle_id,position_x,position_y,position_z,mvec_x,mvec_y,mvec_z,bbox_x_min,bbox_x_max,bbox_y_min,bbox_y_max,bbox_z_min,bbox_z_max
0,35.016763685,26.87982178,0.8919717817999999,0.06558036999999928,0.04368400500000291,-0.012091442849999856,34.24739456,35.78613281,24.89662552,28.86301804,0.3251835406,1.458760023
2,31.40626621,31.852455139999996,0.84963513895,-0.004216194999997924,0.08079910500000409,-0.016660525999999898,30.75486946,32.05766296,31.10108566,32.60382462,0.3341393769,1.365130901
2,27.94655895,-23.993934635,0.8386744486000001,0.012841224999998957,-0.050634380000001755,0.023988864949999966,27.15344238,28.73967552,-25.46244431,-22.52542496,0.2232484072,1.45410049
0,24.573359484999997,-27.83133316,0.95466175695,-0.028361314999997944,-0.07374000500000122,-0.012920215950000036,24.01039886,25.13632011,-29.51648712,-26.1461792,0.4432041049,1.466119409
1,4.1611238715,5.8708758355,0.8869619517,-0.09040105349999994,0.07413005849999976,-0.058879837300000015,2.516018152,5.806229591,5.144217491,6.59753418,0.2811597884,1.492764115
5,8.559369802500001,3.0454425815,1.286550224,0,0,0,7.704887867,9.413851738,2.926947117,3.163938046,1.141096115,1.432004333
