vehicle_id,position_x,position_y,position_z,mvec_x,mvec_y,mvec_z,bbox_x_min,bbox_x_max,bbox_y_min,bbox_y_max,bbox_z_min,bbox_z_max
0,34.84494972,20.2213459,0.8573230056500001,0.05386161999999217,0.8627033250000018,-0.014909669500000056,34.14751434,35.5423851,18.7560997,21.6865921,0.2624976933,1.452148318
2,31.422615049999997,26.36501312,0.742438949545,-0.11916827999999668,0.43622589499999975,0.239317335405,30.71946335,32.12576675,25.18136215,27.54866409,0.04224748909,1.44263041
2,27.87621784,-18.404229164999997,0.85362135625,-0.14603614500000006,-0.035798070000005566,0.06521251065,27.05588722,28.69654846,-20.37573624,-16.43272209,0.2491634935,1.458079219
0,24.296453475,-22.219388965,0.9247670171,-0.14487075499999946,0.016344074999999236,-0.016903400000000013,23.76221657,24.83069038,-23.28118134,-21.15759659,0.3638207912,1.485713243
1,9.976676463,5.8564949035,0.82314766195,-0.02087306950000034,-0.05102252949999997,0.0017192810999999697,8.308769226,11.6445837,5.134638786,6.578351021,0.1562522799,1.490043044
5,16.210862634999998,2.335295677,0.89333394155,-0.06596469499999813,-0.018443584499999943,-0.001439228299999984,14.20025158,18.22147369,1.35446167,3.316129684,0.3155863881,1.471081495
