vehicle_id,position_x,position_y,position_z,mvec_x,mvec_y,mvec_z,bbox_x_min,bbox_x_max,bbox_y_min,bbox_y_max,bbox_z_min,bbox_z_max
0,35.006397245,35.989114765,0.7440676612999999,0.004629135000001838,0.0831527700000052,-0.0047018749999998555,34.19503784,35.81775665,35.0942421,36.88398743,0.2307783216,1.257357001
0,28.218471524999998,-33.952371595,0.76551368855,-0.159748074999996,-0.0633201599999964,0.07587589289999996,27.26758003,29.16936302,-35.13417053,-32.77057266,0.1344487071,1.39657867
1,24.81033802,-37.555192945,0.8586134910000001,0.1431789400000021,-0.02141570999999942,-0.006056875000000073,24.12049103,25.50018501,-39.01005554,-36.10033035,0.343049407,1.374177575
1,-5.5185110569999996,5.7969417575,0.8764358759499999,-0.34096980099999996,0.021837234000000372,0.001724436600000101,-6.947340012,-4.089682102,5.179433823,6.414449692,0.2671018839,1.485769868
2,-0.12437075350000004,2.51753664,0.8498633950500001,-0.007141471499999885,-0.019521474499999858,0.0014346392999999846,-2.125399351,1.876657844,1.593913555,3.441159725,0.2291637361,1.470563054
