vehicle_id,position_x,position_y,position_z,mvec_x,mvec_y,mvec_z,bbox_x_min,bbox_x_max,bbox_y_min,bbox_y_max,bbox_z_min,bbox_z_max
0,34.675819395000005,27.28246307,0.7685474046,0.01890373499999498,0.10755158000000264,-0.02080174190499995,34.14682388,35.20481491,25.57380676,28.99111938,0.1246573702,1.412437439
2,31.249023434999998,32.365118025,0.8588079661,0.022982600000002407,0.08199310500000223,-0.007123529749999968,30.719841,31.77820587,31.72814178,33.00209427,0.4255944192,1.292021513
2,27.977527615,-24.37407112,0.88968929635,0.02966499500000097,-0.079957959999998,-0.029146059999999974,27.15434074,28.80071449,-25.57658005,-23.17156219,0.3593563437,1.420022249
0,24.6725111,-28.288291934999997,0.8456435875999999,0.002563479999999174,-0.047025675000003986,-0.023118123699999993,23.90226173,25.44276047,-29.83838654,-26.73819733,0.2135896832,1.477697492
1,3.5486539605,5.9206647875,0.765392778615,-0.08466988800000008,-0.08212423350000009,0.023806800804999972,1.88442874,5.212879181,5.152251244,6.689078331,0.04618918523,1.484596372
5,8.0863592625,2.8548009395,1.295779109,-0.1541411875000005,-0.0377850529999999,-0.02101796850000004,7.023718357,9.149000168,2.573090553,3.136511326,1.128124714,1.463433504
