vehicle_id,position_x,position_y,position_z,mvec_x,mvec_y,mvec_z,bbox_x_min,bbox_x_max,bbox_y_min,bbox_y_max,bbox_z_min,bbox_z_max
0,34.76165581,6.437333583499999,0.8786406963000001,0.0436191550000018,0.04608798050000118,0.005247756800000003,33.98377991,35.53953171,4.319228172,8.555438995,0.2923856676,1.464895725
1,31.355495455000003,12.765716075,0.78693844356,0.022174834999997728,0.06584930500000041,-0.012236844330000052,30.69446564,32.01652527,11.34589958,14.18553257,0.09057417512,1.483302712
5,28.03351593,-3.4381514785,0.8042690011,-0.12741661000000093,-0.008468151500000243,0.05722509295,26.46145248,29.60557938,-5.381487846,-1.494815111,0.1405868232,1.467951179
1,23.285500525000003,5.6478118895,0.89739899335,-0.07465076500000123,-0.05286550499999976,-0.09699302539999999,21.67237091,24.89863014,4.92381382,6.371809959,0.3033332527,1.491464734
3,24.47961712,-8.860753536499999,0.8795177489499999,0.018419264999998575,-0.012701511000001275,-0.045782126699999925,23.61365128,25.34558296,-10.5567379,-7.164769173,0.2688654959,1.490170002
2,27.82667923,-9.3621325495,0.88066931075,0.003342624999998378,0.020324467000000013,-0.04130422329999994,26.98713493,28.66622353,-11.65894413,-7.065320969,0.2972667515,1.46407187
