vehicle_id,position_x,position_y,position_z,mvec_x,mvec_y,mvec_z,bbox_x_min,bbox_x_max,bbox_y_min,bbox_y_max,bbox_z_min,bbox_z_max
0,34.981939315,40.924148555,0.7352922558999999,0,0,0,34.68960953,35.2742691,40.45123672,41.39706039,0.5146969557,0.9558875561
0,28.151883124999998,-39.84676552,0.8028539346,0.0075702650000053495,-0.10430145000000124,-0.016101248799999968,27.48262978,28.82113647,-41.55986786,-38.13366318,0.1646845192,1.44102335
1,24.868587495,-42.19360351500001,0.9731368868,0.011052129999999494,-0.05997848499998781,-0.011576607449999998,24.26345253,25.47372246,-43.23121643,-41.1559906,0.4921028316,1.454170942
1,-10.520834447,6.005999565,0.8652400969,-0.03721332549999978,-0.19421768149999963,0.029991581949999957,-11.82769871,-9.213970184,5.239284515,6.772714615,0.2544353008,1.476044893
2,-5.3180699345,2.41378212,0.8424755334499999,-0.014467716499999561,0.008551597499999897,0.029072940300000072,-7.191419601,-3.444720268,1.610122204,3.217442036,0.2339090109,1.451042056
