vehicle_id,position_x,position_y,position_z,mvec_x,mvec_y,mvec_z,bbox_x_min,bbox_x_max,bbox_y_min,bbox_y_max,bbox_z_min,bbox_z_max
0,28.03916359,-47.971721650000006,0.9211124777999999,0.012594224999997294,-0.056221004999997604,-0.009467035549999947,27.39395905,28.68436813,-49.06418991,-46.87925339,0.6077070236,1.234517932
2,24.527820585,-49.25642586,0.8748922943999999,0.008146289999999112,-0.039237974999998926,-0.006140500149999895,24.23477554,24.82086563,-49.92574692,-48.5871048,0.4061371088,1.34364748
1,-18.06683159,5.913247585000001,0.86524814375,-0.023340220000001466,0.012471199500000196,-0.006424099400000105,-19.55505753,-16.57860565,5.247527122,6.578968048,0.2626856565,1.467810631
2,-13.555758,2.519267559,0.9026184083,-0.06505632500000047,0.010154247500000047,-0.019504815450000046,-14.86576271,-12.24575329,1.661429405,3.377105713,0.3574478626,1.447788954
