vehicle_id,position_x,position_y,position_z,mvec_x,mvec_y,mvec_z,bbox_x_min,bbox_x_max,bbox_y_min,bbox_y_max,bbox_z_min,bbox_z_max
0,34.95937538,19.698711395,0.83844997005,0.02510261500000155,-0.6384868600000004,-0.010513067549999922,34.15145874,35.76729202,17.81908798,21.57833481,0.2650612891,1.411838651
2,31.29518795,25.812732695,0.98426902285,0.004868510000001436,0.132761004999999,-0.08004058909999989,30.74638557,31.84399033,24.19525909,27.4302063,0.4879484177,1.480589628
2,27.674912454999998,-17.480335235,0.8519436045,0.026902195000001683,0.006513594999997707,0.027203746250000105,27.00738144,28.34244347,-19.58267593,-15.37799454,0.232433781,1.471453428
0,24.232912065,-20.879119875,0.9137078076499999,0.02677345000000031,-0.05760096999999931,0.0005341470000000959,23.75288391,24.71294022,-22.54855347,-19.20968628,0.3485633433,1.478852272
5,16.949818135,2.2469112875,0.7948455774,0.0068264000000013425,0.0006947514999997573,0.06514339530000002,14.7583704,19.14126587,1.265500546,3.228322029,0.1186771318,1.471014023
1,11.009941103,5.895853996,0.83979059025,-0.10220194000000049,-0.08889865849999978,0.0320962294499999,9.286123276,12.73375893,5.057524681,6.734183311,0.1887016445,1.490879536
