vehicle_id,position_x,position_y,position_z,mvec_x,mvec_y,mvec_z,bbox_x_min,bbox_x_max,bbox_y_min,bbox_y_max,bbox_z_min,bbox_z_max
0,34.748062135,11.9338212015,0.8115759267999999,0.053380965000002334,0.20543241650000077,0.15522655105000005,34.09954071,35.39658356,9.752731323,14.11491108,0.1545857936,1.46856606
1,31.40945816,17.52654266,0.97087521875,-0.07795524499999829,0.04535866000000155,-0.01607541740000007,30.91449547,31.90442085,16.56303024,18.49005508,0.4561465085,1.485603929
2,27.834094049999997,-10.225908758000001,0.743727997175,0.023311615000004338,-0.02350950199999957,0.146337807175,26.97843361,28.68975449,-12.52801514,-7.923802376,0.02488175035,1.462574244
3,24.321785925,-13.183603285,0.78835357707,-0.0038194649999994112,-0.057063105000001,0.10501694693000008,23.68177795,24.9617939,-14.88020992,-11.48699665,0.09166267514,1.485044479
5,24.266572955,0.19600629800000002,0.78867866105,0.05410766500000008,0.14919435999999986,0.011257894500000032,22.19835663,26.33478928,-1.337876797,1.729889393,0.1077313721,1.46962595
1,18.519824025,5.72283268,0.81513109065,-0.08090495500000117,0.11433315250000042,-0.002316460099999973,16.90267372,20.13697433,5.072047234,6.373618126,0.1383766383,1.491885543
