vehicle_id,position_x,position_y,position_z,mvec_x,mvec_y,mvec_z,bbox_x_min,bbox_x_max,bbox_y_min,bbox_y_max,bbox_z_min,bbox_z_max
0,34.728479385,27.30077362,0.9823264779,0.021968839999999545,0.050273895000000124,-0.01923704150000005,34.14400101,35.31295776,25.81195831,28.78958893,0.5832189918,1.381433964
2,31.31894493,32.61845016,0.83867447095,0.02474594000000252,0.09054756500000138,-0.005995631150000014,30.721241,31.91664886,32.01915359,33.21774673,0.4249152839,1.252433658
2,28.021948815000002,-24.57425499,0.8207788917,-0.09231091000000191,-0.06867980500000215,0.07088138129999999,27.15491676,28.88898087,-25.67409515,-23.47441483,0.2506516874,1.390906096
0,24.596717835,-28.43214798,0.8504641131,0.012455940000002386,-0.02481841999999901,0.008031926849999982,23.9081955,25.28524017,-29.83587265,-27.02842331,0.2143341452,1.486594081
1,3.390601337,5.8768353465,0.83692831545,-0.10763788200000013,-0.05754280150000035,0.017053402750000002,1.852172256,4.929030418,5.159902573,6.59376812,0.1884831339,1.485373497
