vehicle_id,position_x,position_y,position_z,mvec_x,mvec_y,mvec_z,bbox_x_min,bbox_x_max,bbox_y_min,bbox_y_max,bbox_z_min,bbox_z_max
0,34.96785164,35.00780296,0.85007403795,0.04373740999999853,0.07792092000000395,-0.008216693800000008,34.19132614,35.74437714,33.68237686,36.33322906,0.3509454429,1.349202633
1,31.155477525000002,39.62693405,0.6522745788,0,0,0,31.04439354,31.26656151,39.53235626,39.72151184,0.3859203458,0.9186288118
0,28.179167745,-32.27544403,0.7955945729,0.02659606999999653,-1.1094799050000006,0.021693021349999952,27.35008621,29.00824928,-33.25680923,-31.29407883,0.2460122108,1.345176935
1,24.777430535,-35.614980700000004,0.9434076396,-0.059630394999999226,-0.054592129999996075,-0.013264194100000015,24.20531273,25.34954834,-36.69480896,-34.53515244,0.3950450122,1.491770267
1,-4.27332747,5.9170227055,0.8943696914,-0.08869016149999975,-0.02184200350000065,-0.045370727550000045,-5.970220566,-2.576434374,5.177773476,6.656271935,0.3029424548,1.485796928
2,1.2017629145,2.4834966659999997,0.8615053146999999,-0.18203139299999993,0.05491566650000035,0.00035953500000018845,-1.011428118,3.414953947,1.590717793,3.376275539,0.2531009614,1.469909668
