vehicle_id,position_x,position_y,position_z,mvec_x,mvec_y,mvec_z,bbox_x_min,bbox_x_max,bbox_y_min,bbox_y_max,bbox_z_min,bbox_z_max
0,34.81348419,14.2441082,0.8627879023999999,0.05334281999999746,0.07126713000000073,-0.005292773149999874,34.13945007,35.48751831,12.01616669,16.47204971,0.2889114618,1.436664343
1,31.406383515,20.42341995,0.8891567587,0.020236014999998275,0.024690629999998492,-0.008868679199999896,30.71730423,32.0954628,18.91854858,21.92829132,0.2903203964,1.487993121
2,27.881620405,-11.904192923,0.84786618475,0.006373410000001911,-0.00022268200000041816,-0.01553275385000008,26.92310905,28.84013176,-14.05950546,-9.748880386,0.2358153015,1.459917068
3,24.34514618,-15.401631830000001,0.8660895601999999,0.15258311999999918,-0.06505394499999895,-0.06958246994999995,23.70155525,24.98873711,-17.1392498,-13.66401386,0.2464229614,1.485756159
5,22.41069317,1.22083306292,0.8309883698,-0.10653686499999893,0.12525403523,-0.055684614664999965,20.17927742,24.64210892,-0.01128196716,2.452948093,0.1909403056,1.471036434
1,16.47347975,5.7618994709999996,0.81532347925,-0.13607501999999982,0.040152073000000676,0.04163923139999992,14.73350239,18.21345711,5.059451103,6.464347839,0.1424081475,1.488238811
