vehicle_id,position_x,position_y,position_z,mvec_x,mvec_y,mvec_z,bbox_x_min,bbox_x_max,bbox_y_min,bbox_y_max,bbox_z_min,bbox_z_max
0,34.981611255,8.9193162905,0.81175833205,-0.2071895650000002,0.09048080450000029,-0.004023268750000031,34.09656525,35.86665726,6.676427841,11.16220474,0.1557704061,1.467746258
1,31.31082821,15.007745264999999,0.8335420341,0.014195439999998172,0.04615974500000242,-0.0033650177500000877,30.70876694,31.91288948,13.51668453,16.498806,0.1894126832,1.477671385
5,26.67783165,-1.6640856266,0.8674498051999999,0.01859760499999652,0.18013048154999978,-0.07705146099999993,24.73014641,28.62551689,-3.540002346,0.2118310928,0.2644500434,1.470449567
3,24.506464955,-10.455466271999999,0.8390384763500001,-0.15743923000000137,-0.27935743400000135,0.06282839179999988,23.6791172,25.33381271,-11.9927578,-8.918174744,0.1926550567,1.485421896
1,21.43868065,5.669253826,0.81672578315,-0.0860118899999982,0.02996969199999988,0.0005489513499999932,19.85623741,23.02112389,4.932362556,6.406145096,0.1440210193,1.489430547
2,27.82667923,-9.3621325495,0.88066931075,0.003342624999998378,0.020324467000000013,-0.04130422329999994,26.98713493,28.66622353,-11.65894413,-7.065320969,0.2972667515,1.46407187
