vehicle_id,position_x,position_y,position_z,mvec_x,mvec_y,mvec_z,bbox_x_min,bbox_x_max,bbox_y_min,bbox_y_max,bbox_z_min,bbox_z_max
0,28.273667335,-45.86965942,0.77227365965,0.029936790000000713,-0.0970191999999983,-0.011348843400000086,27.56427956,28.98305511,-46.61990356,-45.11941528,0.3401737213,1.204373598
2,24.807157515,-48.450922015,0.7890373991999999,0.013443949999999205,-0.04798126000000025,-0.004160669100000014,24.06580925,25.54850578,-49.1706543,-47.73118973,0.1260590404,1.452015758
1,-16.52262449,5.97299242,0.8385311215,0.17155503999999766,0.11307048799999997,-0.03932052075000003,-17.5089817,-15.53626728,5.197404861,6.748579979,0.256570667,1.420491576
2,-11.982861515,2.5343806745,0.84557704625,-0.043294434999999964,0.03413343450000017,0.012897297700000032,-13.57999992,-10.38572311,1.577578545,3.491182804,0.2517214715,1.439432621
