vehicle_id,position_x,position_y,position_z,mvec_x,mvec_y,mvec_z,bbox_x_min,bbox_x_max,bbox_y_min,bbox_y_max,bbox_z_min,bbox_z_max
0,34.820508955,13.18100834,0.9089912176999999,-0.009206769999998698,0.0012841199999993336,-0.03636598614999986,34.1220932,35.51892471,10.97771931,15.38429737,0.3764293194,1.441553116
1,31.305699349999998,18.69895363,0.9214149716,-0.0523529099999962,0.551773070000003,-0.1466510111549999,30.85873413,31.75266457,17.77591324,19.62199402,0.3583686352,1.484461308
2,27.837319375,-11.1397881505,0.87651954575,-0.07176875999999766,-0.15381049950000047,-0.09088928210000002,26.98820305,28.6864357,-13.38424015,-8.895336151,0.3085620105,1.444477081
3,24.36480236,-14.202513695,0.8415478992,0.07452297500000071,-0.05158948499999916,-0.0021635966999999923,23.69229698,25.03730774,-15.71179867,-12.69322872,0.1989551634,1.484140635
5,23.28740978,0.81098818795,0.7758908197300001,-0.15540218500000336,0.07968640314999986,-0.005583588120000038,21.1048851,25.46993446,-0.5008401871,2.122816563,0.08019052446,1.471591115
1,17.41971016,5.768607616000001,0.85843347005,-0.12124443000000085,0.045791149499999406,-0.05884273345000002,15.73918724,19.10023308,5.046048164,6.491167068,0.2269543111,1.489912629
