vehicle_id,position_x,position_y,position_z,mvec_x,mvec_y,mvec_z,bbox_x_min,bbox_x_max,bbox_y_min,bbox_y_max,bbox_z_min,bbox_z_max
0,28.370404245,-46.16477013,0.73386538035,0.03581141999999815,-0.09798239999999936,-0.013265878150000021,27.63330269,29.1075058,-46.84006882,-45.48947144,0.2980874777,1.169643283
2,24.87211323,-48.589286805,0.7631349562049999,-0.07154750999999848,-0.04585837999999853,-0.011086899469999967,24.09137726,25.6528492,-49.29079437,-47.88777924,0.09148895741,1.434780955
1,-16.620837690000002,5.794397354,0.8636693062,-0.039289469999996385,0.013995171000000362,-0.007495254600000001,-17.50950623,-15.73216915,5.197254181,6.391540527,0.3069561124,1.4203825
2,-11.84899187,2.404140472,0.9349309654,-0.05398654999999941,0.010310173000000145,-0.019489466999999983,-12.99829483,-10.69968891,1.653824329,3.154456615,0.4547577798,1.415104151
