vehicle_id,position_x,position_y,position_z,mvec_x,mvec_y,mvec_z,bbox_x_min,bbox_x_max,bbox_y_min,bbox_y_max,bbox_z_min,bbox_z_max
0,35.11050415,44.93269348,0.5544730872,0,0,0,34.94174957,35.27925873,44.73287964,45.13250732,0.2647942007,0.8441519737
0,28.10899258,-43.7843647,0.9231330605499999,-0.020436289999999246,-0.051031109999996715,-0.00255566854999989,27.450243,28.76774216,-45.14788437,-42.42084503,0.4096754491,1.436590672
1,-14.185353755000001,5.8534116745,0.737245727395,-0.0791368499999976,0.014775752999999447,-0.01580606774500004,-14.97981262,-13.39089489,5.201779366,6.505043983,0.06616423279,1.408327222
2,-9.2970154305,2.4937808515,0.8620207756,-0.050787207000000834,0.013086796000000067,-0.0018322465000000232,-10.87304974,-7.720981121,1.645591736,3.341969967,0.2578586042,1.466182947
