vehicle_id,position_x,position_y,position_z,mvec_x,mvec_y,mvec_z,bbox_x_min,bbox_x_max,bbox_y_min,bbox_y_max,bbox_z_min,bbox_z_max
0,34.953893660000006,35.426942825,1.040496409,0.03625488499999108,0.06679725499999734,-0.012013226799999943,34.42950821,35.47827911,34.47092438,36.38296127,0.740067482,1.340925336
0,28.118894580000003,-33.541748049999995,0.940942809,0.026756284999997604,-0.043392180000005,-0.002983719200000068,27.33597565,28.90181351,-35.13266373,-31.95083237,0.418722719,1.463162899
1,24.810729985000002,-36.07882118,0.9741653353499999,0.01920604499999712,-0.08322907000000157,-0.015301927899999956,24.15876389,25.46269608,-36.89219284,-35.26544952,0.4953099787,1.453020692
1,-4.835721850500001,5.8687710765,0.83734164395,-0.04141235349999928,0.04185962649999997,-0.06843681634999998,-6.368801117,-3.302642584,5.206636429,6.530905724,0.1875766069,1.487106681
2,0.5206783415000001,2.494164944,0.85762573805,0.006143748499999879,-0.02131581349999978,-0.00024315004999997392,-1.652464032,2.693820715,1.588819504,3.399510384,0.2451449931,1.470106483
