vehicle_id,position_x,position_y,position_z,mvec_x,mvec_y,mvec_z,bbox_x_min,bbox_x_max,bbox_y_min,bbox_y_max,bbox_z_min,bbox_z_max
0,35.04574013,39.716482165,0.599538028455,-0.14024734999999566,0.10158538499999992,-0.013702876989999946,34.14187241,35.94960785,39.04066086,40.39230347,0.08568739891,1.113388658
0,28.17201805,-37.65575218,0.9132953285000001,0.01036358000000348,-0.08030891499999626,-0.017042636800000066,27.45299339,28.89104271,-38.64655685,-36.66494751,0.492762804,1.333827853
1,24.978326799999998,-41.332113265000004,0.8474908771499999,-0.024274829999995973,-0.13792419499999653,-0.017102882499999916,24.23424721,25.72240639,-42.78271103,-39.8815155,0.2802268863,1.414754868
1,-9.100543977000001,5.8637304305,0.90536773225,-0.0470061304999998,0.009451866499999184,-0.01463761940000008,-10.37517071,-7.825917244,5.324477196,6.402983665,0.3321015835,1.478633881
2,-3.649500251,2.4610853195,0.8785782159,-0.03950154750000001,0.009549856500000065,0.03990447534999997,-5.283724785,-2.015275717,1.607025623,3.315145016,0.2873863578,1.469770074
