vehicle_id,position_x,position_y,position_z,mvec_x,mvec_y,mvec_z,bbox_x_min,bbox_x_max,bbox_y_min,bbox_y_max,bbox_z_min,bbox_z_max
0,34.625211715,19.91544151,0.9735747276,0.025348665000002768,0.030115129999998658,-0.02290678005000002,34.14312363,35.1072998,18.04895782,21.7819252,0.5733613372,1.373788118
2,31.328454015,26.046781539999998,0.90590135745,0.013511659999998926,0.04911232000000254,-0.0016599444999999546,30.7251091,31.93179893,24.47687149,27.61669159,0.3215989769,1.490203738
2,27.78599167,-17.55118418,0.85290692755,0.06057357999999624,-0.03584622999999709,-0.01083827039999996,27.06557083,28.50641251,-19.39179993,-15.71056843,0.2397273481,1.466086507
0,24.317074775000002,-21.039448739999997,0.8932145982,0.0038719199999981413,-0.12313556500000189,-0.13157607040500008,23.75846481,24.87568474,-22.55968857,-19.51920891,0.2995934784,1.486835718
5,16.743204115,2.2707390785,0.8508603424500001,-0.05488920000000164,0.018728494499999915,-0.03260651250000013,14.57217216,18.91423607,1.284547329,3.256930828,0.2308313549,1.47088933
1,10.698320867,5.9294428825,0.83109142655,-0.09477281850000097,0.05003070849999958,-0.020156920400000056,8.955952644,12.44068909,5.06778717,6.791098595,0.1725166291,1.489666224
