vehicle_id,position_x,position_y,position_z,mvec_x,mvec_y,mvec_z,bbox_x_min,bbox_x_max,bbox_y_min,bbox_y_max,bbox_z_min,bbox_z_max
0,34.750448225,27.351047515,0.9630894364,0.015216829999999959,0.38894653499999876,0.017259865750000047,34.15046692,35.35042953,25.90778351,28.79431152,0.5590193868,1.367159486
2,31.343690870000003,32.708997725,0.8326788398,0.029771804999995766,0.09054756499999428,-0.008421376700000094,30.71876144,31.9686203,32.12839508,33.28960037,0.4261117876,1.239245892
2,27.929637905,-24.642934795000002,0.891660273,0.034037590000000506,-0.632236485,-0.05983245344999988,27.16967773,28.68959808,-25.71643066,-23.56943893,0.405056715,1.378263831
0,24.609173775000002,-28.4569664,0.85849603995,0.03632926999999597,-0.010295870000000207,0.018842310050000033,23.90633583,25.31201172,-29.78875351,-27.12517929,0.2282834649,1.488708615
1,3.282963455,5.819292545,0.8539817182,-0.04904925849999975,0.02168369349999999,-0.015804901550000028,1.755308986,4.810617924,5.147297859,6.491287231,0.2220012844,1.485962152
5,7.7993409635,2.7722899915,1.292605102,0,0,0,6.528105259,9.070576668,2.318581581,3.225998402,1.12603116,1.459179044
