vehicle_id,position_x,position_y,position_z,mvec_x,mvec_y,mvec_z,bbox_x_min,bbox_x_max,bbox_y_min,bbox_y_max,bbox_z_min,bbox_z_max
0,34.804260255,20.16701889,0.8686809242,0.040689464999999814,0.054327009999997955,-0.011357918549999901,34.14884949,35.45967102,18.64161301,21.69242477,0.2754418254,1.461920023
2,31.408522605,26.31062317,0.8496447055999999,0.014092444999995735,0.05438995000000091,-0.10720575605499993,30.72110939,32.09593582,25.07897949,27.54226685,0.2486033142,1.450686097
2,27.84000778,-18.375729565,0.7916678042999999,0.03621005999999838,-0.028499599999996406,0.061953551950000074,27.02694511,28.65307045,-20.40598679,-16.34547234,0.1286552846,1.454680324
0,24.297620775,-21.409343720000003,0.8578404935,-0.001167299999998761,-0.8100452449999977,0.06692652359999995,23.76040459,24.83483696,-22.49670029,-20.32198715,0.232722789,1.482958198
1,10.1211485855,5.8351683615,0.80140491955,-0.14447212249999986,0.021326541999999726,0.02174274239999996,8.391048431,11.85124874,5.090299606,6.580037117,0.1157390401,1.487070799
5,16.237916945000002,2.3119783405,0.8570458814,-0.027054310000004023,0.023317336499999897,0.03628806014999997,14.19347191,18.28236198,1.34450388,3.279452801,0.2439057678,1.470185995
