vehicle_id,position_x,position_y,position_z,mvec_x,mvec_y,mvec_z,bbox_x_min,bbox_x_max,bbox_y_min,bbox_y_max,bbox_z_min,bbox_z_max
0,34.898096085,19.5955658,0.8621257245,0.06210327000000149,0.02274894500000002,-0.004403933750000033,34.14608765,35.65010452,17.53326035,21.65787125,0.292452395,1.431799054
2,31.199892995,25.347743985,1.00329387185,0.04396725000000146,0.03314400000000006,-0.00941905395000009,30.63785934,31.76192665,24.03087234,26.66461563,0.5324801207,1.474107623
2,27.84911728,-17.31150532,0.8908951433000001,-0.19627857000000049,-0.19052314500000378,-0.15049405246500003,27.05042267,28.64781189,-19.44883728,-15.17417336,0.3121257126,1.469664574
0,24.175854685,-20.741150855,0.8841607122499999,0.03301429499999742,-0.09586810999999784,-0.026443227999999874,23.74059296,24.61111641,-22.47782135,-19.00448036,0.2950794995,1.473241925
5,17.171913145,2.2313380240000003,0.86828662465,-0.06769800000000004,0.07854938549999968,-0.0016194135499999485,14.94249153,19.40133476,1.269944191,3.192731857,0.2662809193,1.47029233
1,11.208864212000002,5.7635388375,0.846891634,-0.14347171550000226,0.04913234699999958,-0.01716566070000003,9.619454384,12.79827404,5.057155609,6.469922066,0.202862367,1.490920901
