vehicle_id,position_x,position_y,position_z,mvec_x,mvec_y,mvec_z,bbox_x_min,bbox_x_max,bbox_y_min,bbox_y_max,bbox_z_min,bbox_z_max
0,34.796770095,31.05316162,0.82897563285,0.04036713000000702,0.08113479499999698,-0.017198532799999944,34.40251541,35.19102478,30.1014061,32.00491714,0.3383593857,1.31959188
0,27.855742454999998,-29.075864795,0.894553587,0.009820940000004441,-0.10049628999999882,-0.019753858449999995,27.26726151,28.4442234,-30.36219788,-27.78953171,0.353743881,1.435363293
1,24.628264424999998,-32.216054915,1.0234351157,-0.04812335499999776,-0.06295204500000295,-0.016239374500000014,24.12774467,25.12878418,-33.25003433,-31.1820755,0.5573972464,1.489472985
1,-0.7802540364499999,5.883254528,0.8774364290500001,-0.08978852604999998,-0.05168581000000039,-0.1256544474650001,-2.342752934,0.7822448611,5.159263611,6.607245445,0.2709185481,1.48395431
2,4.5369051695,2.5018794535,0.88873586045,-0.08874583199999986,0.01174521499999992,-0.03899813419999998,2.342431784,6.731378555,1.566776752,3.436982155,0.3101273179,1.467344403
