vehicle_id,position_x,position_y,position_z,mvec_x,mvec_y,mvec_z,bbox_x_min,bbox_x_max,bbox_y_min,bbox_y_max,bbox_z_min,bbox_z_max
0,34.954959869999996,39.260564805,0.7940072268,0.012760160000006238,0.08869933999999802,-0.015184134149999973,34.14207077,35.76784897,38.48825073,40.03287888,0.4182867706,1.169727683
0,28.40050602,-37.270376205000005,0.8078883214,0.004515644999997903,-0.06724357999999597,-0.058477822700000015,27.5511055,29.24990654,-38.35316849,-36.18758392,0.2262382358,1.389538407
1,24.918287275,-40.238069535,0.92116184535,0.028326034999999194,-0.0792465200000052,-0.012744158549999995,24.30091476,25.53565979,-41.09397125,-39.38216782,0.3783252537,1.463998437
1,-8.5859413145,5.9652285575,0.7667628674250001,-0.3504309660000011,-0.0166015625,0.1472098383249999,-9.813023567,-7.358859062,5.221419334,6.709037781,0.05403366685,1.479492068
2,-3.2495100494999996,2.4582300185,0.8386688977500001,-0.03658354300000077,0.07257175449999975,-0.0007205009500002024,-5.011407852,-1.487612247,1.606921196,3.309538841,0.2095504105,1.467787385
