vehicle_id,position_x,position_y,position_z,mvec_x,mvec_y,mvec_z,bbox_x_min,bbox_x_max,bbox_y_min,bbox_y_max,bbox_z_min,bbox_z_max
0,31.041349410000002,53.461597440000006,0.61321431395,0,0,0,30.91326523,31.16943359,53.35015869,53.57303619,0.2667623758,0.9596662521
2,24.48453808,-49.04850006,0.90750455865,0.008957859999998874,-0.04302787499999994,-0.006757661749999921,24.18943024,24.77964592,-49.7310791,-48.36592102,0.4434250593,1.371584058
1,-17.069044115,5.8666014675,0.80956254925,-0.04828738999999871,0.005155562999999752,-0.011151798300000015,-17.81094742,-16.32714081,5.211693764,6.521509171,0.2597486675,1.359376431
2,-13.29517603,2.4997284415,0.98849228005,-0.04601096999999932,0.0072164535000003305,-0.01864646364999989,-14.84055996,-11.7497921,1.675869465,3.323587418,0.5148381591,1.462146401
0,27.986921315,-47.81134224,0.9486770630999999,0.013475414999998492,-0.03867912500000159,-0.006699412949999872,27.38784409,28.58599854,-49.08346176,-46.53922272,0.6657047272,1.231649399
