vehicle_id,position_x,position_y,position_z,mvec_x,mvec_y,mvec_z,bbox_x_min,bbox_x_max,bbox_y_min,bbox_y_max,bbox_z_min,bbox_z_max
0,34.790166854999995,32.699956895,0.8903715311,0.04006385499999965,0.0615882900000031,-0.007653042750000005,34.08543777,35.49489594,31.63279724,33.76711655,0.3908970952,1.389845967
1,31.298232075,38.098817825,0.7112408428,0.10294246999999856,0.0741558100000006,-0.013342663600000026,30.71994209,31.87652206,37.52612305,38.6715126,0.3319804966,1.090501189
0,28.079211235,-30.963823319999996,0.8482431620499999,0.03507709500000189,-0.06815910500000655,-0.09165623422999991,27.31934547,28.839077,-32.71383286,-29.21381378,0.2717326581,1.424753666
1,24.728180885,-34.05376053,0.708017826145,0.09075451000000001,0.6987934149999973,0.17171008890499995,24.06776428,25.38859749,-35.52531815,-32.58220291,0.06108188629,1.354953766
1,-2.1497908833,5.995384693,0.88750313235,-0.04274463609999968,0.012506484999999401,-0.08756092555000006,-3.690804482,-0.6087772846,5.175722122,6.815047264,0.2912938297,1.483712435
2,3.12840476615,2.4963407515,0.86809466795,0.04207104475000012,-0.0024809834999999225,-0.0015202912500000831,0.7995479703,5.457261562,1.586836338,3.405845165,0.2665908039,1.469598532
