vehicle_id,position_x,position_y,position_z,mvec_x,mvec_y,mvec_z,bbox_x_min,bbox_x_max,bbox_y_min,bbox_y_max,bbox_z_min,bbox_z_max
0,34.81211662,23.317192079999998,0.90986393415,0.04780006500000411,0.05930519000000345,-0.0050756633500000925,34.1595993,35.46463394,21.62604523,25.00833893,0.3601747453,1.459553123
2,31.60734463,29.06283951,0.857828334,-0.19450188000000068,0.03310203500000242,0.2009604424000001,30.87639809,32.33829117,28.01761246,30.10806656,0.243640691,1.472015977
2,27.89060879,-21.108133315,0.85460673295,0.02677058999999815,-0.0037078850000007435,0.01511326430000004,27.09051514,28.69070244,-22.84016418,-19.37610245,0.2614611089,1.447752357
0,24.48618984,-24.459798810000002,0.9021552801,0.024567604999997883,-0.050680164999995725,0.007402732899999931,23.81103134,25.16134834,-25.93891525,-22.98068237,0.3185520172,1.485758543
1,7.3164658545000005,5.81949234,0.85909248875,-0.09597063050000099,0.02302217499999948,-0.05629141255000003,5.647249222,8.985682487,5.112925529,6.526059151,0.2307442725,1.487440705
5,14.44588709,3.1932723525,0.8835629522499999,-0.09834289499999826,0.03914451599999946,-0.008440554049999882,13.76382923,15.12794495,2.993918419,3.392626286,0.7684114575,0.998714447
