vehicle_id,position_x,position_y,position_z,mvec_x,mvec_y,mvec_z,bbox_x_min,bbox_x_max,bbox_y_min,bbox_y_max,bbox_z_min,bbox_z_max
0,34.834095,6.403661489499999,0.8834197668,0.028264999999997542,0.007059812500001428,-0.06697552610000002,34.07808685,35.59010315,4.176926136,8.630396843,0.3274083436,1.43943119
1,31.31613445,12.45028067,0.9316549597499999,-4.57750000002477e-05,0.24795674500000153,-0.0311381517499999,30.73267555,31.89959335,11.25456429,13.64599705,0.3867455125,1.476564407
5,27.993323330000003,-3.407310963,0.75828288851,0.009193414999998595,-0.018353938500000222,0.046694051490000055,26.55792809,29.42871857,-5.381583214,-1.433038712,0.06074927002,1.455816507
1,23.495673179999997,5.672328472,0.8752118946,-0.1797466299999968,-0.006239890999999886,0.0004666295999999903,21.83180237,25.15954399,4.910313606,6.434343338,0.2629998922,1.487423897
3,24.371330264999997,-8.5674581535,0.8480694890999999,0.014183040000002478,-0.2568221079999997,-0.002086982049999908,23.680439,25.06222153,-10.11251259,-7.022403717,0.2020058632,1.494133115
2,27.82667923,-9.3621325495,0.88066931075,0.003342624999998378,0.020324467000000013,-0.04130422329999994,26.98713493,28.66622353,-11.65894413,-7.065320969,0.2972667515,1.46407187
