vehicle_id,position_x,position_y,position_z,mvec_x,mvec_y,mvec_z,bbox_x_min,bbox_x_max,bbox_y_min,bbox_y_max,bbox_z_min,bbox_z_max
0,34.83994675,8.4395146395,0.7573926353949999,0.06499671499999948,-0.02579975400000123,0.11962633800500011,34.07292557,35.60696793,6.338740349,10.54028893,0.04408536479,1.470699906
1,31.237805365,14.81716204,0.8363867699,0.026486399999999577,0.03259848999999981,0.00041507205000002045,30.68871689,31.78689384,13.22394276,16.41038132,0.1902506948,1.482522845
5,26.886930465,-1.8269156218,0.74258108057,-0.09090614499999816,-0.011793017250000037,0.041862401940000016,25.06303787,28.71082306,-3.540001154,-0.1138300896,0.02385320514,1.461308956
3,24.382404325000003,-10.306169985,0.85549983365,0.0014219299999957968,-0.029753684499999267,0.007873073599999891,23.68934631,25.07546234,-11.96475887,-8.6475811,0.2220290303,1.488970637
1,21.85991669,5.6864056585,0.8888708057000001,-0.08903789999999745,-0.004852294500000021,-0.044373661500000106,20.22478676,23.49504662,4.985625267,6.38718605,0.2862190604,1.491522551
2,27.82667923,-9.3621325495,0.88066931075,0.003342624999998378,0.020324467000000013,-0.04130422329999994,26.98713493,28.66622353,-11.65894413,-7.065320969,0.2972667515,1.46407187
