vehicle_id,position_x,position_y,position_z,mvec_x,mvec_y,mvec_z,bbox_x_min,bbox_x_max,bbox_y_min,bbox_y_max,bbox_z_min,bbox_z_max
0,28.37438297,-50.78059769,0.741687510145,-0.30449771499999656,-0.04538344999999566,0.244780000055,27.58256149,29.16620445,-51.9176178,-49.64357758,0.05948478729,1.423890233
1,-18.928209305,5.8716988565,1.16770130415,-0.002821919999998812,0.0007920264999992099,-0.0016187135000000907,-20.34260178,-17.51381683,5.29129982,6.452097893,0.8511742353,1.484228373
2,-16.46422291,2.4900245665,0.9730297925,-0.027010915000001745,0.005642176000000276,-0.011629432499999925,-18.01676178,-14.91168404,1.655540466,3.324508667,0.549317956,1.396741629
