vehicle_id,position_x,position_y,position_z,mvec_x,mvec_y,mvec_z,bbox_x_min,bbox_x_max,bbox_y_min,bbox_y_max,bbox_z_min,bbox_z_max
0,34.946449279999996,17.746486665,0.85924740155,-0.31749534499999754,0.8208541850000017,0.0005511492999999978,34.15682983,35.73606873,16.60286331,18.89011002,0.3154250681,1.403069735
2,31.558032989999997,24.24098015,0.77074328795,-0.33474063999999615,0.048736570000002644,0.10961476709999995,30.72406769,32.39199829,22.97006607,25.51189423,0.2274969369,1.313989639
2,27.751326560000003,-16.359460355,0.86023683855,0.10957431999999656,-0.028567790000000315,-0.050911702199999964,27.01161957,28.49103355,-18.54604912,-14.17287159,0.2599332631,1.460540414
3,24.55661011,-19.635371210000002,0.79973808675,-0.13537979000000178,-0.050600049999996344,0.10646440839999993,23.77425957,25.33896065,-21.2479744,-18.02276802,0.1377782375,1.461697936
5,18.10231972,2.2076923845,0.75194732453,-0.11147356500000072,0.00257921250000015,0.07542601606999999,15.80751038,20.39712906,1.221642017,3.193742752,0.03397449106,1.469920158
1,12.192069055000001,5.8442225455,0.8139433039999999,-0.05629492000000269,-0.06974029549999994,-0.0005386694499999178,10.47496414,13.90917397,5.124281883,6.564163208,0.136963442,1.490923166
