vehicle_id,position_x,position_y,position_z,mvec_x,mvec_y,mvec_z,bbox_x_min,bbox_x_max,bbox_y_min,bbox_y_max,bbox_z_min,bbox_z_max
0,28.03597069,-50.70764542,0.9995205106,0,0,0,27.66311264,28.40882874,-51.47655106,-49.93873978,0.5151942372,1.483846784
1,-18.928826334999997,5.8969087605,1.09208160625,0.016675949999999773,-0.007143974999999081,0.0014171603999999505,-20.49746895,-17.36018372,5.23639679,6.557420731,0.5598419905,1.624321222
2,-16.76084471,2.451781511,1.1673861148,0.024858475000002045,-0.0037453169999999147,0.004509538049999984,-18.25046349,-15.27122593,1.674037933,3.229525089,0.6324768066,1.702295423
0,25.044718744999997,-50.605895995,1.5440950390000001,0,0,0,24.83177567,25.25766182,-51.23437881,-49.97741318,1.336233258,1.75195682
