vehicle_id,position_x,position_y,position_z,mvec_x,mvec_y,mvec_z,bbox_x_min,bbox_x_max,bbox_y_min,bbox_y_max,bbox_z_min,bbox_z_max
0,28.100881575000002,-48.429618835,0.8453515022,0.0018110299999989365,-0.08948707500000097,-0.01447156049999998,27.39628601,28.80547714,-49.27791595,-47.58132172,0.4879481494,1.202754855
2,24.582971575000002,-49.521450044999995,0.8332829773999999,0.007583614999997934,-0.03647231500001169,-0.005744025099999939,24.2932663,24.87267685,-50.17045975,-48.87244034,0.3580332398,1.308532715
1,-18.5349865,5.777328014,0.8247676419000001,-0.02270698500000279,0.005214691999999133,-0.005054742050000005,-20.17944527,-16.89052773,5.217370033,6.337285995,0.1763751358,1.473160148
2,-14.024590015000001,2.6255500315,0.8380468188,-0.07825326499999896,0.025636435000000013,-0.02084471269999999,-15.09906864,-12.95011139,1.768479347,3.482620716,0.2794917226,1.396601915
