vehicle_id,position_x,position_y,position_z,mvec_x,mvec_y,mvec_z,bbox_x_min,bbox_x_max,bbox_y_min,bbox_y_max,bbox_z_min,bbox_z_max
0,34.937927245,28.04304886,0.833069913,0.033267975000001115,0.0722351050000043,0.04975458219999995,34.16331482,35.71253967,26.74267197,29.34342575,0.213800177,1.452339649
1,31.17598057,34.328382495,0.70081686995,0.06503963500000154,0.10269355500000188,-0.011924080850000074,30.74101448,31.61094666,32.95753098,35.69923401,0.1522092819,1.249424458
0,24.61859226,-29.168821335,0.9748699815,0.018351559999999267,-0.044321059999997914,-0.01048800375000003,24.05555725,25.18162727,-30.41575241,-27.92189026,0.470618993,1.47912097
1,2.51568254815,5.8562574385,0.8761821238,-0.042568296149999796,-0.02690362899999954,0.0009046945499999737,0.9983589053,4.033006191,5.160770416,6.551744461,0.2702929676,1.48207128
2,7.185377121,2.65373826,1.25249058,-0.07538604750000033,-0.007125377499999974,0.0003153680000000936,5.789473534,8.581280708,1.880114555,3.427361965,1.039450407,1.465530753
