vehicle_id,position_x,position_y,position_z,mvec_x,mvec_y,mvec_z,bbox_x_min,bbox_x_max,bbox_y_min,bbox_y_max,bbox_z_min,bbox_z_max
0,34.82991409,7.6719141005,0.91108745345,0.029670719999998596,-0.05550527550000073,-0.0179827065,34.08825302,35.57157516,5.521793365,9.822034836,0.3532472849,1.468927622
1,31.32608414,13.758350375,0.9006967097499999,0.007577890000000309,0.029575345000001363,-0.05229960379999998,30.70663834,31.94552994,12.29836369,15.21833706,0.3152424395,1.48615098
5,27.64780712,-2.59642875205,0.8104304001,-0.31124209999999763,-0.0018780229000001647,-0.015641055849999974,25.76108932,29.53452492,-4.443608761,-0.7492487431,0.1492321342,1.471628666
3,24.32382488,-9.4499275695,0.895622656,0.02545929000000058,-0.2550392129999999,-0.06815418630000003,23.6309185,25.01673126,-10.98449135,-7.915363789,0.299777478,1.491467834
1,22.532819744999998,5.7619495395,0.775112388535,0.006617550000001415,0.0020189285000000723,-0.00011565534499990981,20.94466972,24.12096977,4.890286446,6.633612633,0.06051599607,1.489708781
2,27.82667923,-9.3621325495,0.88066931075,0.003342624999998378,0.020324467000000013,-0.04130422329999994,26.98713493,28.66622353,-11.65894413,-7.065320969,0.2972667515,1.46407187
