vehicle_id,position_x,position_y,position_z,mvec_x,mvec_y,mvec_z,bbox_x_min,bbox_x_max,bbox_y_min,bbox_y_max,bbox_z_min,bbox_z_max
0,35.000776295,30.21372795,0.76541303464,0.051376339999997356,0.07523918000000052,-0.021998042089999892,34.1579361,35.84361649,29.01677322,31.41068268,0.09955332428,1.431272745
1,31.34025383,36.039606094999996,0.8373570667000001,0.022764204999997872,0.0519733450000075,0.0004175080499998485,30.72008514,31.96042252,34.97255325,37.10665894,0.1878883094,1.486825824
0,27.467968945,-27.8554039,0.8423414675,0.009984010000000154,-0.045915605000001136,-0.008738145200000047,27.24908257,27.68685532,-28.86406326,-26.84674454,0.278516382,1.406166553
1,24.680169105,-31.144990919999998,0.98057885475,0.01693057999999681,-0.05685424500000025,-0.016041144749999958,24.10305023,25.25728798,-32.29352951,-29.99645233,0.4856820405,1.475475669
1,0.28208005449999995,5.9702281955,0.880049199,-0.03717720550000003,0.014874458000000423,-0.025948077350000043,-1.380149126,1.944309235,5.165866852,6.774589539,0.271645844,1.488452554
2,5.5830574035,2.5086877345,1.0073139667,-0.12340140349999906,-0.0965301985,0.057768315350000154,3.550920963,7.615193844,1.580034256,3.437341213,0.5435568094,1.471071124
