vehicle_id,position_x,position_y,position_z,mvec_x,mvec_y,mvec_z,bbox_x_min,bbox_x_max,bbox_y_min,bbox_y_max,bbox_z_min,bbox_z_max
0,34.803760525,7.425884246499999,0.88514964295,0.026153565000001322,0.24602985400000144,0.02593781049999999,34.07548904,35.53203201,5.485311508,9.366456985,0.3022682369,1.468031049
1,31.29358387,13.678089620000002,0.8628399594,0.03250026999999989,0.08026075499999763,0.03785675034999991,30.69182014,31.8953476,12.23971176,15.11646748,0.2428665608,1.482813358
5,27.69978809,-2.616378784,0.8186149152,-0.051980969999998905,0.019950031950000113,-0.008184515099999956,25.81130981,29.58826637,-4.436632156,-0.796125412,0.1710181534,1.466211677
3,24.342235565,-9.418703081,0.87015022325,-0.018410684999999205,-0.03122448849999948,0.025472432749999996,23.68600464,24.99846649,-10.98316193,-7.854244232,0.2586456835,1.481654763
1,22.555786134999998,5.602705002,0.8516997696499999,-0.02296639000000056,0.15924453749999934,-0.07658738111499996,21.01146317,24.1001091,4.932607651,6.272802353,0.2159739733,1.487425566
2,27.82667923,-9.3621325495,0.88066931075,0.003342624999998378,0.020324467000000013,-0.04130422329999994,26.98713493,28.66622353,-11.65894413,-7.065320969,0.2972667515,1.46407187
