vehicle_id,position_x,position_y,position_z,mvec_x,mvec_y,mvec_z,bbox_x_min,bbox_x_max,bbox_y_min,bbox_y_max,bbox_z_min,bbox_z_max
0,28.2855463,-50.586112975,0.7840788699500001,0.022564889999998172,-0.05194664000000415,-0.0106454156500001,27.51862144,29.05247116,-51.76292038,-49.40930557,0.1232376769,1.444920063
2,-16.375284195,2.463290453,0.86302684245,-0.011373044999999138,0.00764656050000001,-0.013398781450000063,-18.12885475,-14.62171364,1.649852276,3.27672863,0.3042344749,1.42181921
1,-19.011666295,5.698035239999999,1.217331141,0.0858316400000021,0.17302656200000044,-0.04829150410000005,-20.33779716,-17.68553543,5.290099144,6.105971336,0.94641608,1.488246202
