vehicle_id,position_x,position_y,position_z,mvec_x,mvec_y,mvec_z,bbox_x_min,bbox_x_max,bbox_y_min,bbox_y_max,bbox_z_min,bbox_z_max
0,34.938856125,12.28258705,0.90643720325,-0.004022595000002127,-0.011197084999999163,-0.020202249099999903,34.11893845,35.7587738,10.45577717,14.10939693,0.3455375135,1.467336893
1,31.42951584,18.689813615,0.87168212255,-0.09183216499999958,-0.27909660499999944,-0.10663157515999999,30.71845627,32.14057541,17.07073212,20.30889511,0.2656292021,1.477735043
2,27.792209624999998,-10.738597868,0.8566840889,0.01798057500000283,-0.027285578500000796,-0.0034830124500000448,26.97997475,28.6044445,-13.07508659,-8.402109146,0.2595444918,1.453823686
3,24.398696899999997,-13.797166350000001,0.8242803962,-0.021128654999998275,-0.08794927499999972,-0.015588760650000033,23.68598175,25.11141205,-15.50208664,-12.09224606,0.1561324894,1.492428303
5,23.775759694999998,0.5099954605,0.80823057145,0.021004680000004328,0.10361051580000002,-0.04100194559500003,21.65510368,25.89641571,-1.008639336,2.028630257,0.1453940719,1.471067071
1,18.049915315,5.7541861535,0.8190144079,-0.10847377999999708,0.12873601899999976,0.002202577849999998,16.33160973,19.7682209,5.08987236,6.418499947,0.1493935138,1.488635302
