vehicle_id,position_x,position_y,position_z,mvec_x,mvec_y,mvec_z,bbox_x_min,bbox_x_max,bbox_y_min,bbox_y_max,bbox_z_min,bbox_z_max
0,34.797994615,34.784952165,0.7873173802,0.0076389299999988225,0.042352680000000476,0.00360641635000003,34.18743515,35.40855408,33.07979965,36.49010468,0.2338539064,1.340780854
0,28.079816815,-31.869398115,0.8272717001000001,0.015263560000001064,-0.06887436000000235,-0.0038453191500000816,27.34838104,28.81125259,-33.01214218,-30.72665405,0.2545858622,1.399957538
1,24.71585846,-35.41835594,0.9939965305,-0.04170131499999741,-0.03860092499999723,-0.00997368944999999,24.17771149,25.25400543,-36.79021835,-34.04649353,0.514953196,1.473039865
1,-3.5374217029999997,5.8214502335,0.8937101067,-0.04684281400000012,0.0010690684999996591,-0.024888932949999942,-4.960019588,-2.114823818,5.202802658,6.440097809,0.3102232814,1.477196932
2,1.79570524405,2.512567282,0.87022453525,-0.19975014029999993,-0.05966448800000013,-0.005953520500000087,-0.3327666819,3.92417717,1.510270119,3.514864445,0.2696272135,1.470821857
