vehicle_id,position_x,position_y,position_z,mvec_x,mvec_y,mvec_z,bbox_x_min,bbox_x_max,bbox_y_min,bbox_y_max,bbox_z_min,bbox_z_max
0,34.93808174,32.427543639999996,0.9054064005,0.04930686999999523,0.09299278500000696,-0.004096895150000002,34.14663696,35.72952652,31.21876144,33.63632584,0.39779374,1.413019061
1,31.312284464999998,37.911136625,0.74671736365,0.34692478500000234,-0.5984992949999963,-0.10353527969999998,30.88584518,31.73872375,37.1132431,38.70903015,0.4090744853,1.084360242
0,28.001582145,-30.693655015,0.88399185225,0.0171689999999991,0.019472125000003615,-0.015527144150000005,27.29689789,28.7062664,-32.60877991,-28.77853012,0.3109619915,1.457021713
1,24.67066765,-33.645397185,0.7541345916500001,0.01779842000000187,-0.1880874650000024,-0.02928361652,24.04376793,25.29756737,-35.11039352,-32.18040085,0.1154113933,1.39285779
1,-1.8574739023500002,5.820110798,0.88466396915,-0.0560569838999998,0.02431917150000018,-0.006851956100000001,-3.485333681,-0.2296141237,5.158994675,6.481226921,0.2759999633,1.493327975
2,3.5624573230000003,2.505121231,0.88006064315,-0.006789684000000129,0.03735518500000001,-0.006046593600000039,1.264872074,5.860042572,1.569030285,3.441212177,0.2888783813,1.471242905
