vehicle_id,position_x,position_y,position_z,mvec_x,mvec_y,mvec_z,bbox_x_min,bbox_x_max,bbox_y_min,bbox_y_max,bbox_z_min,bbox_z_max
0,34.960199355,19.618314745,0.85772179075,-0.0008239750000029744,0.08039665000000085,-0.019271820699999997,34.14760208,35.77279663,17.65019608,21.58643341,0.2936222255,1.421821356
2,31.243860245,25.380887985,0.9938748178999999,0.0513277049999985,0.43184471,-0.009605795049999921,30.68477631,31.80294418,24.11306,26.64871597,0.5102123618,1.477537274
2,27.65283871,-17.502028465000002,0.740401090835,0.022073744999996592,0.021693230000003894,0.1115425136649999,27.00941277,28.29626465,-19.7387085,-15.26534843,0.01024401467,1.470558167
0,24.20886898,-20.837018965,0.85771748425,0.024043085000002407,-0.042100910000002045,0.055990323399999875,23.75570869,24.66202927,-22.57386017,-19.10017776,0.2390649915,1.476369977
5,17.104215145,2.3098874095,0.8666672111,-0.15439701000000028,-0.0629761219999998,-0.07182163370000005,14.9428587,19.26557159,1.292749882,3.327024937,0.2613207102,1.472013712
1,11.0653924965,5.812671184499999,0.8297259733,-0.05545139350000028,0.0831828115000004,0.01006461695000005,9.366915703,12.76386929,5.127914429,6.49742794,0.1718120426,1.487639904
