vehicle_id,position_x,position_y,position_z,mvec_x,mvec_y,mvec_z,bbox_x_min,bbox_x_max,bbox_y_min,bbox_y_max,bbox_z_min,bbox_z_max
0,28.132022855,-39.55036163,0.9966610968,0.025741579999998265,0.295541759999999,-0.009593486999999956,27.48251152,28.78153419,-41.23887634,-37.86184692,0.5335244536,1.45979774
1,24.83607292,-42.07110405,0.99842363585,0.011240960000002076,-0.04281425499999614,-0.008748799650000083,24.25912857,25.41301727,-43.27846527,-40.86374283,0.5504490137,1.446398258
1,-10.400422096,5.8904981615,0.9094931038,-0.04416418150000112,0.024984359499999442,-0.014432087800000049,-11.8588171,-8.942027092,5.193286896,6.587709427,0.3505097926,1.468476415
2,-5.3074142935,2.549133539,0.7897036672500001,0.020660996500000195,-0.1457602975000003,-0.03390438129000006,-7.47661829,-3.138210297,1.61297369,3.485293388,0.1268719435,1.452535391
