vehicle_id,position_x,position_y,position_z,mvec_x,mvec_y,mvec_z,bbox_x_min,bbox_x_max,bbox_y_min,bbox_y_max,bbox_z_min,bbox_z_max
0,35.018756865,17.64812851,0.8555943964,-0.07230758500000434,0.09835815499999967,0.0036530051499999994,34.16482544,35.87268829,16.42002106,18.87623596,0.3017255068,1.409463286
2,31.43795395,23.530750275000003,0.75821105385,0.1200790399999967,0.710229874999996,0.01253223410000004,30.72188568,32.15402222,22.87520981,24.18629074,0.2285568267,1.287865281
2,27.699522015,-15.989103795000002,0.86037379515,0.05180454500000309,-0.3703565599999976,-0.00013695660000001553,26.99880409,28.40023994,-17.91979218,-14.05841541,0.2609368563,1.459810734
3,24.467689515,-19.584708215,0.85290683795,0.08892059500000116,-0.050662995000003264,-0.053168751199999975,23.77466011,25.16071892,-21.24215698,-17.92725945,0.2469009459,1.45891273
5,18.2647953,2.2237758635,0.7591995317250001,-0.16247557999999884,-0.016083478999999734,-0.007252207195000082,15.9580574,20.5715332,1.190425396,3.257126331,0.04726416245,1.471134901
1,12.262929915,5.7951421735,0.8324348851,-0.0708608599999998,0.049080371999999706,-0.018491581100000043,10.58067322,13.94518661,5.050662994,6.539621353,0.1757824272,1.489087343
