vehicle_id,position_x,position_y,position_z,mvec_x,mvec_y,mvec_z,bbox_x_min,bbox_x_max,bbox_y_min,bbox_y_max,bbox_z_min,bbox_z_max
0,35.07456207,21.91185951,0.9435061812000001,-0.1523418400000054,0.0008583099999981414,0.00601775959999995,34.16946411,35.97966003,20.56919479,23.25452423,0.4588513374,1.428161025
2,31.28845501,28.297821040000002,0.8832306264,0.020612714999998616,0.05230332000000004,-0.00745411185,30.72208977,31.85482025,26.81319427,29.78244781,0.3230743408,1.443386912
2,27.95939922,-20.50222206,0.9885758162,-0.2171897850000022,-0.08000660500000123,0.0008369085999999637,27.07897186,28.83982658,-22.60940552,-18.3950386,0.5070471764,1.470104456
0,24.503094675,-23.024202350000003,0.9062806070499999,-0.10101223000000203,-0.48076438499999696,-0.01923191549999992,23.81089783,25.19529152,-24.12969208,-21.91871262,0.3297919631,1.482769251
1,8.506431103,5.795759678,0.81920173785,-0.2520051004999999,0.13707351700000014,0.013399496400000044,6.957401276,10.05546093,5.061261177,6.530258179,0.1485543847,1.489849091
5,15.172751905000002,2.782766104,1.03241202255,-0.1786904350000018,-0.05457711250000008,0.02516186230000006,13.84270191,16.5028019,2.197357655,3.368174553,0.6194445491,1.445379496
