vehicle_id,position_x,position_y,position_z,mvec_x,mvec_y,mvec_z,bbox_x_min,bbox_x_max,bbox_y_min,bbox_y_max,bbox_z_min,bbox_z_max
0,34.952632905,32.978689195,0.8393123599500001,0.023860929999997893,0.07956885999999486,-0.01601216240000003,34.22689438,35.67837143,31.97080231,33.98657608,0.3276639879,1.350960732
1,31.37606144,38.379724505,0.6602962465,0.13516807499999572,0.0940437250000059,-0.016867965450000022,30.71643639,32.03568649,37.95691681,38.8025322,0.251539439,1.069053054
0,28.156113625,-31.284137725,0.8369080274,-0.2018995299999986,0.0018768300000004956,0.011510327750000049,27.33562851,28.97659874,-32.94855499,-29.61972046,0.2595631778,1.414252877
1,24.8545084,-34.160518644999996,0.86366724965,-0.07658767499999897,-0.06029129000000921,-0.011875987249999942,24.16212082,25.54689598,-35.31589508,-33.00514221,0.3752576113,1.352076888
1,-2.311486483,5.8528318405,0.87893036,-0.302174806,0.007064819,0.014952808500000025,-3.595841885,-1.027131081,5.171824455,6.533839226,0.279476583,1.478384137
2,2.8593326507,2.4907000065,0.86730605345,-0.2320010212999999,0.01683855050000016,0.019119129000000012,0.6674782634,5.051187038,1.591702938,3.389697075,0.2653999329,1.469212174
