vehicle_id,position_x,position_y,position_z,mvec_x,mvec_y,mvec_z,bbox_x_min,bbox_x_max,bbox_y_min,bbox_y_max,bbox_z_min,bbox_z_max
0,34.79052353,8.0050153715,0.8790251762000001,-0.10018730499999862,0.062149527999999066,-0.03930255030000007,33.98396301,35.59708405,5.758407593,10.25162315,0.2990466654,1.459003687
1,31.380031584999998,14.04549694,0.84206531945,0.016551020000001415,0.043582920000000414,-0.0030451340500000645,30.69372177,32.0663414,12.614501,15.47649288,0.2058286369,1.478302002
5,27.235227585,-2.1882400510499997,0.80363097035,0.0125188850000022,-0.018276334000000283,-0.008069235899999971,25.4469223,29.02353287,-3.974853992,-0.4016261101,0.1407947987,1.466467142
3,24.39338875,-9.871208190499999,0.86321585635,-0.12620925999999955,0.014403342499999638,0.02279085670000003,23.67848587,25.10829163,-11.48348236,-8.258934021,0.2354780287,1.490953684
1,22.301582335,5.6336979865,0.8673834874499999,-0.1333789799999998,0.011834144999999907,0.0014242829500000775,20.62897873,23.97418594,4.965417862,6.301978111,0.2436838299,1.491083145
2,27.82667923,-9.3621325495,0.88066931075,0.003342624999998378,0.020324467000000013,-0.04130422329999994,26.98713493,28.66622353,-11.65894413,-7.065320969,0.2972667515,1.46407187
