vehicle_id,position_x,position_y,position_z,mvec_x,mvec_y,mvec_z,bbox_x_min,bbox_x_max,bbox_y_min,bbox_y_max,bbox_z_min,bbox_z_max
0,34.905841824999996,11.129587174000001,0.90849882355,0.014482499999999732,0.046095849499998565,0.010988056950000047,34.11758804,35.69409561,9.127558708,13.13161564,0.3730509281,1.443946719
1,31.25003815,17.353354935,0.9227787107500001,-0.0022544899999985546,0.11253165500000151,-0.09060509480000012,30.71129227,31.78878403,15.87047482,18.83623505,0.3708774745,1.474679947
2,27.777534485,-9.7284908305,0.8006955607999999,0.015085219999999566,-0.03171706300000032,-0.03211652477499993,26.98422241,28.57084656,-11.95990658,-7.497075081,0.1365347356,1.464856386
3,24.364520069999998,-12.605639935,0.86597663935,0.01681137500000318,-0.04387473999999969,-0.07072703575000006,23.67303848,25.05600166,-14.30088806,-10.91039181,0.2401288897,1.491824389
5,24.879984855,-0.033110916499999976,0.78886170685,-0.22048950499999975,-0.0002779370000000059,-0.011347431479999948,22.75804138,27.00192833,-1.665887475,1.599665642,0.1107596457,1.466963768
1,19.131305695000002,5.7775526045,0.81173422955,-0.07132434500000073,-0.006392002000000119,0.022021948950000092,17.49650574,20.76610565,5.053829193,6.501276016,0.1342356801,1.489232779
