vehicle_id,position_x,position_y,position_z,mvec_x,mvec_y,mvec_z,bbox_x_min,bbox_x_max,bbox_y_min,bbox_y_max,bbox_z_min,bbox_z_max
0,28.07194519,-36.281770705,0.8885243236,0.02622509500000092,-0.05121230999999682,-0.015423089200000017,27.38313103,28.76075935,-37.86705017,-34.69649124,0.4132534862,1.363795161
1,24.805427555,-38.604085925,0.84232917445,0.010956759999999122,-0.0843620300000012,-0.017577305450000025,24.12080956,25.49004555,-39.30316544,-37.90500641,0.3652539849,1.319404364
1,-7.6498315335000004,5.8986611364999995,0.787074245495,-0.08733010299999933,0.032848358500000785,0.125965289805,-9.32880497,-5.970858097,5.190629959,6.606692314,0.08883877099,1.48530972
2,-1.777334481635,2.4479768275,0.7517017422000001,-0.25006310636499984,0.008346319500000199,0.09655182079999991,-3.498422623,-0.05624634027,1.600976944,3.294976711,0.0364138484,1.466989636
