vehicle_id,position_x,position_y,position_z,mvec_x,mvec_y,mvec_z,bbox_x_min,bbox_x_max,bbox_y_min,bbox_y_max,bbox_z_min,bbox_z_max
0,35.0185833,38.66688919,0.8956087829999999,-0.1265296950000021,0.08139610500000316,-0.013913780449999913,34.44897461,35.58819199,37.76594925,39.56782913,0.548587203,1.242630363
0,28.183563235,-36.779806135,0.8660221398500001,0.016750334999997563,-0.06972503999999446,-0.012784093500000093,27.42281914,28.94430733,-38.12124252,-35.43836975,0.2984654307,1.433578849
1,24.739471435,-39.81480217,0.98894538,0.024372100000000785,-0.03893470499999552,-0.00596182040000004,24.15925407,25.3196888,-40.98202515,-38.64757919,0.494410187,1.483480573
1,-8.205060482,6.0130538940000005,0.8755563946999999,0.10234379750000144,0.017909049999999205,-0.024630196599999987,-9.751929283,-6.658191681,5.185622215,6.840485573,0.2775693834,1.473543406
2,-2.73983648425,2.473727226,0.8508975805500001,-0.042575329549999985,-0.07918786999999972,-0.00016493360000002788,-4.692821026,-0.7868519425,1.542198181,3.405256271,0.2310352921,1.470759869
