vehicle_id,position_x,position_y,position_z,mvec_x,mvec_y,mvec_z,bbox_x_min,bbox_x_max,bbox_y_min,bbox_y_max,bbox_z_min,bbox_z_max
0,35.024215694999995,36.158721925,0.9083386064000001,-0.30897902999999616,0.08814239499999843,-0.016008943400000142,34.18557739,35.862854,35.30487061,37.01257324,0.5807865858,1.235890627
0,28.075963975,-34.64026451,0.8605561555000001,0.017402644999997108,-0.034683229999998844,0.07665990299999992,27.38785553,28.76407242,-36.29319763,-32.98733139,0.271720469,1.449391842
1,24.894338605,-37.600618365,0.84561894815,0.023018839999998875,0.09448242000000562,-0.05732232330000009,24.21270561,25.5759716,-38.91456223,-36.2866745,0.2992399633,1.391997933
1,-5.910908461,5.8371739389999995,0.8568053545000001,-0.10565447799999994,0.0210518835000002,-0.0555933567500001,-7.528932095,-4.292884827,5.18116951,6.493178368,0.223692596,1.489918113
2,-0.3547627925000001,2.525650263,0.8489854635,0.05508834150000008,0.005048274500000005,-0.004106209000000027,-2.393806934,1.684281349,1.601614952,3.449685574,0.227406919,1.470564008
