vehicle_id,position_x,position_y,position_z,mvec_x,mvec_y,mvec_z,bbox_x_min,bbox_x_max,bbox_y_min,bbox_y_max,bbox_z_min,bbox_z_max
0,34.816968915000004,36.509866715,0.8445474801,0.03925132999999903,0.0897216799999967,-0.016265719850000027,34.22716522,35.40677261,35.73630524,37.28342819,0.4983833432,1.190711617
0,28.156820295,-34.394130705,0.8531514107,0.031274800000002045,-0.47506714000000017,0.07872015275,27.40987968,28.90376091,-35.33059311,-33.4576683,0.3968853354,1.309417486
1,24.716490745,-37.788467409999996,1.01678827385,0.10910987999999833,-0.050174710000007394,-0.010931998400000031,24.22147179,25.2115097,-38.92112732,-36.6558075,0.6428049207,1.390771627
1,-6.170544147499999,5.957332611,0.8020734749,-0.0538704395000007,-0.03464412649999993,-0.0009304172500000929,-7.658266544,-4.682821751,5.186593056,6.728072166,0.1187511608,1.485395789
2,-0.9680060149999999,2.4663324355,0.84169710435,0.011263906999999906,0.024261474999999866,-0.03129206595,-3.201244116,1.265232086,1.596636772,3.336028099,0.2152241617,1.468170047
