vehicle_id,position_x,position_y,position_z,mvec_x,mvec_y,mvec_z,bbox_x_min,bbox_x_max,bbox_y_min,bbox_y_max,bbox_z_min,bbox_z_max
0,34.867908475,19.50304413,0.90698099145,0.009893420000004483,0.0785789500000007,-0.04014255124999999,34.14878082,35.58703613,17.30410004,21.70198822,0.3654615879,1.448500395
2,31.48489094,25.28922081,0.8092403634499999,-0.021999360000002355,0.0293579099999981,-0.016222972300000027,30.7905674,32.17921448,23.88842773,26.69001389,0.1498564929,1.468624234
2,27.862540245,-17.189300539999998,0.780822798585,0.09531974999999804,-0.0277843450000006,0.080664828465,27.03467751,28.69040298,-19.38164139,-14.99695969,0.09376761317,1.467877984
0,24.457294465,-20.29843426,0.90654443195,0.06061172499999756,-0.033907889999998275,-0.05612682520000001,23.74264145,25.17194748,-21.75725174,-18.83961678,0.3447266519,1.468362212
5,17.314170365000003,2.2208967205,0.8505517692500001,0.01875447499999794,0.03656625800000013,-0.037569083200000075,15.12170506,19.50663567,1.258452892,3.183340549,0.2305184305,1.470585108
1,11.3728933325,5.841786384500001,0.81884259005,-0.06983709050000009,-0.025116443500000862,0.002335771749999882,9.686945915,13.05884075,5.124914169,6.5586586,0.1488983631,1.488786817
