vehicle_id,position_x,position_y,position_z,mvec_x,mvec_y,mvec_z,bbox_x_min,bbox_x_max,bbox_y_min,bbox_y_max,bbox_z_min,bbox_z_max
0,34.921619414999995,14.423504350000002,0.80308222,0.03543281500000717,0.033284189999999825,0.035820163950000095,34.12602234,35.71721649,12.52087116,16.32613754,0.222886309,1.383278131
1,31.060729029999997,20.672760009999998,1.00318056365,0.007263180000002478,0.8556633000000033,-0.07312259079999994,30.72387314,31.39758492,19.20647812,22.1390419,0.5431756973,1.46318543
2,27.74063873,-12.447670935,0.8610264658,0.06395245000000216,0.002717495000000625,-0.0029646159499999714,26.89098358,28.59029388,-14.68539238,-10.20994949,0.2629511356,1.459101796
3,24.40801811,-15.69333458,0.82155613595,-0.04767894500000125,-0.05957269499999995,0.030285187100000055,23.64170837,25.17432785,-17.20784378,-14.17882538,0.1557274759,1.487384796
5,21.96140671,1.41016495205,0.782800048675,-0.16218853499999852,-0.011292457249999943,-0.007276844324999976,19.6785965,24.24421692,0.1955888271,2.624741077,0.09331303835,1.472287059
1,15.97451878,5.854392052,0.764994453705,-0.09088563999999977,-0.061679363499999695,0.055947277445000054,14.25700188,17.69203568,5.109425545,6.599358559,0.03829588741,1.49169302
