vehicle_id,position_x,position_y,position_z,mvec_x,mvec_y,mvec_z,bbox_x_min,bbox_x_max,bbox_y_min,bbox_y_max,bbox_z_min,bbox_z_max
0,24.66190338,-49.901506420000004,0.77311445775,0,0,0,24.38542938,24.93837738,-50.48080444,-49.3222084,0.2822141945,1.264014721
1,-18.825016974999997,6.009959221000001,0.9786597937,0.02727126999999996,-0.002648353500001477,0.013857469000000067,-20.30229759,-17.34773636,5.21698761,6.802930832,0.4487079084,1.508611679
2,-16.7342391,2.51647377,1.0070419908,0.16547107499999925,-0.006762504500000155,-0.08703437424999982,-17.93951797,-15.52896023,1.660908699,3.372038841,0.6510710716,1.36301291
0,28.284436225,-51.3182106,1.2062925102,-0.2005319599999993,0.43934821499999543,-0.2299068272499999,28.03461456,28.53425789,-51.92480087,-50.71162033,0.9896701574,1.422914863
