vehicle_id,position_x,position_y,position_z,mvec_x,mvec_y,mvec_z,bbox_x_min,bbox_x_max,bbox_y_min,bbox_y_max,bbox_z_min,bbox_z_max
0,28.17991829,-44.104104995,0.90293249475,0.023824694999998286,-0.06897354000000178,-0.009612589900000024,27.46132851,28.89850807,-45.30361938,-42.90459061,0.3938551545,1.412009835
1,24.14862728,-47.80376434,0.8161728081999999,0,0,0,24.06941795,24.22783661,-47.82682037,-47.78070831,0.5420938134,1.090251803
1,-15.416768075,5.775636673,0.8820435403,-0.049473285000001255,0.0064692494999993855,0.0021506103499999707,-16.965868,-13.86766815,5.210606575,6.340666771,0.2951967716,1.468890309
2,-9.758740427,2.6202409265,0.81080156575,-0.051986215500001265,-0.22965025900000047,0.11410085835000017,-11.27108765,-8.246393204,1.721884727,3.518597126,0.1601496935,1.461453438
