vehicle_id,position_x,position_y,position_z,mvec_x,mvec_y,mvec_z,bbox_x_min,bbox_x_max,bbox_y_min,bbox_y_max,bbox_z_min,bbox_z_max
0,34.867931365000004,10.190650941000001,0.85957512255,0.05817794999999393,-0.01549005500000078,-0.05226337170000006,34.08660507,35.64925766,8.114667892,12.26663399,0.2636192441,1.455531001
1,31.25331688,16.41960573,0.8764596137,0.04170322499999912,0.012578009999998585,-0.014929726750000039,30.70415688,31.80247688,15.1805315,17.65867996,0.3164573014,1.436461926
2,27.82667923,-9.3621325495,0.88066931075,0.003342624999998378,0.020324467000000013,-0.04130422329999994,26.98713493,28.66622353,-11.65894413,-7.065320969,0.2972667515,1.46407187
3,24.357294085,-11.505878923000001,0.8845582455,-0.030764579999999597,-0.053295136999999215,-0.10697879281999989,23.67538643,25.03920174,-13.02216434,-9.989593506,0.28131935,1.487797141
5,25.661828995,-0.75297021845,0.7834887391950001,-0.16531372000000033,0.20574331245,-0.015558179220000135,23.59785652,27.72580147,-2.363327026,0.8573865891,0.09658012539,1.470397353
1,20.09386921,5.66887331,0.86683607075,-0.048136710000001415,0.15970087050000004,-0.08454050094499999,18.48470116,21.70303726,5.022541046,6.315205574,0.2437393665,1.489932775
