vehicle_id,position_x,position_y,position_z,mvec_x,mvec_y,mvec_z,bbox_x_min,bbox_x_max,bbox_y_min,bbox_y_max,bbox_z_min,bbox_z_max
0,34.85470581,27.861257555,0.85561650985,0.028053284999998596,0.0541286449999987,-0.005288474050000103,34.14588165,35.56352997,26.40926361,29.3132515,0.2528728247,1.458360195
2,31.56442356,33.188381195000005,0.77022080105,0,0,0,30.84104347,32.28780365,32.72766876,33.64909363,0.3671885431,1.173253059
2,27.996794700000002,-24.780963895,0.7017408458,0.03892802999999745,-0.08621979000000124,-0.02351866655000001,27.36779022,28.62579918,-25.49009323,-24.07183456,0.2814148366,1.122066855
0,24.79277134,-29.039812089999998,0.810057834,0.026935574999999545,-0.04203987000000353,-0.019717499650000025,24.04211426,25.54342842,-30.45149994,-27.62812424,0.149653703,1.470461965
1,2.716408491,5.8378944395,0.87766723345,-0.049380183000000244,0.06952810299999967,-0.002229109650000005,1.112489223,4.320327759,5.151642799,6.52414608,0.2691118419,1.486222625
2,7.452055931,2.7435216904999997,1.2684106824999999,-0.0879886145000004,-0.019830226999999923,0.009097457000000198,6.029864311,8.874247551,2.037004471,3.45003891,1.06472218,1.472099185
