vehicle_id,position_x,position_y,position_z,mvec_x,mvec_y,mvec_z,bbox_x_min,bbox_x_max,bbox_y_min,bbox_y_max,bbox_z_min,bbox_z_max
0,34.99163628,39.43873787,0.76351775235,0.028486245000003407,0.09104156500000471,-0.015552908300000001,34.14823914,35.83503342,38.70486069,40.17261505,0.3792109787,1.147824526
0,28.384817124999998,-37.417051315,0.72635343667,-0.2442283649999979,-0.07939338499999593,0.22080698613000005,27.4500618,29.31957245,-38.46320724,-36.37089539,0.08404523134,1.368661642
1,24.97500229,-40.384140015,0.8956989048999999,0.02830696000000188,-0.07060814000000448,-0.0139300819999999,24.34545326,25.60455132,-41.17686462,-39.59141541,0.3418383598,1.44955945
1,-8.9809055335,5.995745182,0.89830416425,-0.035806178999999716,0.05726337449999974,-0.01565422105000014,-10.4070673,-7.554743767,5.27276516,6.718725204,0.3115433455,1.485064983
2,-3.662291586,2.532642603,0.8528501687500001,0.07312720949999996,0.033024072499999946,0.026345357549999893,-5.624998569,-1.699584603,1.604362011,3.460923195,0.2361469865,1.469553351
