vehicle_id,position_x,position_y,position_z,mvec_x,mvec_y,mvec_z,bbox_x_min,bbox_x_max,bbox_y_min,bbox_y_max,bbox_z_min,bbox_z_max
0,34.91030121,6.7969293595,0.88374431415,-0.11273384500000105,-0.005243301500000186,-0.010910674550000055,34.05787659,35.76272583,4.842533112,8.751325607,0.3033851683,1.46410346
1,31.147242544999997,13.31187391,0.89939865475,0.027462960000001146,0.008016590000000434,-0.0031796394000001005,30.69005966,31.60442543,12.0753746,14.54837322,0.3119822145,1.486815095
5,27.95376682,-3.0034139155,0.8452934025,-0.15694045499999731,-0.018057346500000016,-0.03979206795000001,26.16432762,29.74320602,-4.891349792,-1.115478039,0.21884799,1.471738815
3,24.37591171,-8.996951579000001,0.9122893365,0.10152816999999814,-0.25188636999999936,-0.03468875594999998,23.67778587,25.07403755,-10.53756809,-7.456335068,0.334710747,1.489867926
1,22.990882875,5.7419514655,0.87646751095,-0.09764003500000129,-0.031383513999999835,-0.07807052495,21.38297081,24.59879494,4.959025383,6.524877548,0.2634523809,1.489482641
2,27.82667923,-9.3621325495,0.88066931075,0.003342624999998378,0.020324467000000013,-0.04130422329999994,26.98713493,28.66622353,-11.65894413,-7.065320969,0.2972667515,1.46407187
