vehicle_id,position_x,position_y,position_z,mvec_x,mvec_y,mvec_z,bbox_x_min,bbox_x_max,bbox_y_min,bbox_y_max,bbox_z_min,bbox_z_max
0,28.164727210000002,-49.267383575,0.5664400428199999,0.010949134999997057,-0.8816642750000057,0.18306587394500007,27.34100342,28.988451,-49.95300293,-48.58176422,0.03045212664,1.102427959
2,24.641447065,-49.802618030000005,0.78899772455,0.004829409999999257,-0.023340224999998327,-0.003666952299999915,24.35764122,24.92525291,-50.4187851,-49.18645096,0.3050989211,1.272896528
1,-18.339552875,5.914865017,0.98222295935,-0.010096550000000093,0.006402969499999855,-0.0025191456499999987,-19.45820808,-17.22089767,5.412777901,6.416952133,0.4783245027,1.486121416
2,-15.660719395000001,2.4093925955,0.7882452383,-0.13816452000000012,0.007115601999999832,-0.021997298890000128,-17.416008,-13.90543079,1.646356106,3.172429085,0.1068222076,1.469668269
