vehicle_id,position_x,position_y,position_z,mvec_x,mvec_y,mvec_z,bbox_x_min,bbox_x_max,bbox_y_min,bbox_y_max,bbox_z_min,bbox_z_max
0,28.30929089,-50.4763546,0.8066692054,0.02973460500000158,-0.05548858499999909,-0.011526167600000026,27.48247147,29.13611031,-51.67601013,-49.27669907,0.1566192508,1.45671916
2,24.660722735,-49.895420075000004,0.7743949891999999,0.0020122499999999377,-0.009668349999998327,-0.0015207085499999717,24.37880135,24.94264412,-50.5009613,-49.28987885,0.2876666784,1.2611233
1,-17.91112423,5.9406161310000005,0.8371864408,-0.009475710000000248,0.00278091399999969,-0.0020831823500000457,-18.49356842,-17.32868004,5.436233521,6.444998741,0.4531559646,1.221216917
2,-16.359170915,2.4477031235,0.8537699878,0.014740944999999783,0.007941006999999889,0.02325308344999999,-18.2910347,-14.42730713,1.646008015,3.249398232,0.2719201446,1.435619831
