vehicle_id,position_x,position_y,position_z,mvec_x,mvec_y,mvec_z,bbox_x_min,bbox_x_max,bbox_y_min,bbox_y_max,bbox_z_min,bbox_z_max
0,34.805274965,6.483421564,0.8838884531000001,0.02971648999999843,0.4188539984999995,0.024219155499999867,34.0308075,35.57974243,4.425906658,8.54093647,0.3017584682,1.466018438
1,31.37767029,12.83156538,0.7747015992299999,0.022409435000000144,-0.03654861500000095,0.10139138587000007,30.68516922,32.07017136,11.41489601,14.24823475,0.06259513646,1.486808062
5,27.90609932,-3.4466196300000003,0.86149409405,-0.03358268999999936,0.25526368600000016,-0.003363467449999935,26.40740013,29.40479851,-5.388054848,-1.505184412,0.2534605861,1.469527602
1,23.210849760000002,5.5949463845,0.80040596795,-0.07472514500000216,-0.017291546000000046,-0.002479698349999948,21.59788322,24.8238163,4.882888794,6.307003975,0.1116039529,1.489207983
3,24.498036385,-8.8734550475,0.83373562225,-0.15165138500000097,-0.03093933949999972,0.002660744350000077,23.61583328,25.38023949,-10.53912735,-7.207782745,0.1817540675,1.485717177
2,27.82667923,-9.3621325495,0.88066931075,0.003342624999998378,0.020324467000000013,-0.04130422329999994,26.98713493,28.66622353,-11.65894413,-7.065320969,0.2972667515,1.46407187
