vehicle_id,position_x,position_y,position_z,mvec_x,mvec_y,mvec_z,bbox_x_min,bbox_x_max,bbox_y_min,bbox_y_max,bbox_z_min,bbox_z_max
0,35.087112425,30.807691575,0.8809747993,0.0012149800000003097,0.8514366150000008,-0.017339199849999987,34.17380905,36.0004158,29.80692291,31.80846024,0.4054281116,1.356521487
1,31.335309985000002,37.298982620000004,0.98226860185,0.0856542549999979,0.027194975000000454,0.0323253869500002,30.72419167,31.9464283,35.92520523,38.67276001,0.5378755927,1.426661611
0,27.827833175000002,-28.995458605,0.95001468085,0.010427475000000186,-0.03745460500000064,-0.01751062290000005,27.26318359,28.39248276,-30.47315979,-27.51775742,0.4394207597,1.460608602
1,24.79125786,-32.097166064999996,0.868492007,-0.014618875000003584,-0.033390040000000454,-0.004912442949999929,24.11417961,25.46833611,-33.27865601,-30.91567612,0.253783226,1.483200788
1,-0.6345700025,5.817297458500001,0.86238573465,-0.058485925449999976,0.08211040499999989,0.03365977114999996,-2.327493906,1.058353901,5.081905365,6.552689552,0.2377749383,1.486996531
2,4.7817748785,2.4903607365,0.88059549025,0.005244254999999143,-0.052328109499999886,0.007867366000000042,2.605389357,6.9581604,1.585438251,3.395283222,0.3022794425,1.458911538
