vehicle_id,position_x,position_y,position_z,mvec_x,mvec_y,mvec_z,bbox_x_min,bbox_x_max,bbox_y_min,bbox_y_max,bbox_z_min,bbox_z_max
0,35.088327405,31.65912819,0.86363559945,-0.4116420699999992,0.05294036999999818,-0.01732747229999998,34.17114639,36.00550842,29.9050827,33.41317368,0.3830630779,1.344208121
1,31.42096424,37.326177595000004,1.0145939888000002,0.02048969000000156,0.04239463999999771,-0.015407800600000243,30.86181831,31.98011017,36.00722122,38.64513397,0.6155938506,1.413594127
0,27.838260650000002,-29.03291321,0.9325040579499999,0.009384154999999339,-0.04222678500000043,-0.01820433144999989,27.2667942,28.4097271,-30.46364594,-27.60218048,0.4128184319,1.452189684
1,24.776638984999998,-32.130556105,0.86357956405,0.08478546500000306,-0.037921910000001446,-0.021578841400000104,24.01066589,25.54261208,-33.26227188,-30.99884033,0.2403596491,1.486799479
1,-0.6930559279499999,5.8994078635000005,0.8960455058,-0.057841211199999965,-0.010330677000000676,0.0014912787999999955,-2.348172665,0.9620608091,5.167701721,6.631114006,0.3021616936,1.489929318
2,4.787019133499999,2.438032627,0.88846285625,0.035737157000000686,-0.05038118399999991,-0.00038434570000001056,2.730587721,6.843450546,1.504442215,3.371623039,0.3064052165,1.470520496
