vehicle_id,position_x,position_y,position_z,mvec_x,mvec_y,mvec_z,bbox_x_min,bbox_x_max,bbox_y_min,bbox_y_max,bbox_z_min,bbox_z_max
0,24.7629776,-50.016233445,1.0432259141,-0.097958564999999,0.10037231500000132,-0.27198114995,24.56513977,24.96081543,-50.58679199,-49.4456749,0.8376466632,1.248805165
1,-18.92475414,5.845135212,0.9816593230499999,0.005398745000004368,-0.002112865500000005,0.0054874717499999726,-20.39910507,-17.45040321,5.22451973,6.465750694,0.5299727321,1.433345914
2,-16.808463095,2.576089382,1.06740376355,0.005716320000001218,-0.0015497205000003511,0.0013432503999999401,-18.01159477,-15.60533142,1.749788761,3.402390003,0.7881526351,1.346654892
