vehicle_id,position_x,position_y,position_z,mvec_x,mvec_y,mvec_z,bbox_x_min,bbox_x_max,bbox_y_min,bbox_y_max,bbox_z_min,bbox_z_max
0,28.203742984999998,-44.173078535,0.89331990485,0.016731260000000248,-0.07026481500000159,-0.01287038635000004,27.48140717,28.9260788,-45.34092331,-43.00523376,0.3805117607,1.406128049
1,-15.466241360000001,5.7821059224999996,0.88419415065,-0.05274629499999861,0.0015306475000009812,-0.005410403149999965,-16.97024155,-13.96224117,5.209851265,6.35436058,0.2958625853,1.472525716
2,-9.8107266425,2.3905906674999997,0.9249024241000001,0.1012401555000011,0.009752989000000323,-0.023581847450000137,-11.26817894,-8.353274345,1.616235256,3.164946079,0.3929266632,1.456878185
