vehicle_id,position_x,position_y,position_z,mvec_x,mvec_y,mvec_z,bbox_x_min,bbox_x_max,bbox_y_min,bbox_y_max,bbox_z_min,bbox_z_max
0,35.082344055,26.923505785000003,0.8798803389500001,-0.1100597350000001,0.056486124999995724,-0.040461949950000076,34.28858948,35.87609863,25.00761414,28.83939743,0.3087642789,1.450996399
2,31.402050015,31.933254245,0.8329746129500001,0.015606885000000403,0.08080291000000273,-0.016649991750000037,30.71343231,32.09066772,31.19750214,32.66900635,0.3127835989,1.353165627
2,27.959400175,-24.044569015,0.86266331355,0.004602435000002458,-0.05273818999999946,0.10768874009999996,27.15156555,28.7672348,-25.45980072,-22.62933731,0.2704339921,1.454892635
0,24.54499817,-27.905073165,0.941741541,0.011113164999997593,-0.07932853499999837,-0.06693942864999991,23.91250038,25.17749596,-29.56066513,-26.2494812,0.415409714,1.468073368
1,4.070722818,5.9450058939999995,0.8280821144,0.004931092499999679,-0.030359268499999814,0.029230989500000026,2.445806503,5.695639133,5.146183968,6.74382782,0.1667186618,1.489445567
