vehicle_id,position_x,position_y,position_z,mvec_x,mvec_y,mvec_z,bbox_x_min,bbox_x_max,bbox_y_min,bbox_y_max,bbox_z_min,bbox_z_max
0,34.772699360000004,9.360022067,0.8511466829500001,0.04011725999999527,-0.045534130499998327,0.005682289599999946,34.09658051,35.44881821,7.078769684,11.64127445,0.2317478359,1.47054553
1,31.359186174999998,15.39402151,0.7666013054899999,0.037732120000001146,-0.08286952999999819,0.16753079381000002,30.69550705,32.0228653,14.09398556,16.69405746,0.07920332998,1.453999281
5,26.340869904999998,-1.32488167275,0.771861557105,-0.011079789999996592,-0.04044556640000008,0.02240924124499999,24.50467491,28.1770649,-3.12863183,0.4788684845,0.07751882821,1.466204286
3,24.34571266,-10.806952476500001,0.8898910878,-0.03151989000000199,-0.058489801499998606,-0.10109584011000006,23.68710899,25.00431633,-12.47185421,-9.142050743,0.2953191996,1.484462976
1,21.248579024999998,5.795558929,0.786671425925,-0.11336993999999834,-0.04138851100000007,0.02828343612500006,19.57229614,22.92486191,4.99818325,6.592934608,0.08484547585,1.488497376
2,27.82667923,-9.3621325495,0.88066931075,0.003342624999998378,0.020324467000000013,-0.04130422329999994,26.98713493,28.66622353,-11.65894413,-7.065320969,0.2972667515,1.46407187
