vehicle_id,position_x,position_y,position_z,mvec_x,mvec_y,mvec_z,bbox_x_min,bbox_x_max,bbox_y_min,bbox_y_max,bbox_z_min,bbox_z_max
0,34.920604705,38.997131345,0.83911858475,0.004056929999997294,0.08697319000000192,-0.014903559950000034,34.16572189,35.67548752,38.16542816,39.82883453,0.4765227735,1.201714396
0,28.269818305,-37.07758713,0.86188012365,0.025491715000001136,-0.07673644999999851,-0.017431572250000027,27.43740654,29.10223007,-38.24924469,-35.90592957,0.3144880533,1.409272194
1,24.838104244999997,-40.018777850000006,0.9567115753,0.025210385000001168,-0.06872749000000056,-0.011395141249999963,24.23737335,25.43883514,-40.98464966,-39.05290604,0.4303962886,1.483026862
1,-8.4554901125,5.8780026435,0.7942434548,-0.04291176799999974,0.0239477155000003,0.0019776152999999574,-9.846544266,-7.064435959,5.188250542,6.567754745,0.1178013086,1.470685601
2,-3.137409031,2.424759388,0.8176211415000001,-0.029926062000000364,0.009182453000000201,-0.026774007900000063,-5.092630386,-1.182187676,1.610376358,3.239142418,0.185575068,1.449667215
