vehicle_id,position_x,position_y,position_z,mvec_x,mvec_y,mvec_z,bbox_x_min,bbox_x_max,bbox_y_min,bbox_y_max,bbox_z_min,bbox_z_max
0,34.9099617,27.972782135,0.8351937906,0.027965545000000702,0.07026672499999975,-0.0021238775999999904,34.16176605,35.65815735,26.6310997,29.31446457,0.2122599632,1.458127618
1,31.15971279,34.230970385000006,0.6604821532,0.016267779999999732,0.09741210999999339,0.04033471675,30.74181747,31.57760811,32.87698746,35.58495331,0.1750704944,1.145893812
2,28.10935974,-24.95366478,0.66956427715,0,0,0,27.52360344,28.69511604,-25.61942291,-24.28790665,0.2575851083,1.081543446
0,24.601252555000002,-29.12200737,0.85340512525,0.017339704999997707,-0.0468139650000019,0.12146485625000003,24.05354118,25.14896393,-30.42677689,-27.81723785,0.2303631455,1.476447105
1,2.620651066,5.846367359,0.8776263893999999,-0.10496851785000016,0.009890079499999871,-0.0014442655999998832,1.112736344,4.128565788,5.150342941,6.542391777,0.2671756148,1.488077164
2,7.199464083,2.54882288,1.2950960395000002,-0.014086961999999481,0.10491538,-0.042605459500000276,5.85713625,8.541791916,1.953837395,3.143808365,1.119374394,1.470817685
