vehicle_id,position_x,position_y,position_z,mvec_x,mvec_y,mvec_z,bbox_x_min,bbox_x_max,bbox_y_min,bbox_y_max,bbox_z_min,bbox_z_max
0,28.093942645,-45.174964904999996,0.8405693916500001,0.017088890000000134,-0.08185005500000386,-0.006385788150000127,27.4845295,28.70335579,-46.06222153,-44.28770828,0.3887918293,1.292346954
2,24.725001335,-47.934104919999996,0.8903518021000001,0.005267140000000836,-0.05502701000000343,-0.00929123165000012,24.05930901,25.39069366,-48.93822098,-46.92998886,0.2953329682,1.485370636
1,-16.249898435,5.97540617,0.9523177445000001,-0.013552664999998854,0.01641035050000017,-0.013145238350000032,-17.5114193,-14.98837757,5.368591309,6.582221031,0.448514998,1.456120491
2,-11.288515089,2.469664335,0.891500309,-0.03860283299999878,0.006576538500000062,-0.017292096899999998,-12.99973106,-9.577299118,1.62329483,3.31603384,0.314927727,1.468072891
