vehicle_id,position_x,position_y,position_z,mvec_x,mvec_y,mvec_z,bbox_x_min,bbox_x_max,bbox_y_min,bbox_y_max,bbox_z_min,bbox_z_max
0,34.737529755,10.0223436355,0.8995772004,0.035755160000000785,0.2191991790000003,0.007450327350000063,34.0986557,35.37640381,7.888401031,12.15628624,0.3280707598,1.471083641
1,31.180201529999998,16.366758825,0.9415655434,0.022663120000000703,0.05166434999999936,-0.19138949375500003,30.716959,31.64344406,15.14816761,17.58535004,0.4266847968,1.45644629
5,25.82727432,-0.8493276835000001,0.8076378779,-0.02617454500000349,0.11593854435000006,-0.0035121070999999393,23.88293266,27.77161598,-2.725489855,1.026834488,0.1547416598,1.460534096
3,24.505532265,-11.4014415765,0.8405730649500001,0.0035552950000017347,-0.04646730350000006,0.021800652399999954,23.67802048,25.33304405,-13.06217957,-9.740703583,0.1886441559,1.492501974
1,20.468780515,5.8251976965,0.83768092865,-0.17679499999999848,0.007667064499999654,0.007470905749999979,18.77145767,22.16610336,5.027348518,6.623046875,0.1837755293,1.491586328
2,27.82667923,-9.3621325495,0.88066931075,0.003342624999998378,0.020324467000000013,-0.04130422329999994,26.98713493,28.66622353,-11.65894413,-7.065320969,0.2972667515,1.46407187
