vehicle_id,position_x,position_y,position_z,mvec_x,mvec_y,mvec_z,bbox_x_min,bbox_x_max,bbox_y_min,bbox_y_max,bbox_z_min,bbox_z_max
0,34.728895185,17.249322415,0.85319584595,0.02621269499999812,0.038246154999999504,0.0070186112000000245,34.16667175,35.29111862,15.61612225,18.88252258,0.3010722399,1.405319452
2,31.281622884999997,23.843690875,0.8552359790999999,0.015549660000004906,0.026861189999998203,-0.018082961749999904,30.73298645,31.83025932,22.21033478,25.47704697,0.3104875982,1.39998436
2,27.856791495000003,-15.367913245,0.80388736725,-0.11158085000000284,-0.24878835999999893,-0.049956228664999935,26.91603088,28.79755211,-17.51109314,-13.22473335,0.1410063505,1.466768384
3,24.465987204999998,-18.12100983,0.8525763156,-0.15937042499999876,-0.058526034999999865,0.03737783434999997,23.7403698,25.19160461,-19.10185242,-17.14016724,0.2269374132,1.478215218
5,18.96827793,2.0969727039999997,0.7873338049,-0.1329631799999973,-0.033724784999999535,-0.007294568835000015,16.70672989,21.22982597,1.093135357,3.100810051,0.1030506268,1.471616983
1,13.044766424999999,5.800442695499999,0.8252719266499999,-0.039098259999999385,0.019836902500000697,-0.05074044496499985,11.31285763,14.77667522,5.127002716,6.473882675,0.1592174023,1.491326451
