vehicle_id,position_x,position_y,position_z,mvec_x,mvec_y,mvec_z,bbox_x_min,bbox_x_max,bbox_y_min,bbox_y_max,bbox_z_min,bbox_z_max
0,34.723371505,43.998714449999994,0.69930149615,0,0,0,34.47211075,34.97463226,43.59603882,44.40139008,0.446963042,0.9516399503
1,31.536727905,49.312150955,0.67876012625,0,0,0,31.37343597,31.70001984,49.07959747,49.54470444,0.3731530011,0.9843672514
0,28.27054119,-42.184703830000004,0.7621776236,0.03234100500000281,-0.09014891999999719,-0.018235668400000016,27.54162216,28.99946022,-43.19623566,-41.173172,0.1518498212,1.372505426
1,24.681753155000003,-44.678613659999996,0.70026280005,0.021267894999997594,-0.08999443500000126,-0.01624421779999996,24.4336853,24.92982101,-45.13949203,-44.21773529,0.2610525191,1.139473081
1,-13.48677874,5.7967801095,0.85677184905,-0.035788054999999375,0.01909542049999935,0.057856030849999907,-14.7679472,-12.20561028,5.114480019,6.4790802,0.2409483641,1.472595334
2,-8.1137809755,2.4900631905,0.86836428925,-0.04935789100000143,0.01876091950000003,0.015406936600000032,-9.708073616,-6.519488335,1.624649048,3.355477333,0.2680775225,1.468651056
