vehicle_id,position_x,position_y,position_z,mvec_x,mvec_y,mvec_z,bbox_x_min,bbox_x_max,bbox_y_min,bbox_y_max,bbox_z_min,bbox_z_max
0,34.926109315,10.175160886,0.80731175085,0.025806430000002933,0.042971134999998384,0.03314898924999998,34.10896301,35.74325562,8.193818092,12.15650368,0.1691314727,1.445492029
1,31.295020105,16.43218374,0.86152988695,0.049315450000001704,-0.48198032499999854,-0.019908607450000004,30.73517609,31.85486412,15.21807003,17.64629745,0.3012670279,1.421792746
2,27.830021855,-9.3418080825,0.83936508745,0.08928394500000181,-0.015353441000000245,-0.050119307,26.98703384,28.67300987,-11.60293198,-7.080684185,0.2157934159,1.462936759
3,24.326529505,-11.55917406,0.7775794526800001,0.05095767999999978,-0.31096553999999976,0.08415546671999985,23.59588814,25.05717087,-13.06587124,-10.05247688,0.06513338536,1.49002552
5,25.496515275,-0.547226906,0.7679305599749999,0.02907180999999781,-0.05677950349999994,0.057085662875000054,23.53890991,27.45412064,-2.355782032,1.26132822,0.07362912595,1.462231994
1,20.0457325,5.8285741805,0.782295569805,-0.17588234000000114,0.004602908999999045,0.08493861544499992,18.37884903,21.71261597,5.02857399,6.628574371,0.07166263461,1.492928505
