vehicle_id,position_x,position_y,position_z,mvec_x,mvec_y,mvec_z,bbox_x_min,bbox_x_max,bbox_y_min,bbox_y_max,bbox_z_min,bbox_z_max
0,34.96772003,39.349264145,0.77882309265,0.023916249999999195,0.08947372499999773,-0.015305340300000081,34.13680267,35.79863739,38.59655762,40.10197067,0.3987487853,1.1588974
0,28.405021665,-37.337619785,0.7494104987,-0.020204540000001714,-0.0794315300000008,-0.02305706203000002,27.55303001,29.25701332,-38.40237427,-36.2728653,0.1186244264,1.380196571
1,24.94661331,-40.317316055000006,0.9084176868,0.02838897999999901,-0.06682395999999358,-0.012718781900000087,24.32320976,25.57001686,-41.13544464,-39.49918747,0.3600575626,1.456777811
1,-8.9363722805,5.948626995,0.91397270575,-0.04453325299999911,0.04711818700000059,-0.015668541499999966,-10.41563511,-7.457109451,5.246653557,6.650600433,0.3450315595,1.482913852
2,-3.2860935925000003,2.530801773,0.8379483967999999,-0.3761979934999995,0.0018408300000003486,0.014901771950000198,-4.978351593,-1.593835592,1.605569839,3.456033707,0.2072259486,1.468670845
