vehicle_id,position_x,position_y,position_z,mvec_x,mvec_y,mvec_z,bbox_x_min,bbox_x_max,bbox_y_min,bbox_y_max,bbox_z_min,bbox_z_max
0,34.931949615,15.407498835000002,0.95182088035,-0.15484619000000066,0.07010555499999782,0.0247304438,34.14476395,35.71913528,13.22446346,17.59053421,0.4778851867,1.425756574
2,31.163482665,20.91765976,0.80427373955,0.021658900000002035,0.046297070000001384,0.10895332665000002,30.71984863,31.6071167,19.72589493,22.10942459,0.1378131211,1.470734358
2,27.73996544,-13.025534154999999,0.8544076085,0.016612055000003068,-0.04921150000000196,-0.15787371269649997,26.98910332,28.49082756,-15.25510502,-10.79596329,0.305716157,1.40309906
3,24.432429315,-16.424313545,0.8277933225999999,-0.018797880000001044,-0.04643917499999972,-0.005187466999999946,23.71192932,25.15292931,-18.07502174,-14.77360535,0.2028820962,1.452704549
5,21.34591484,1.6058881285,0.8220178259500001,-0.09499645500000042,-0.06058275724999995,-0.03745994340000014,19.06820679,23.62362289,0.398021698,2.813754559,0.1733482629,1.470687389
1,15.46219921,5.9282722475,0.77644189089,-0.1634931549999994,-0.09526777299999978,0.09423846360999999,13.82174873,17.10264969,5.117611885,6.73893261,0.06342820078,1.489455581
