vehicle_id,position_x,position_y,position_z,mvec_x,mvec_y,mvec_z,bbox_x_min,bbox_x_max,bbox_y_min,bbox_y_max,bbox_z_min,bbox_z_max
0,34.80035782,5.674939870999999,0.81408871705,0.046586989999994444,0.04712581650000036,0.0899920018,33.98215485,35.61856079,3.604628086,7.745251656,0.1709211171,1.457256317
1,31.19420338,11.66896677,0.9256132243499999,-0.0020103450000021894,0.4870686549999981,-0.020754605499999967,30.68293381,31.70547295,10.57398415,12.76394939,0.3646782637,1.486548185
5,28.30575752,-3.8814028505,0.7921305148,-0.1832599600000009,0.017478168499999835,-0.0028490307999999853,26.88739967,29.72411537,-5.943415642,-1.819390059,0.1319628656,1.452298164
1,23.815814969999998,5.6185703275000005,0.8189925328,-0.036900514999999245,-0.012691498000000578,0.08783350125000011,22.22469139,25.40693855,4.891476631,6.345664024,0.1516700536,1.486315012
3,24.352124215,-8.42176962,0.784955639635,0.0037269599999980585,-0.028518674000000743,0.10761789566500002,23.6888237,25.01542473,-10.0492363,-6.79430294,0.08076623827,1.489145041
2,27.82667923,-9.3621325495,0.88066931075,0.003342624999998378,0.020324467000000013,-0.04130422329999994,26.98713493,28.66622353,-11.65894413,-7.065320969,0.2972667515,1.46407187
