vehicle_id,position_x,position_y,position_z,mvec_x,mvec_y,mvec_z,bbox_x_min,bbox_x_max,bbox_y_min,bbox_y_max,bbox_z_min,bbox_z_max
0,28.15045452,-49.0764637,0.7407428922,0.019189835000002375,-0.09570122000000225,-0.015479296700000034,27.35907173,28.94183731,-49.79913712,-48.35379028,0.3561903834,1.125295401
2,24.630562779999998,-49.750398634999996,0.7972354593,0.005633360000004473,-0.02697181500000312,-0.004261955849999999,24.34564018,24.91548538,-50.37274551,-49.12805176,0.3149538636,1.279517055
1,-18.316463470000002,5.9006900785,0.790076837165,-0.012011529999998771,0.007303714999999045,0.19489537173500004,-19.47312355,-17.15980339,5.399658203,6.401721954,0.09685203433,1.48330164
2,-15.447666165000001,2.3952808384999997,0.81879388565,-0.09251880999999962,0.007335901000000256,-0.015315369099999976,-17.21302795,-13.68230438,1.648793221,3.141768456,0.1697807163,1.467807055
