vehicle_id,position_x,position_y,position_z,mvec_x,mvec_y,mvec_z,bbox_x_min,bbox_x_max,bbox_y_min,bbox_y_max,bbox_z_min,bbox_z_max
0,27.48774624,-49.180696485,0.6162276610299999,0,0,0,27.36776924,27.60772324,-49.43003082,-48.93136215,0.01316733006,1.219287992
0,28.47753811,-46.41465759,0.6945225449,0.05976009000000104,-0.08147049000000095,-0.013936355999999983,27.7085228,29.24655342,-47.04816818,-45.781147,0.2522142828,1.136830807
2,24.83103466,-48.727336885,0.72949137707,-0.4037837950000025,-0.04598998999999537,0.22121169228000004,24.11927605,25.54279327,-49.43096161,-48.02371216,0.04433565214,1.414647102
1,-16.742413995,5.8215494155,0.8522130551,-0.044639589999999174,0.007142543500000542,-0.003610462149999938,-17.56594467,-15.91888332,5.210307121,6.43279171,0.2954605222,1.408965588
2,-12.26592779,2.4305119514999998,0.8724679050499999,-0.04972172000000086,0.07455658900000017,-0.022979259049999978,-13.51460743,-11.01724815,1.655930042,3.205093861,0.3615215421,1.383414268
