vehicle_id,position_x,position_y,position_z,mvec_x,mvec_y,mvec_z,bbox_x_min,bbox_x_max,bbox_y_min,bbox_y_max,bbox_z_min,bbox_z_max
0,28.150225640000002,-41.628917695,0.8152127339499999,0.01134681999999998,-0.07438850500000171,-0.003737203699999969,27.46920395,28.83124733,-42.83270645,-40.42512894,0.1971653849,1.433260083
1,24.97233105,-44.09407234,0.8048465253000001,0.027219769999998533,-0.07716369999999984,-0.013769910050000167,24.28386307,25.66079903,-44.616436,-43.57170868,0.3839577436,1.225735307
1,-12.8292799,5.802341461,0.7981869986,0.012067795000000103,0.00715923300000032,-0.02276434710499997,-14.18139458,-11.47716522,5.237916946,6.366765976,0.1186231002,1.477750897
2,-7.879775285500001,2.528097391,0.87802943565,-0.013085127499999238,0.025130034000000023,-0.021050646900000025,-9.979944229,-5.779606342,1.625700474,3.430494308,0.3073217273,1.448737144
