vehicle_id,position_x,position_y,position_z,mvec_x,mvec_y,mvec_z,bbox_x_min,bbox_x_max,bbox_y_min,bbox_y_max,bbox_z_min,bbox_z_max
0,34.922876360000004,7.5876450535,0.86496597545,-0.1292037999999991,0.005996227999999881,-0.09452874206499995,34.09659958,35.74915314,5.607303619,9.567986488,0.2680058479,1.461926103
1,31.35047436,13.95724154,0.84876909085,0.01681613499999912,0.04440164000000024,0.053846486150000095,30.6923008,32.00864792,12.43384171,15.48064137,0.2065328807,1.491005301
5,27.32376957,-2.4114168885,0.8232274430000001,0.020361900000001043,0.1765967612499999,-0.008317418650000019,25.57888985,29.06864929,-4.428090096,-0.394743681,0.177450493,1.469004393
3,24.390803339999998,-9.743017673,0.81783217175,0.0382471050000035,-0.07680416399999856,0.0019791800499999734,23.68101311,25.10059357,-11.43617916,-8.049856186,0.1490216255,1.486642718
1,22.395793915,5.7401266095,0.88644769795,-0.05808067499999936,-0.06696700999999994,-0.11370243521000001,20.78772736,24.00386047,5.037307739,6.44294548,0.2797675729,1.493127823
2,27.82667923,-9.3621325495,0.88066931075,0.003342624999998378,0.020324467000000013,-0.04130422329999994,26.98713493,28.66622353,-11.65894413,-7.065320969,0.2972667515,1.46407187
