vehicle_id,position_x,position_y,position_z,mvec_x,mvec_y,mvec_z,bbox_x_min,bbox_x_max,bbox_y_min,bbox_y_max,bbox_z_min,bbox_z_max
0,34.786783215,8.4236702915,0.87243524185,0.051296239999999216,0.014795780000000036,0.0005025118000000495,34.07336044,35.50020599,6.482538223,10.36480236,0.2943734527,1.450497031
1,31.274374965,14.825214865,0.94537384815,0.01676463500000125,0.09303951000000055,-0.10869970925000005,30.69684029,31.85190964,13.34822178,16.30220795,0.4044726193,1.486275077
5,26.779338835,-1.66049242005,0.7735237965199999,0.028930665000000744,-0.04976117605000008,-0.011451762219999884,24.90059662,28.65808105,-3.5400002,0.2190153599,0.07993421704,1.467113376
3,24.460095405,-10.370341299,0.84083475195,0.017672539999999515,-0.01689720250000093,-4.180554999999586e-05,23.64567947,25.27451134,-11.96873283,-8.771949768,0.1893774569,1.492292047
1,21.66166973,5.6191959385,0.8364549205499999,-0.07165432000000038,0.13771629299999955,0.0007496474500000572,20.04866028,23.27467918,4.983612061,6.254779816,0.1859210581,1.486988783
2,27.82667923,-9.3621325495,0.88066931075,0.003342624999998378,0.020324467000000013,-0.04130422329999994,26.98713493,28.66622353,-11.65894413,-7.065320969,0.2972667515,1.46407187
