vehicle_id,position_x,position_y,position_z,mvec_x,mvec_y,mvec_z,bbox_x_min,bbox_x_max,bbox_y_min,bbox_y_max,bbox_z_min,bbox_z_max
0,34.962314605,19.937685010000003,0.9964538813000001,-0.33710289000000415,-0.02224350000000186,-0.022879153700000154,34.1597023,35.76492691,17.96850204,21.90686798,0.6010211706,1.391886592
2,31.314281465,25.996276854999998,0.90542501215,0.014172549999997841,0.05050468499999994,0.00047634529999995845,30.72257042,31.90599251,24.38098526,27.61156845,0.3228524923,1.487997532
2,27.748517035,-17.517601015,0.8620792032,0.037474635000002365,-0.03358316499999958,-0.009172275650000006,27.04575348,28.45128059,-19.42025757,-15.61494446,0.2645595074,1.459598899
0,24.08342266,-21.80047798,1.08409103755,0.23365211500000171,0.7610292400000027,-0.19087643934999987,23.80214691,24.36469841,-22.39712906,-21.2038269,0.6832665801,1.484915495
5,16.799903395,2.3078753945,0.768959295045,-0.05669928000000013,-0.03713631599999978,0.08190104740500004,14.56921101,19.03059578,1.31003046,3.305720329,0.06715741009,1.47076118
1,10.861796377000001,5.797275543,0.7709102349,-0.16347551000000138,0.13216733950000048,0.06018119165000002,9.249152184,12.47444057,5.131233215,6.463317871,0.0544394888,1.487380981
