vehicle_id,position_x,position_y,position_z,mvec_x,mvec_y,mvec_z,bbox_x_min,bbox_x_max,bbox_y_min,bbox_y_max,bbox_z_min,bbox_z_max
0,34.848373415,33.808897015,0.92934504145,-0.05037879999999717,0.9760551500000005,-0.14202766125,34.34083939,35.35590744,32.98532867,34.63246536,0.6221836209,1.236506462
0,28.07082367,-31.800333025,0.8311073034,0.00899314500000159,-0.06906508999999872,-0.00383560329999999,27.35999107,28.78165627,-32.98035431,-30.62031174,0.2551380098,1.407076597
1,24.65143204,-35.371707915,1.0055438878,0.0644264200000002,-0.046648024999996096,-0.011547357300000005,24.07203484,25.23082924,-36.79439163,-33.9490242,0.5388668776,1.472220898
1,-3.4907130005,5.862915039,0.8802320210000001,-0.0467087024999997,-0.041464805499999535,0.013478085699999864,-4.962095261,-2.01933074,5.114754677,6.611075401,0.275691241,1.484772801
2,1.8016650529,2.5425963405,0.8690574469,-0.005959808849999915,-0.030029058499999817,0.0011670883500000118,-0.4263100922,4.029640198,1.586137772,3.499054909,0.2681946158,1.469920278
