vehicle_id,position_x,position_y,position_z,mvec_x,mvec_y,mvec_z,bbox_x_min,bbox_x_max,bbox_y_min,bbox_y_max,bbox_z_min,bbox_z_max
0,34.99616623,12.38914728,0.85655096165,-0.2359466599999962,0.5773572950000005,-0.030342191549999953,34.10529709,35.88703537,10.67082977,14.10746479,0.2437412143,1.469360709
1,31.163294790000002,18.97030449,0.9495289920000001,0.023436549999999556,0.09263420000000266,-0.13469946355000006,30.71947479,31.60711479,17.63022995,20.31037903,0.410595417,1.488462567
2,27.859679225,-10.822740554,0.83444162485,-0.082300189999998,-0.00070095050000063,0.026412151300000075,26.98822594,28.73113251,-12.92419052,-8.721290588,0.2001113147,1.468771935
3,24.41248894,-14.02637005,0.84385734775,0.07719421000000182,-0.020712849999998895,0.01618593969999993,23.6871624,25.13781548,-15.65120316,-12.40153694,0.1996695995,1.488045096
5,23.502060890000003,0.74857079965,0.8316466659,0.0379161799999963,-0.01182425024999989,-0.013350270849999957,21.39143753,25.61268425,-0.7498061657,2.246947765,0.1991210878,1.464172244
1,17.672976495,5.766993999,0.77137867386,-0.102766514999999,-0.008142947500000552,0.00014784712000004419,16.01297188,19.33298111,5.036170959,6.497817039,0.05464668572,1.488110662
