vehicle_id,position_x,position_y,position_z,mvec_x,mvec_y,mvec_z,bbox_x_min,bbox_x_max,bbox_y_min,bbox_y_max,bbox_z_min,bbox_z_max
0,34.97119522,28.115283965000003,0.8828244952,0.050004959999995435,0.0838355999999969,-0.020327582499999997,34.16487503,35.77751541,26.8548584,29.37570953,0.3197244704,1.44592452
1,31.241020205,34.43107605,0.6888927891,0.04147815499999652,0.1073303249999924,-0.013117704450000045,30.83776093,31.64427948,33.04888153,35.81327057,0.1294082552,1.248377323
0,28.006296159999998,-26.5691967,0.70842930675,0.03274727000000155,0.8102321650000022,-0.04761472365000008,27.21836281,28.79422951,-28.62829971,-24.51009369,0.2997713685,1.117087245
0,24.63694382,-29.213142395,0.96438197775,-0.029393194999997263,-0.04685020500000192,-0.011118679950000043,24.05757332,25.21631432,-30.40122604,-28.02505875,0.4461037815,1.482660174
1,2.4731142520000002,5.829353809500001,0.87708681835,-0.34623789755,-0.020896434500000893,-0.08291126420000006,1.00548768,3.940740824,5.080770493,6.577937126,0.2687091827,1.485464454
2,7.1099910735,2.6466128825,1.252805948,-0.07397270200000072,-0.11320996299999964,0.03444248449999998,5.643582344,8.576399803,1.860566139,3.432659626,1.034157991,1.471453905
