vehicle_id,position_x,position_y,position_z,mvec_x,mvec_y,mvec_z,bbox_x_min,bbox_x_max,bbox_y_min,bbox_y_max,bbox_z_min,bbox_z_max
0,35.02103233,33.352527615,0.8457215725,-0.3314170849999982,0.070232395000005,0.15754270580000007,34.17959213,35.86247253,32.46889114,34.23616409,0.384706676,1.306736469
1,31.481626509999998,38.796022415,0.5753998718000001,-0.01011085500000064,0.11632346999999754,-0.0168343968550001,30.71820068,32.24505234,38.56643677,39.02560806,0.1182606146,1.032539129
0,28.214977265,-31.426031115,0.7946640925999999,0.030361174999999463,-0.048179624999999504,-0.0006458014999999317,27.27473259,29.15522194,-32.84148026,-30.01058197,0.1511386782,1.438189507
1,24.84218216,-34.380270005,0.8100844322499999,0.03401946999999694,-0.03350639500000341,-0.012408398149999944,24.16819382,25.5161705,-35.34824753,-33.41229248,0.2748631835,1.345305681
1,-3.07199049,5.867702484,0.81713279335,-0.03987669950000017,0.03492307650000104,0.09164919719999998,-4.720698357,-1.423282623,5.182366371,6.553038597,0.1424346417,1.491830945
2,2.3938709946000003,2.4976174835,0.8848409355,0.057656422049999545,-0.019585370999999796,-0.016131371299999975,0.1390255392,4.64871645,1.501391888,3.493843079,0.298274219,1.471407652
