vehicle_id,position_x,position_y,position_z,mvec_x,mvec_y,mvec_z,bbox_x_min,bbox_x_max,bbox_y_min,bbox_y_max,bbox_z_min,bbox_z_max
0,35.087968825000004,43.42782974,0.52829457549,0,0,0,34.21120834,35.96472931,42.96446609,43.89119339,0.02993812598,1.026651025
1,31.342592240000002,48.690841675,0.7657979874,0,0,0,31.13364601,31.55153847,48.30896759,49.07271576,0.4848523438,1.046743631
0,28.14390564,-41.554544449999995,0.98676344735,0.006320000000002324,-0.07437324500000386,-0.17155071340000005,27.47851753,28.80929375,-42.79032898,-40.31875992,0.5331838727,1.440343022
1,24.94844818,-44.017938615,0.8181311935,0.023882870000001333,-0.07613372499999826,-0.01328466819999985,24.26605797,25.63083839,-44.54389954,-43.49197769,0.398566097,1.23769629
1,-12.785612584999999,5.795048714,0.81439938405,-0.04366731500000043,0.007292747000000155,-0.016212385450000033,-14.19458485,-11.37664032,5.238665581,6.351431847,0.1536267251,1.475172043
2,-7.9279079425,2.51590991,0.8633003087,0.048132656999999135,0.012187481000000222,0.01472912695000006,-10.18132591,-5.674489975,1.616468906,3.415350914,0.2706266344,1.455973983
