vehicle_id,position_x,position_y,position_z,mvec_x,mvec_y,mvec_z,bbox_x_min,bbox_x_max,bbox_y_min,bbox_y_max,bbox_z_min,bbox_z_max
0,35.04936218,39.620981215,0.7323725375,-0.003622050000004151,0.0955009500000017,-0.13283450904499994,34.18771362,35.91101074,38.92289352,40.31906891,0.339879185,1.12486589
0,28.21943855,-37.5758419,0.93027731785,-0.0474205000000012,-0.07991028,-0.01698198934999995,27.57879066,28.86008644,-38.5847702,-36.5669136,0.5149928927,1.345561743
1,24.18806362,-42.87094688,0.76615801435,0.7902631799999966,1.5388336149999944,0.08133286279999996,24.14054489,24.23558235,-42.95370483,-42.78818893,0.5015311837,1.030784845
1,25.03654766,-40.54205513,0.86461958265,-0.05822086000000226,-0.7900581350000024,-0.01712870550000012,24.39417267,25.67892265,-41.30465317,-39.77945709,0.3019066453,1.42733252
1,-9.0524988165,5.8545737265,0.86222638175,-0.04804516050000096,0.00915670400000046,0.04314135050000001,-10.38540077,-7.719596863,5.322587967,6.386559486,0.2388911545,1.485561609
2,-3.6207314135,2.5796849725,0.8606403469,-0.028768837499999922,-0.11859965299999997,0.01793786899999994,-5.326278687,-1.91518414,1.603654861,3.555715084,0.2523761988,1.468904495
