vehicle_id,position_x,position_y,position_z,mvec_x,mvec_y,mvec_z,bbox_x_min,bbox_x_max,bbox_y_min,bbox_y_max,bbox_z_min,bbox_z_max
0,28.169644355000003,-49.17216492,0.7252635955,-0.004917145000000289,-0.09521865499999649,-0.15882355268000004,27.37407684,28.96521187,-49.8761673,-48.46816254,0.336681366,1.113845825
2,24.636196140000003,-49.77737045,0.79297350345,0.005250924999998574,-0.0252475800000056,-0.003975778900000004,24.35185242,24.92053986,-50.39652252,-49.15821838,0.3098574579,1.276089549
1,-18.328475,5.907993793499999,0.9849722089,-0.011077874999998016,0.0068712235000010224,-0.002749249549999999,-19.46557808,-17.19137192,5.406433105,6.409554482,0.4852170348,1.484727383
2,-15.540184975,2.4026167395,0.80347851655,-0.12053442000000025,0.006775855999999969,-0.015233278249999982,-17.28704262,-13.79332733,1.64808321,3.157150269,0.1382251531,1.46873188
