vehicle_id,position_x,position_y,position_z,mvec_x,mvec_y,mvec_z,bbox_x_min,bbox_x_max,bbox_y_min,bbox_y_max,bbox_z_min,bbox_z_max
0,28.08578682,-43.696641924999994,0.92188861945,0.011543275000001074,-0.043807985000000826,0.0006784651999999225,27.45284271,28.71873093,-45.15366364,-42.23962021,0.4081116319,1.435665607
1,-14.030123710000002,6.00618124,0.85819692915,-0.07683658499999879,-0.16227197599999954,0.09468364684999997,-14.86327076,-13.19697666,5.205426216,6.806936264,0.2824453413,1.433948517
2,-9.3057801705,2.464177847,0.8403027503,0.028131961499999747,0.014543294999999734,0.016419962200000082,-11.08337402,-7.528186321,1.642735481,3.285620213,0.2675299346,1.413075566
