vehicle_id,position_x,position_y,position_z,mvec_x,mvec_y,mvec_z,bbox_x_min,bbox_x_max,bbox_y_min,bbox_y_max,bbox_z_min,bbox_z_max
0,34.924661635,39.084104535,0.8242150248,0.03383254999999963,0.08794784499999508,-0.015047773649999874,34.14305496,35.70626831,38.27275848,39.89545059,0.4571594596,1.19127059
0,28.295310020000002,-37.154323579999996,0.8444485514,0.02713680499999782,-0.05862426500000595,-0.017678424450000008,27.43965912,29.15096092,-38.28222275,-36.02642441,0.2858719528,1.40302515
1,24.863314629999998,-40.08750534000001,0.94531643405,0.026632310000003656,-0.07279205499999364,-0.011656820899999976,24.25767708,25.46895218,-41.01994324,-39.15506744,0.4137629271,1.476869941
1,-8.4984018805,5.901950359000001,0.7962210701,-0.04408144900000188,0.029073238999998807,0.00204263615000011,-9.834299088,-7.162504673,5.186998367,6.616902351,0.1185391992,1.473902941
2,-3.167335093,2.433941841,0.7908471336,-0.02053213149999955,0.0092313289999999,-0.032519500264999945,-5.058040142,-1.276630044,1.609570026,3.258313656,0.1156820282,1.466012239
