vehicle_id,position_x,position_y,position_z,mvec_x,mvec_y,mvec_z,bbox_x_min,bbox_x_max,bbox_y_min,bbox_y_max,bbox_z_min,bbox_z_max
0,34.90210724000001,38.82971001,0.8677828907,0.008859634999993204,0.08141707999999426,-0.01392103730000005,34.17318344,35.63103104,37.96110535,39.69831467,0.5133901834,1.222175598
0,28.22010231,-36.91968346,0.840579808,0.024487494999998916,-0.07884024999999895,-0.012670770649999885,27.43187523,29.00832939,-38.18527222,-35.6540947,0.259729147,1.421430469
1,24.78837967,-39.896677014999995,0.9764545264,0.0246362650000016,-0.05345726000000184,-0.008376255700000002,24.19777107,25.37898827,-40.94417572,-38.84917831,0.4628389478,1.490070105
1,-8.3656213285,5.841311455,0.7928799091,-0.04473018650000071,0.019812106999999912,0.11273585280000009,-9.862695694,-6.868546963,5.186569214,6.496053696,0.1193204522,1.466439366
2,-3.1362584828,2.404831886,0.8474044127,0.006561756299999999,0.008349895999999912,-0.005183704150000024,-5.288490772,-0.9840261936,1.603230953,3.206432819,0.2285960764,1.466212749
