vehicle_id,position_x,position_y,position_z,mvec_x,mvec_y,mvec_z,bbox_x_min,bbox_x_max,bbox_y_min,bbox_y_max,bbox_z_min,bbox_z_max
0,30.85619545,52.803369520000004,0.6987164319,0,0,0,30.72031403,30.99207687,52.66016769,52.94657135,0.3605428338,1.03689003
0,28.18517876,-45.59077454,0.8067529200500001,0.03399944000000232,-0.08906173500000136,-0.01506111025000012,27.50493813,28.86541939,-46.41210938,-44.7694397,0.3763539791,1.237151861
2,24.766531945,-48.28006363,0.79249123855,0.011761660000001228,-0.05784606999999653,-0.0014776849500000022,24.04509354,25.48797035,-49.08259201,-47.47753525,0.1203431711,1.464639306
1,-16.41732931,6.0536804195,0.8813757895,-0.03879928499999963,0.016052723500000532,-0.012284681150000032,-17.50361061,-15.33104801,5.374184608,6.733176231,0.341173768,1.421577811
2,-11.917413235,2.47420764,0.8755073546500001,-0.012297630000000837,0.015780448999999752,-0.01972559085000003,-13.75272274,-10.08210373,1.539886475,3.408528805,0.2872035503,1.463811159
