vehicle_id,position_x,position_y,position_z,mvec_x,mvec_y,mvec_z,bbox_x_min,bbox_x_max,bbox_y_min,bbox_y_max,bbox_z_min,bbox_z_max
0,34.909503935000004,24.706140519999998,0.862922117,0.011617659999998864,0.14867973000000134,0.10471132414999995,34.16387939,35.65512848,22.64165497,26.77062607,0.257943362,1.467900872
2,31.21338463,29.685697554999997,0.92884072675,0.02713966499999998,0.08209229000000562,-0.017803549799999985,30.7288208,31.69794846,28.90213776,30.46925735,0.4557513595,1.401930094
2,27.87914181,-22.10931969,0.9076066762499999,-0.03805923999999905,-0.06698035500000188,-0.13602497421499993,27.11303711,28.64524651,-23.93812943,-20.28050995,0.3470443785,1.468168974
0,24.540218355,-25.65530014,0.8665373324,-0.02153492499999743,-0.06360244999999765,-0.020449883949999914,23.91125107,25.16918564,-27.35009384,-23.96050644,0.2618029118,1.471271753
1,6.3502080445,5.88291502,0.8050253167,-0.05008411450000061,-0.07362890250000032,0.05807310359999995,4.707987309,7.99242878,5.149726868,6.616103172,0.1258452684,1.484205365
