vehicle_id,position_x,position_y,position_z,mvec_x,mvec_y,mvec_z,bbox_x_min,bbox_x_max,bbox_y_min,bbox_y_max,bbox_z_min,bbox_z_max
0,34.698316575,17.24085569,0.8485578895,0.030578609999999173,0.008466725000001674,0.00463795644999998,34.15907288,35.23756027,15.54280376,18.93890762,0.296913743,1.400202036
2,31.319643974999998,22.913455965,0.8704646973500001,-0.03802109000000087,0.9302349099999994,-0.015228718250000162,30.85182953,31.78745842,22.13919449,23.68771744,0.3323786557,1.408550739
2,27.887320515,-14.96921539,0.8526694925,-0.03052901999999591,-0.398697855,-0.04878212525000003,27.02539062,28.74925041,-16.79873466,-13.13969612,0.240149647,1.465189338
3,24.47464275,-18.06405735,0.83163657795,-0.008655545000003428,-0.05695247999999964,0.020939737650000012,23.71775436,25.23153114,-19.08355141,-17.04456329,0.1773894429,1.485883713
5,19.092040060000002,2.0792045595,0.7960384191,-0.12376213000000291,0.01776814449999975,-0.008704614199999905,16.80135727,21.38272285,1.054776192,3.103632927,0.1209477782,1.47112906
1,13.21307945,5.782157898,0.81797856815,-0.16831302500000156,0.018284797499998895,0.007293358499999902,11.60336494,14.82279396,5.125413895,6.438901901,0.1469773203,1.488979816
