vehicle_id,position_x,position_y,position_z,mvec_x,mvec_y,mvec_z,bbox_x_min,bbox_x_max,bbox_y_min,bbox_y_max,bbox_z_min,bbox_z_max
0,35.020122525000005,39.529779435,0.74796484405,0.02923965499999781,0.09120177999999868,-0.01559230654999999,34.1672554,35.87298965,38.81370926,40.24584961,0.3595839441,1.136345744
0,28.14058876,-37.4964447,0.9471604228,0.07884978999999959,-0.0793972000000025,-0.016883104950000005,27.45200348,28.82917404,-38.52399063,-36.46889877,0.5372065306,1.357114315
1,25.00330925,-40.454748155000004,0.8817688229,0.03323840999999916,-0.08730697499999707,-0.017149240249999975,24.36767006,25.63894844,-41.23228455,-39.67721176,0.3236125708,1.439925075
1,-9.0167117125,6.0530085565,0.8826499431999999,-0.035787104000000625,-0.19843483000000006,-0.020423561449999905,-10.3976326,-7.635790825,5.2996521,6.806365013,0.2780745924,1.487225294
2,-3.5891643765,2.5656666755,0.8791955263,-0.0315670370000003,0.01401829699999979,-0.018555179399999955,-5.369958401,-1.808370352,1.638981819,3.492351532,0.2903514206,1.468039632
