vehicle_id,position_x,position_y,position_z,mvec_x,mvec_y,mvec_z,bbox_x_min,bbox_x_max,bbox_y_min,bbox_y_max,bbox_z_min,bbox_z_max
0,34.8101635,15.515897275,0.8974934369500001,0.0389118199999956,-0.0056581500000003615,0.05444440230000003,34.15619278,35.46413422,13.37539959,17.65639496,0.3495000899,1.445486784
2,31.20583439,21.01017761,0.8979869487000001,0.021992685000000733,0.044374470000001054,-0.09204380990000005,30.71918869,31.69248009,19.91627121,22.10408401,0.3238897324,1.472084165
2,27.7902689,-13.15991354,0.7072265074,0.04897498999999783,-0.0389876349999998,0.0985738411,26.97863388,28.60190392,-15.34474659,-10.97508049,0.0540214628,1.360431552
3,24.41676903,-16.52026558,0.8375054153,-0.02299213499999908,-0.048687460000000016,-0.033949084750000025,23.70092392,25.13261414,-18.08316612,-14.95736504,0.2445130646,1.430497766
5,21.12707424,1.5815973284,0.78396935745,-0.09150790999999714,0.1199400424999999,0.02698645030000013,18.89975929,23.35438919,0.5263047218,2.636889935,0.1005037129,1.467435002
1,15.22426081,5.803552151,0.8112946004999999,-0.03493595499999991,-0.02614593499999973,0.013876452850000054,13.52475262,16.923769,5.037280083,6.569824219,0.13420555,1.488383651
