vehicle_id,position_x,position_y,position_z,mvec_x,mvec_y,mvec_z,bbox_x_min,bbox_x_max,bbox_y_min,bbox_y_max,bbox_z_min,bbox_z_max
0,28.308111189999998,-50.638059615,0.7734334543,0.023386954999999432,-0.04874038500000211,-0.011324789180000017,27.53576851,29.08045387,-51.80397415,-49.47214508,0.1075288206,1.439338088
2,-16.386657239999998,2.4709370135,0.849628061,-0.0030379300000014098,0.006706238000000031,-0.01274701935,-18.08213425,-14.69118023,1.652346611,3.289527416,0.284057796,1.415198326
1,-19.011666295,5.698035239999999,1.217331141,0.0858316400000021,0.17302656200000044,-0.04829150410000005,-20.33779716,-17.68553543,5.290099144,6.105971336,0.94641608,1.488246202
