vehicle_id,position_x,position_y,position_z,mvec_x,mvec_y,mvec_z,bbox_x_min,bbox_x_max,bbox_y_min,bbox_y_max,bbox_z_min,bbox_z_max
0,34.85269165,42.240392685,0.7490279973,0.014345169999998575,0.0890407549999992,-0.014337375600000035,34.17108917,35.53429413,41.44325638,43.03752899,0.3459002376,1.152155757
1,31.05104923,47.758768079999996,0.89523997895,0,0,0,30.82890701,31.27319145,47.32961273,48.18792343,0.6268035769,1.163676381
0,28.4241209,-40.19096184,0.8204676658,-0.14750861999999643,-0.07328414500000235,-0.016370058050000025,27.49955177,29.34869003,-41.2075882,-39.17433548,0.2963286936,1.344606638
1,24.942455289999998,-42.934856415,0.83308358495,0.006724359999999763,-0.08891296000000182,-0.016571462200000053,24.14437294,25.74053764,-43.68581009,-42.18390274,0.2869568169,1.379210353
1,-11.30813551,5.8465595245,0.86984723815,-0.05238104000000021,0.06447649000000055,-0.00024802995000006156,-12.36876106,-10.24750996,5.183157921,6.509961128,0.2553554773,1.484338999
2,-5.9546744825,2.532615185,0.8896178157500001,-0.044403314500000235,0.002238273499999721,-0.025755107649999998,-7.442848206,-4.466500759,1.624816895,3.440413475,0.3297760785,1.449459553
