vehicle_id,position_x,position_y,position_z,mvec_x,mvec_y,mvec_z,bbox_x_min,bbox_x_max,bbox_y_min,bbox_y_max,bbox_z_min,bbox_z_max
0,34.95705223,14.456788540000002,0.83890238395,0.09789275999999347,0.009984019999997429,-0.0013778881500000617,34.11738968,35.79671478,12.61176586,16.30181122,0.2215360999,1.456268668
1,31.06799221,21.52842331,0.93005797285,0,0,0,30.71981239,31.41617203,20.92047882,22.1363678,0.3962367177,1.463879228
2,27.804591180000003,-12.444953439999999,0.85806184985,0.02430724999999967,-0.009190085000000181,-0.07012301639999996,26.99494934,28.61423302,-14.60338306,-10.28652382,0.2648251057,1.451298594
3,24.360339165,-15.752907275,0.85184132305,0.016490935000000206,-0.02999877999999967,-0.03209317490000008,23.69920921,25.02146912,-17.23186493,-14.27394962,0.2142712921,1.489411354
5,21.799218175,1.3988724948,0.77552320435,-0.098716735,-0.00759291679999996,0.07254173954999998,19.57316589,24.02527046,0.2073471546,2.590397835,0.0806742087,1.4703722
1,15.88363314,5.7927126885,0.82094173115,-0.07025004000000123,0.12140321749999927,0.0019480438499999142,14.17346478,17.5938015,5.046972275,6.538453102,0.1512262523,1.49065721
