vehicle_id,position_x,position_y,position_z,mvec_x,mvec_y,mvec_z,bbox_x_min,bbox_x_max,bbox_y_min,bbox_y_max,bbox_z_min,bbox_z_max
0,35.074249269999996,29.352025985,0.9466509225499999,-0.3851642649999931,0.019035339999998513,-0.01791179190000003,34.14399338,36.00450516,27.65943146,31.04462051,0.5141116381,1.379190207
0,28.0380106,-27.20978737,0.8121881185,0.009731289999997728,0.0626392349999989,0.029648960000000057,27.21439934,28.86162186,-29.13071823,-25.28885651,0.287568748,1.336807489
1,24.726984979999997,-30.46002197,0.8176181689500001,0.029433250000003852,-0.011268620000002727,-0.02290164665000005,23.93650246,25.5174675,-32.10857391,-28.81147003,0.1832289249,1.452007413
1,1.64567159125,5.8786005975,0.8654511051,-0.3267792759999999,-0.04763650900000016,0.017943106649999985,0.1590075195,3.132335663,5.164923668,6.592277527,0.2493987232,1.481503487
2,6.431909323,2.4815428255,1.14741820105,-0.14121604000000065,0.11914372499999981,0.013318300149999907,4.807068348,8.056750298,1.677482605,3.285603046,0.8247382641,1.470098138
