vehicle_id,position_x,position_y,position_z,mvec_x,mvec_y,mvec_z,bbox_x_min,bbox_x_max,bbox_y_min,bbox_y_max,bbox_z_min,bbox_z_max
0,34.912109375,13.30614996,0.8604272457,0.04133987500000558,0.031173229999998497,-0.11500876785999992,34.10808182,35.71613693,11.41849327,15.19380665,0.2574099004,1.463444591
1,31.321154595,19.487133025,0.85364712785,0.007878299999998006,0.36096573000000376,0.028163656699999984,30.73062134,31.91168785,18.11545181,20.85881424,0.2366453707,1.470648885
2,27.821043015,-11.355865953999999,0.8735316844,-0.0743522650000017,-0.002658368000002298,-0.003917619949999951,26.96357727,28.67850876,-13.4552021,-9.256529808,0.2872452438,1.459818125
3,24.380028725000003,-14.737792970000001,0.8622994123000001,0.008851049999996974,-0.048094269999999995,-0.09320932977000007,23.69866371,25.06139374,-16.39631653,-13.07926941,0.2408165336,1.483782291
5,22.920186045,1.1166653634500001,0.7424543368650001,-0.16276074000000307,-0.056855201800000144,0.0027606636999999434,20.74021149,25.1001606,-0.2673406601,2.500671387,0.01851496473,1.466393709
1,17.06617117,5.7882680895,0.7823562511050001,-0.13103532499999915,-0.023823737999999928,0.09230532849499984,15.35538387,18.77695847,5.061332703,6.515203476,0.07681296021,1.487899542
