vehicle_id,position_x,position_y,position_z,mvec_x,mvec_y,mvec_z,bbox_x_min,bbox_x_max,bbox_y_min,bbox_y_max,bbox_z_min,bbox_z_max
0,28.302882195000002,-42.27485275,0.7439419552,-0.013569835000001973,-0.7684917449999986,-0.01899173079999994,27.58068085,29.02508354,-43.26819992,-41.28150558,0.1274055094,1.360478401
1,24.70302105,-44.768608095,0.68401858225,0,0,0,24.45757675,24.94846535,-45.21761322,-44.31960297,0.2414492965,1.126587868
1,-13.522566795,5.81587553,0.9146278798999999,-0.050833705000000506,0.032440663000000924,-0.015177309599999966,-14.73845768,-12.30667591,5.12335968,6.50839138,0.3648284078,1.464427352
2,-8.1631388665,2.50882411,0.88377122585,-0.3614408969999996,0.016325474000000284,-0.0005313455500000064,-9.701410294,-6.624867439,1.626891613,3.390756607,0.2979768217,1.46956563
