vehicle_id,position_x,position_y,position_z,mvec_x,mvec_y,mvec_z,bbox_x_min,bbox_x_max,bbox_y_min,bbox_y_max,bbox_z_min,bbox_z_max
0,35.123880385,42.686681750000005,0.6771512031,0.0311870600000006,0.24438857999999186,0.26703661675,34.55268097,35.6950798,41.98464966,43.38871384,0.2537776232,1.100524783
0,28.19503498,-41.148111345000004,1.0662603079,0.01888466000000122,-0.03791236499999684,-0.007810413449999887,27.70304108,28.68702888,-42.62187195,-39.67435074,0.6640245318,1.468496084
1,24.999969485,-43.397771835,0.9080499115,-0.18611336000000023,-0.08558845999999676,-0.012529135200000097,24.1486702,25.85126877,-44.03731918,-42.75822449,0.494861424,1.321238399
1,-12.273606775000001,5.959779739,0.8476218654500001,-0.050161364999999236,-0.045456886000000196,0.012007408050000001,-13.80600357,-10.74120998,5.195065498,6.72449398,0.2410551459,1.454188585
2,-6.831267357,2.595911026,0.8723369242000001,-0.26166105250000005,0.015058040500000036,-0.016048506250000094,-8.680500984,-4.98203373,1.646550655,3.545271397,0.2767043114,1.467969537
