vehicle_id,position_x,position_y,position_z,mvec_x,mvec_y,mvec_z,bbox_x_min,bbox_x_max,bbox_y_min,bbox_y_max,bbox_z_min,bbox_z_max
0,28.220474245,-44.24334335,0.8804495185,0.016728400000001642,-0.07033539500000074,-0.012859270049999982,27.48722649,28.953722,-45.38075256,-43.10593414,0.361055702,1.399843335
1,24.354162215000002,-48.423374175000006,1.0045998395,0,0,0,24.06858635,24.63973808,-49.07029724,-47.77645111,0.542794168,1.466405511
2,25.09617901,-46.137668610000006,0.7064164579000001,0,0,0,24.98726273,25.20509529,-46.29255295,-45.98278427,0.4635239244,0.9493089914
1,-15.518987655,5.7836365700000005,0.8787837475,-0.05781554999999905,0.08223819699999879,-0.01227934644999995,-16.98240471,-14.0555706,5.199270248,6.368002892,0.281993717,1.475573778
2,-9.709486487,2.4003436565,0.90132057665,-0.8421649915000007,0.0104367729999999,-0.010807454649999992,-10.95880795,-8.460165024,1.617729187,3.182958126,0.3581089973,1.444532156
