vehicle_id,position_x,position_y,position_z,mvec_x,mvec_y,mvec_z,bbox_x_min,bbox_x_max,bbox_y_min,bbox_y_max,bbox_z_min,bbox_z_max
0,34.882759095,27.9153862,0.8503280357999999,0.02720260499999938,0.05739593499999884,-0.015134245199999952,34.15781021,35.60770798,26.52017593,29.31059647,0.2417675406,1.458888531
2,28.03572273,-24.867183685,0.67822217925,0.07363700999999878,-0.0864810949999999,-0.008657902099999948,27.41170692,28.65973854,-25.552742,-24.18162537,0.2540073395,1.102437019
0,24.819706915,-29.08185196,0.79034033435,-0.21845435999999907,-0.040155409999997005,0.06306479090000006,24.05287552,25.58653831,-30.43937302,-27.7243309,0.1072824597,1.473398209
1,2.667028308,5.9074225425,0.8754381238,-0.04637724199999971,-0.06105518349999972,0.002188265599999961,1.110030413,4.224026203,5.148833275,6.66601181,0.2745482326,1.476328015
2,7.3640673165,2.7236914635,1.2775081395,-0.16460323350000028,-0.1748685834999999,0.0175879000000001,5.852278233,8.8758564,1.99917984,3.448203087,1.090750217,1.464266062
