vehicle_id,position_x,position_y,position_z,mvec_x,mvec_y,mvec_z,bbox_x_min,bbox_x_max,bbox_y_min,bbox_y_max,bbox_z_min,bbox_z_max
0,34.980688095000005,15.633046625,0.82508432115,-0.027809145000006197,0.06177806999999902,0.12843119334999997,34.13116455,35.83021164,13.82983303,17.43626022,0.2070211023,1.44314754
2,31.31858635,22.12423706,0.8402300401499999,0.02435683999999938,0.0371513400000012,-0.004140667299999845,30.72232056,31.91485214,20.54608536,23.70238876,0.2283494323,1.452110648
2,27.704522134999998,-13.32492542,0.786938742,0.040005680000000154,-0.5270214099999997,-0.053101204349999986,26.9686451,28.44039917,-15.16762161,-11.48222923,0.306173116,1.267704368
3,24.379858015,-16.723783490000002,0.8124454467500001,0.06972408500000071,-0.07022238499999744,0.0029741898499998642,23.7167263,25.04298973,-17.97270393,-15.47486305,0.2285037935,1.3963871
5,20.74424648,1.8128333091000002,0.7949376367000001,-0.16249370500000282,-0.07372307795000022,-0.039720132905000094,18.40473747,23.08375549,0.6727323532,2.952934265,0.1191106364,1.470764637
1,14.710402015,5.812467574999999,0.8536781741999999,-0.07385158499999989,-0.014109610999999411,-0.07162972550999991,13.02301884,16.39778519,5.059511185,6.565423965,0.2154660374,1.491890311
