vehicle_id,position_x,position_y,position_z,mvec_x,mvec_y,mvec_z,bbox_x_min,bbox_x_max,bbox_y_min,bbox_y_max,bbox_z_min,bbox_z_max
0,30.78396034,52.548290249999994,0.73020115495,0,0,0,30.71886253,30.84905815,52.44137573,52.65520477,0.3612520099,1.0991503
0,28.26884365,-43.214330675,0.703674994235,0.024353980000000774,-0.0762977549999988,0.09302394876499998,27.45261574,29.08507156,-44.93038559,-41.49827576,0.07092814147,1.336421847
2,24.812475205,-44.93860817,0.9135434625500001,0,0,0,24.63842201,24.9865284,-45.37690735,-44.50030899,0.7267687321,1.100318193
1,-13.624388695,5.908669949,0.885626361,-0.05038213499999955,-0.0039029125000000775,-0.014492094849999915,-14.73090172,-12.51787567,5.247084618,6.57025528,0.308196038,1.463056684
2,-8.5396959805,2.404116869,0.8687071950499999,-0.020473238000001004,0.007613658999999995,-0.008004158649999815,-10.25365067,-6.825741291,1.631385803,3.176847935,0.2660888731,1.471325517
