vehicle_id,position_x,position_y,position_z,mvec_x,mvec_y,mvec_z,bbox_x_min,bbox_x_max,bbox_y_min,bbox_y_max,bbox_z_min,bbox_z_max
0,27.986921315,-47.81134224,0.9486770630999999,0.013475414999998492,-0.03867912500000159,-0.006699412949999872,27.38784409,28.58599854,-49.08346176,-46.53922272,0.6657047272,1.231649399
2,24.49349594,-49.091527935,0.9007468969000001,0.008736615000000114,-0.042100910000002045,-0.006597235800000156,24.19891739,24.78807449,-49.77087402,-48.41218185,0.4356215298,1.365872264
1,-17.117331505,5.8717570304999995,0.79841075095,-0.04257392999999965,0.005082607500000336,-0.011260412649999996,-17.84579659,-16.38886642,5.210061073,6.533452988,0.2444974929,1.352324009
2,-13.341187,2.506944895,0.9698458164000001,-0.048596859999999964,-0.023913860499999995,-0.18704637125000012,-14.83721542,-11.84515858,1.680370808,3.333518982,0.4854740798,1.454217553
