vehicle_id,position_x,position_y,position_z,mvec_x,mvec_y,mvec_z,bbox_x_min,bbox_x_max,bbox_y_min,bbox_y_max,bbox_z_min,bbox_z_max
0,34.9984436,30.726013185,0.8982680292,0.08866882499999917,0.08167839000000043,-0.01729322990000004,34.17480087,35.82208633,29.7090683,31.74295807,0.4277116954,1.368824363
1,31.318522455,37.2476902,0.98912528165,0.016787530000001993,0.05129242000000289,-0.006856679800000043,30.7162323,31.92081261,35.84396744,38.65141296,0.5416534543,1.436597109
0,27.8169117,-29.20175743,0.7561452333600001,0.010921475000003511,0.20629882500000107,0.1938694474899999,27.25854111,28.37528229,-30.96984863,-27.43366623,0.04326258972,1.469027877
1,24.76450157,-32.062623975,0.8825174272,0.02675629000000157,-0.034542089999995085,-0.014025420200000083,24.11571121,25.41329193,-33.2950592,-30.83018875,0.2854284644,1.47960639
1,-0.38853698950000004,5.851480007499999,0.8930230885,-0.2460330129999999,-0.03418254899999873,-0.030637353849999993,-1.931717157,1.154643178,5.169671059,6.533288956,0.302388221,1.483657956
2,5.039992452,2.565962076,0.8751941921999999,-0.25821757349999963,-0.07560133949999992,0.005401298050000003,3.035501719,7.044483185,1.586707115,3.545217037,0.2811083794,1.469280005
