vehicle_id,position_x,position_y,position_z,mvec_x,mvec_y,mvec_z,bbox_x_min,bbox_x_max,bbox_y_min,bbox_y_max,bbox_z_min,bbox_z_max
0,28.284436225,-51.3182106,1.2062925102,-0.2005319599999993,0.43934821499999543,-0.2299068272499999,28.03461456,28.53425789,-51.92480087,-50.71162033,0.9896701574,1.422914863
1,-18.797745704999997,6.007310867499999,0.9925172627000001,0.014627459999996262,0.013819694500000423,0.01635099934999995,-20.24495506,-17.35053635,5.217707634,6.796914101,0.4480590224,1.536975503
2,-16.568768025,2.5097112655,0.9200076165500001,-0.25006008499999766,-0.012685060499999956,0.09097646149999983,-17.88717651,-15.25035954,1.662220478,3.357202053,0.4649574161,1.375057817
