vehicle_id,position_x,position_y,position_z,mvec_x,mvec_y,mvec_z,bbox_x_min,bbox_x_max,bbox_y_min,bbox_y_max,bbox_z_min,bbox_z_max
0,28.129281045,-43.96795845,0.9107925293500001,0.025279995000001776,-0.06782341000000258,-0.004489481200000145,27.41511154,28.84345055,-45.23143387,-42.70448303,0.3981844187,1.42340064
1,25.0288229,-45.852848050000006,0.7557461858000001,0,0,0,24.89966774,25.15797806,-46.09516525,-45.61053085,0.5296279788,0.9818643928
1,-15.314442635,5.8964595795,0.8782259224,-0.051346299999998735,-0.12637138350000043,0.0014536380500000945,-16.95620728,-13.67267799,5.215474129,6.57744503,0.2909101248,1.46554172
2,-9.688319204999999,2.5260427,0.85527686765,-0.019196509500000403,0.07371950149999984,-0.018646754050000047,-11.34042072,-8.03621769,1.62212801,3.42995739,0.2416988313,1.468854904
