vehicle_id,position_x,position_y,position_z,mvec_x,mvec_y,mvec_z,bbox_x_min,bbox_x_max,bbox_y_min,bbox_y_max,bbox_z_min,bbox_z_max
0,34.802335740000004,13.043303009999999,0.905912593,0.018173214999997356,0.13770533000000107,0.0030786246999998657,34.13356781,35.47110367,10.85704803,15.22955799,0.361002475,1.450822711
1,31.21155262,19.088710785,0.8149381876,0.09414672999999851,-0.38975715500000163,0.10647678399999994,30.71895409,31.70415115,17.72080994,20.45661163,0.1382510662,1.491625309
2,27.80742073,-11.082830429000001,0.85725294075,0.02989864499999939,-0.056957721499998115,0.019266604999999992,26.99080086,28.6240406,-13.33285141,-8.832809448,0.2630312145,1.451474667
3,24.511498449999998,-14.11329651,0.84357280295,-0.14669608999999895,-0.08921718500000075,-0.0020249037500000844,23.68491554,25.33808136,-15.65400124,-12.57259178,0.1978585869,1.489287019
5,23.3913765,0.82054424295,0.769782815115,-0.10396671999999896,-0.009556054999999897,0.006108004615000051,21.1908989,25.5918541,-0.5127930641,2.15388155,0.07758063823,1.461984992
1,17.523807525,5.805703163,0.8789935705999999,-0.10409736499999767,-0.03709554699999984,-0.020560100549999905,15.82338333,19.22423172,5.108515739,6.502890587,0.2651324272,1.492854714
