vehicle_id,position_x,position_y,position_z,mvec_x,mvec_y,mvec_z,bbox_x_min,bbox_x_max,bbox_y_min,bbox_y_max,bbox_z_min,bbox_z_max
0,34.785791395000004,20.061914445,0.8875260503,0.0014667549999956009,0.050966260000002706,0.04932181525000001,34.14364624,35.42793655,18.42341614,21.70041275,0.3112525046,1.463799596
2,31.382686614999997,26.242425915,0.8873102518,0.011822700000003294,-0.39478873999999564,-0.01746477195000007,30.72906876,32.03630447,24.86032104,27.62453079,0.3078181446,1.466802359
2,27.90729141,-18.319349289999998,0.90521939095,-0.08568668000000201,-0.010614395000001053,-0.0998423623000001,27.08745956,28.72712326,-20.54380417,-16.09489441,0.3409129679,1.469525814
0,24.48736477,-21.313776015000002,0.88933493175,0.07700061999999974,-0.12075424500000054,-0.05546234540000006,23.8077507,25.16697884,-22.63702774,-19.99052429,0.3019299805,1.476739883
1,10.2930369355,5.848025799,0.8098261581999999,-0.018881320500000243,-0.02788066899999997,-0.0005336926499999173,8.652105331,11.93396854,5.132878304,6.563173294,0.1286794394,1.490972877
5,16.439026355,2.3496723175,0.775482181665,-0.1609845149999991,-0.03822779650000019,-0.0007608869200000923,14.38842869,18.48962402,1.340171337,3.359173298,0.07990718633,1.471057177
