vehicle_id,position_x,position_y,position_z,mvec_x,mvec_y,mvec_z,bbox_x_min,bbox_x_max,bbox_y_min,bbox_y_max,bbox_z_min,bbox_z_max
0,34.869258880000004,12.117121695,0.87208840275,-0.0052051550000058455,0.0474243199999993,0.00988860385000001,34.12444305,35.61407471,10.05416584,14.18007755,0.3036565185,1.440520287
1,31.382365225,18.223768235,0.92316785445,0.019265179999997883,0.04936599499999872,-0.018382325550000078,30.71530342,32.04942703,16.78059769,19.66693878,0.3745138049,1.471821904
2,27.748830795,-10.307588576499999,0.8505543844500001,0.05421065999999897,-0.21874332600000201,0.010702468299999879,26.89932632,28.59833527,-12.37538719,-8.239789963,0.2322598249,1.468848944
3,24.398947715,-13.353182795,0.8680582342,-0.03085422499999879,-0.07303094500000107,-0.04783131914999994,23.69252777,25.10536766,-14.88852406,-11.81784153,0.2478292584,1.48828721
5,24.056460379999997,0.38868892200000005,0.82942844905,0.008116725000000713,-0.008923173000000006,-0.013825870900000092,21.9226532,26.19026756,-1.05116868,1.828546524,0.1882355511,1.470621347
1,18.32413387,5.7273116115,0.81227190775,-0.13540458499999986,0.11222362449999945,0.013652712399999989,16.60481834,20.0434494,5.082547188,6.372076035,0.1341406405,1.490403175
