vehicle_id,position_x,position_y,position_z,mvec_x,mvec_y,mvec_z,bbox_x_min,bbox_x_max,bbox_y_min,bbox_y_max,bbox_z_min,bbox_z_max
0,34.920324324999996,11.1756830235,0.9194868805,0.022602080000005742,0.09234666700000105,-0.03653235755000006,34.11571884,35.72492981,9.247128487,13.10423756,0.373794198,1.465179563
1,31.247783660000003,17.46588659,0.83217361595,-0.00482654500000379,0.0453381549999996,0.0019671838000000497,30.71353531,31.78203201,15.96487331,18.96689987,0.1870416999,1.477305532
2,27.792619705,-9.7602078935,0.768579036025,0.026807785000002582,-0.20232796600000036,0.134128391525,26.98225975,28.60297966,-11.92299271,-7.597423077,0.07916253805,1.457995534
3,24.381331445,-12.649514674999999,0.7952496036,0.009060859999998172,-0.031218049999999664,0.06966232534999994,23.68302155,25.07964134,-14.30350971,-10.99551964,0.1060135812,1.484485626
5,24.65949535,-0.03338885349999998,0.7775142753700001,0.028182989999997687,-0.024592518000000063,-0.023188879875000068,22.64277267,26.67621803,-1.653536797,1.58675909,0.08397649974,1.471052051
1,19.05998135,5.7711606025,0.8337561785000001,-0.15815067999999854,0.016136646499999685,-0.0494302846600001,17.39704514,20.72291756,5.056325912,6.485995293,0.179084599,1.488427758
