vehicle_id,position_x,position_y,position_z,mvec_x,mvec_y,mvec_z,bbox_x_min,bbox_x_max,bbox_y_min,bbox_y_max,bbox_z_min,bbox_z_max
0,34.870519635,25.907779689999998,1.0226179062499998,0.05201911999999709,0.048471455000001384,-0.012998521449999911,34.17416763,35.56687164,24.35566711,27.45989227,0.5784798265,1.466755986
2,31.44828701,31.572916035,0.91005559255,-0.09478092500000201,0.04217147500000351,-0.009558752300000029,31.01367569,31.88289833,30.61786652,32.52796555,0.4410555661,1.379055619
2,27.93762493,-23.27175522,0.92603303495,0.03656005999999934,-0.061340330000000165,-0.057599470249999896,27.10803795,28.76721191,-24.48247528,-22.06103516,0.4142670929,1.437798977
0,24.619880674999997,-26.802503585,0.8583896609,0.03643512500000412,-0.04904365500000196,-0.03124050044999993,23.94766426,25.29209709,-27.96383667,-25.6411705,0.2346088588,1.482170463
1,4.675531864,5.7778234484999995,0.7936152889,-0.02950882900000007,0.033798693999999685,0.07349074654999999,3.03729105,6.313772678,5.147788048,6.407858849,0.1000217348,1.487208843
5,8.848424435,3.126496315,1.3315027355,-0.1428098680000005,-0.030268907499999997,-0.022021591499999937,8.543716431,9.153132439,3.121188164,3.131804466,1.259431958,1.403573513
