vehicle_id,position_x,position_y,position_z,mvec_x,mvec_y,mvec_z,bbox_x_min,bbox_x_max,bbox_y_min,bbox_y_max,bbox_z_min,bbox_z_max
0,34.935400005000005,26.808469775,0.90568862835,0.043851859999996634,0.036493300000003615,-0.003851771000000004,34.17471313,35.69608688,24.67715836,28.93978119,0.3420500457,1.469327211
2,31.323332784999998,31.71500015,0.87849673605,0.039353375000004576,0.07166290500000017,-0.014975532650000067,30.65680885,31.98985672,30.9082489,32.5217514,0.3767951131,1.380198359
2,27.930360795,-23.908065795,0.8567968158,0.008518219999999133,-0.046928405000002726,-0.0091839801000001,27.15700722,28.70371437,-25.46890259,-22.347229,0.2614207566,1.452172875
0,24.479369165,-26.951774595,0.8598148301499999,0.031013489999999422,-0.06707763500000041,0.11172010730000004,23.90475655,25.05398178,-27.96669769,-25.9368515,0.2382427603,1.4813869
1,4.5165235995,5.8923826214999995,0.79259961089,-0.31571805450000046,-0.05257797199999992,0.06718505940999997,3.028376102,6.004671097,5.154500961,6.630264282,0.09914837778,1.486050844
5,8.4189305305,3.059295416,1.26071614,0.05456399900000086,-0.047532558999999974,0.05430913000000004,7.918756485,8.919104576,3.032866478,3.085724354,1.115640044,1.405792236
