vehicle_id,position_x,position_y,position_z,mvec_x,mvec_y,mvec_z,bbox_x_min,bbox_x_max,bbox_y_min,bbox_y_max,bbox_z_min,bbox_z_max
0,34.897428515,17.26886892,0.9014015643000001,-0.23086166499999905,-0.007884024999999184,-0.04174545375000005,34.14959717,35.64525986,15.33974361,19.19799423,0.3879298866,1.414873242
2,31.240866660000002,22.85470009,0.8879659623,0.03943443499999688,0.024501799999999463,-0.007577374550000071,30.77992821,31.70180511,22.0227356,23.68666458,0.3671387136,1.408793211
2,27.83713913,-14.939069750000002,0.8117459564499999,0.020604134999999246,-0.011847489999997407,0.04524460440000011,27.01592636,28.6583519,-16.91755295,-12.96058655,0.1524070799,1.471084833
3,24.37752628,-17.97297382,0.8839011788500001,0.061103825,-0.040996554999999546,-0.014062464300000022,23.72040176,25.0346508,-19.08389091,-16.86205673,0.2820626497,1.485739708
5,19.252069470000002,2.0792880055,0.76365740605,-0.11615180500000122,-0.06747460350000001,0.02340209120000003,16.97958946,21.52454948,1.024428844,3.134147167,0.0564699471,1.470844865
1,13.37098837,5.7965655325,0.772954707845,-0.07112025999999894,-0.03946828800000013,0.09573515700500002,11.64876652,15.09321022,5.061354637,6.531776428,0.05420137569,1.49170804
