vehicle_id,position_x,position_y,position_z,mvec_x,mvec_y,mvec_z,bbox_x_min,bbox_x_max,bbox_y_min,bbox_y_max,bbox_z_min,bbox_z_max
0,34.990148545,35.493740079999995,1.0284831822,0.036649705000002086,0.06709289500000182,-0.012073487149999895,34.45958328,35.52071381,34.54283142,36.44464874,0.7263471484,1.330619216
1,31.426327705,40.350955965,0.5286100358,0,0,0,31.33774567,31.51490974,40.3198967,40.38201523,0.2467056215,0.8105144501
0,28.145650865,-33.58514023,0.9379590898,0.024123189999997408,-0.04513739999999444,-0.0034259260500000277,27.35523796,28.93606377,-35.12225342,-32.04802704,0.4207197726,1.455198407
1,24.82993603,-36.16205025,0.95886340745,0.019541740000001084,-0.08513450000000233,-0.0156248363,24.17957497,25.48029709,-36.96126175,-35.36283875,0.4782606959,1.439466119
1,-4.877134204,5.910630703,0.7689048276,-0.08972799799999986,0.011958599000000625,0.040110126099999976,-6.354569912,-3.399698496,5.167860031,6.653401375,0.0546399802,1.483169675
2,0.52682209,2.4728491305,0.857382588,-0.27926170799999994,0.04906487449999952,-0.002703703899999965,-1.541412115,2.595056295,1.589320183,3.356378078,0.243777737,1.470987439
