vehicle_id,position_x,position_y,position_z,mvec_x,mvec_y,mvec_z,bbox_x_min,bbox_x_max,bbox_y_min,bbox_y_max,bbox_z_min,bbox_z_max
0,34.984477995,19.060224535,0.8279369025000001,-0.022163389999995786,0.877460475000003,0.16851697880000005,34.1349678,35.83398819,17.90178299,20.21866608,0.254014045,1.40185976
2,31.30005646,25.9454937,0.9042284337500001,0.014225005000000124,0.05078315499999775,0.0011965783999999813,30.72002411,31.88008881,24.28446198,27.60652542,0.3240964115,1.484360456
2,27.70181465,-17.47382164,0.8791473507500001,0.04670238499999968,-0.04377937499999973,-0.01706814755000008,27.00751114,28.39611816,-19.45253372,-15.49510956,0.2891350985,1.469159603
0,24.259685515,-20.936720845,0.91424195465,-0.17626285500000094,-0.8637571350000002,0.1698490828999999,23.75552177,24.76384926,-22.55428314,-19.31915855,0.3462590873,1.482224822
5,16.956644535000002,2.247606039,0.8599889727,-0.15674114000000117,0.06026935550000001,-0.09102967765499992,14.75996494,19.15332413,1.268297672,3.226914406,0.2481648624,1.471813083
1,10.907739162999999,5.8069553375,0.8718868196999999,-0.04594278599999768,-0.009679794500000227,-0.10097658479999994,9.306736946,12.50874138,5.128241539,6.485669136,0.2512786984,1.492494941
