vehicle_id,position_x,position_y,position_z,mvec_x,mvec_y,mvec_z,bbox_x_min,bbox_x_max,bbox_y_min,bbox_y_max,bbox_z_min,bbox_z_max
0,34.837137225000006,31.134296414999998,0.81177710005,-0.11881256500000603,0.909051895000001,0.028030470050000034,34.43798447,35.23628998,30.19956207,32.06903076,0.3160046041,1.307549596
0,27.865563395000002,-29.176361085,0.87479972855,0.010544774999996065,-0.04754638500000041,-0.0197406564,27.2696991,28.46142769,-30.46463776,-27.88808441,0.3226524591,1.426946998
1,24.58014107,-32.279006960000004,1.0071957411999999,0.0030298199999982955,-0.06297301999999405,-0.01622840769999989,24.00937653,25.15090561,-33.27884293,-31.27917099,0.5312317014,1.483159781
1,-0.8700425624999999,5.831568718,0.751781981585,-0.12601816644999997,0.01842594100000028,0.11487605031500003,-2.410119772,0.670034647,5.156682968,6.506454468,0.02689226717,1.476671696
2,4.4481593375,2.5136246685,0.84973772625,-0.015166283500000155,-0.10910463349999988,-0.025174915649999963,2.242222548,6.654096127,1.585092545,3.442156792,0.2282621115,1.471213341
