vehicle_id,position_x,position_y,position_z,mvec_x,mvec_y,mvec_z,bbox_x_min,bbox_x_max,bbox_y_min,bbox_y_max,bbox_z_min,bbox_z_max
0,34.905418395,22.833892825,0.93258219945,0.015089040000006548,0.16309737999999996,-0.07662962345000002,34.1414566,35.66938019,20.72314072,24.94464493,0.4567327499,1.408431649
2,31.330569269999998,28.52396774,0.76492243635,0.02311325000000153,0.1215477000000007,0.024113509900000052,30.71944237,31.94169617,27.0286293,30.01930618,0.1143276617,1.415517211
2,27.770254135000002,-20.739592549999998,0.9862457813,0.036660189999999204,0.058266634999998956,-0.004198729999999928,26.99435234,28.54615593,-22.90562439,-18.57356071,0.5087290406,1.463762522
0,24.40125656,-23.784683225000002,0.86172874255,0.005486490000002675,-0.056766509999999215,0.05126829480000006,23.79877281,25.00374031,-25.47188568,-22.09748077,0.2396991551,1.48375833
1,8.1504285335,5.8073930745,0.84105303155,-0.028172254999999424,-0.021634579000000542,-0.024036250999999953,6.464861393,9.835995674,5.136365891,6.478420258,0.1933106631,1.4887954
5,14.949355125,2.842568159,1.05437317495,-0.1339688300000006,0.08416223550000002,-0.033328354250000025,13.64493561,16.25377464,2.337944031,3.347192287,0.6704182029,1.438328147
