vehicle_id,position_x,position_y,position_z,mvec_x,mvec_y,mvec_z,bbox_x_min,bbox_x_max,bbox_y_min,bbox_y_max,bbox_z_min,bbox_z_max
0,34.898811339999995,21.084049225,0.84241333615,0.048728945000007684,0.04001427000000035,-0.0029307234000001126,34.17258072,35.62504196,18.87213516,23.29596329,0.2426334023,1.44219327
2,31.30344677,26.801239015,0.98175628495,0.04705810499999785,0.055862425000000826,-0.007748588899999964,30.75611877,31.85077477,25.27203751,28.33044052,0.4913525879,1.472159982
2,27.730181695,-18.440027235000002,0.9188338669,0.2755193700000014,-0.4017581949999993,-0.014742762050000024,27.08669281,28.37367058,-20.35540771,-16.52464676,0.3786391318,1.459028602
0,24.15158272,-22.20304489,0.9078636171,0.14890860999999944,0.0005550350000014248,0.01296237109999998,23.78401375,24.51915169,-23.28358459,-21.12250519,0.3448123932,1.470914841
1,9.9558033935,5.805472374,0.82486694305,-0.027942655500000413,0.03133583050000066,-0.04358725228499993,8.306319237,11.60528755,5.087071419,6.523873329,0.1579724401,1.491761446
5,16.14489794,2.3168520925,0.89189471325,-0.0534234050000002,-0.0503826140000001,-0.0007146302500000701,14.20496655,18.08482933,1.357578754,3.276125431,0.3132887185,1.470500708
