vehicle_id,position_x,position_y,position_z,mvec_x,mvec_y,mvec_z,bbox_x_min,bbox_x_max,bbox_y_min,bbox_y_max,bbox_z_min,bbox_z_max
0,34.875679015,13.284097675,0.8780139984499999,0.03643035999999711,0.022052285000000893,-0.01758675274999999,34.10683441,35.64452362,11.36156178,15.20663357,0.2931780219,1.462849975
1,31.293334005,19.436208725,0.87215001865,0.027820590000001033,0.05092429999999837,-0.018502890800000005,30.70355606,31.88311195,18.00816727,20.86425018,0.2751066983,1.469193339
2,27.925436975,-11.3497028345,0.7843458804,-0.10439395999999945,-0.00616311949999826,0.08918580399999998,26.96742058,28.88345337,-13.50177574,-9.197629929,0.1004842818,1.468207479
3,24.403654099999997,-14.645968915000001,0.90962559005,-0.02362537499999462,-0.09182405500000002,-0.04732617774999992,23.69381523,25.11349297,-16.30730438,-12.98463345,0.3328925371,1.486358643
5,23.02245808,0.9387154579999999,0.83183038255,-0.1022720349999986,0.17794990545000022,-0.0893760456849999,20.8325882,25.21232796,-0.455927372,2.333358288,0.1919411421,1.471719623
1,17.105805875,5.7769556044999995,0.79085236031,-0.03963470500000099,0.011312485000000372,-0.00849610920499988,15.41911793,18.79249382,5.066598892,6.487312317,0.09146223962,1.490242481
