vehicle_id,position_x,position_y,position_z,mvec_x,mvec_y,mvec_z,bbox_x_min,bbox_x_max,bbox_y_min,bbox_y_max,bbox_z_min,bbox_z_max
0,35.01543236,21.747385025,0.75479688513,-0.10167312499999781,0.048915865000001446,0.24285603312000004,34.14678574,35.88407898,20.22945404,23.26531601,0.05536453426,1.454229236
2,31.24272823,28.186159134999997,0.8991159797499999,0.013891224999998286,0.010972975000001384,-0.0036356599499999254,30.70664787,31.77880859,26.5561676,29.81615067,0.3306280375,1.467603922
2,27.86244011,-19.73984146,1.0755290985000001,-0.0016927750000022002,-0.0277385699999968,-0.2802285066000002,27.06917381,28.65570641,-21.4685173,-18.01116562,0.683601141,1.467457056
0,24.44338608,-22.916604995,0.9126380235,0.014392850000000124,-0.02702140999999969,0.0017719862499999683,23.79811287,25.08865929,-24.1675148,-21.66569519,0.349222213,1.476053834
1,8.6148934355,5.901522636499999,0.82786141315,-0.029389855000001575,0.07528972600000117,0.012376226949999958,6.872010231,10.35777664,5.072593689,6.730451584,0.1721660793,1.483556747
5,15.38300705,2.699056625,1.0636099875,-0.03375768999999984,-0.019674062500000034,-0.029669761550000118,14.03706551,16.72894859,1.951185703,3.446927547,0.671554625,1.45566535
