vehicle_id,position_x,position_y,position_z,mvec_x,mvec_y,mvec_z,bbox_x_min,bbox_x_max,bbox_y_min,bbox_y_max,bbox_z_min,bbox_z_max
0,34.871551515,6.837796211000001,0.9265320450500001,0.03874969499999992,-0.04086685150000058,-0.0427877309000001,34.06120682,35.68189621,4.806197166,8.869395256,0.3847977221,1.468266368
1,31.33789921,13.303874015,1.06545022145,-0.19065666500000233,0.007999894999999313,-0.16605156669999988,30.68298531,31.99281311,12.0615015,14.54624653,0.6373791099,1.493521333
5,27.879089355,-3.002044439,0.741007979205,0.07467746499999706,-0.0013694764999998554,0.10428542329500001,26.21494484,29.54323387,-4.926310539,-1.077778339,0.01123785041,1.470778108
3,24.372202875,-8.941619633,0.8102189751,0.003708835000001187,-0.0553319460000008,0.10207036140000003,23.68846321,25.05594254,-10.5420742,-7.341165066,0.1298323572,1.490605593
1,23.085630415,5.754848002999999,0.7852713579849999,-0.09474754000000019,-0.012896537499999638,0.09119615296500005,21.44864082,24.72262001,4.931311607,6.578384399,0.08233692497,1.488205791
2,27.82667923,-9.3621325495,0.88066931075,0.003342624999998378,0.020324467000000013,-0.04130422329999994,26.98713493,28.66622353,-11.65894413,-7.065320969,0.2972667515,1.46407187
