vehicle_id,position_x,position_y,position_z,mvec_x,mvec_y,mvec_z,bbox_x_min,bbox_x_max,bbox_y_min,bbox_y_max,bbox_z_min,bbox_z_max
0,34.752222059999994,7.2578749655,0.85129286355,0.05153846500000725,0.1680092809999989,0.03385677939999998,34.01193237,35.49251175,5.137166977,9.378582954,0.2354494631,1.467136264
1,31.25605774,13.7012496,0.8472608177,0.037526129999999824,-0.02315997999999908,0.015579141700000076,30.67539406,31.83672142,12.18614197,15.21635723,0.2149303854,1.47959125
5,27.683720585,-2.6036719086,0.8290986865,0.01606750499999876,-0.01270687540000015,-0.0104837713,25.86258888,29.50485229,-4.432130814,-0.7752130032,0.192309469,1.465887904
3,24.333488465000002,-9.378079177,0.81965720655,0.008747099999997232,-0.040623904000000266,0.05049301670000006,23.68834686,24.97863007,-11.0202446,-7.735913754,0.1501252651,1.489189148
1,22.698637965,5.645099163,0.8526902869,-0.14285183000000146,-0.04239416099999982,-0.0009905172500001003,21.07878876,24.31848717,4.958518982,6.331679344,0.2172570378,1.488123536
2,27.82667923,-9.3621325495,0.88066931075,0.003342624999998378,0.020324467000000013,-0.04130422329999994,26.98713493,28.66622353,-11.65894413,-7.065320969,0.2972667515,1.46407187
