vehicle_id,position_x,position_y,position_z,mvec_x,mvec_y,mvec_z,bbox_x_min,bbox_x_max,bbox_y_min,bbox_y_max,bbox_z_min,bbox_z_max
0,24.665019035,-49.915861129999996,0.77124476415,-0.0031156550000019934,0.01435470999999211,0.0018696935999999997,24.38222885,24.94780922,-50.52533722,-49.30638504,0.2848830223,1.257606506
1,-18.844633105,5.8344078065,0.759373001815,0.01961613000000284,0.175551414500001,0.219286791885,-20.34354401,-17.3457222,5.216463089,6.452352524,0.03538893163,1.483357072
2,-16.768774985,2.5295841695,1.07657271605,0.03453588500000038,-0.013110399499999925,-0.06953072525000015,-17.97363472,-15.56391525,1.672864914,3.386303425,0.7979162931,1.355229139
