vehicle_id,position_x,position_y,position_z,mvec_x,mvec_y,mvec_z,bbox_x_min,bbox_x_max,bbox_y_min,bbox_y_max,bbox_z_min,bbox_z_max
0,34.967567445,21.830228805,0.98278203605,0.10699462499999868,0.08163070499999847,-0.03927585484999996,34.17656708,35.75856781,20.48940277,23.17105484,0.5284126401,1.437151432
2,31.273733139999997,28.368749615,0.7849490158,0.014721870000002468,-0.07092857499999639,0.09828161060000007,30.7178936,31.82957268,26.72140884,30.01609039,0.1150983796,1.454799652
2,27.86259365,-19.81286812,0.9877314268499999,0.09680557000000078,-0.6893539400000002,0.0008443893500000854,27.08029747,28.64488983,-21.4398613,-18.18587494,0.5062200427,1.469242811
0,24.474755289999997,-22.98386383,0.9143905492,0.028339385000002437,-0.040338520000002376,-0.008109942150000049,23.79942513,25.15008545,-24.1369133,-21.83081436,0.3480920494,1.480689049
1,8.487370967,5.8128442765,0.767862424355,0.019060136000000227,-0.017084598500000325,0.05133931349499998,6.847948074,10.12679386,5.135828972,6.489859581,0.04906818271,1.486656666
5,15.21185732,2.745916605,1.0355531575,-0.03910541499999809,0.036849498999999675,-0.003141134950000124,13.84329891,16.58041573,2.099819183,3.392014027,0.622297287,1.448809028
