vehicle_id,position_x,position_y,position_z,mvec_x,mvec_y,mvec_z,bbox_x_min,bbox_x_max,bbox_y_min,bbox_y_max,bbox_z_min,bbox_z_max
0,34.86256218,15.54550886,0.8993803709,0.03842353999999659,0.03563499500000056,-0.09583571525000001,34.12358475,35.60153961,13.54426479,17.54675293,0.4169802368,1.381780505
2,31.250930785,21.120872499999997,0.8033837081,0.17584323999999896,0.8625297500000002,-0.057325029704999975,30.72349167,31.7783699,20.13248444,22.10926056,0.1359897852,1.470777631
2,27.80278397,-13.259892465,0.7784055324,-0.024266244999999742,0.023853779999999603,-0.007137388299999992,26.99765015,28.60791779,-15.28662491,-11.23316002,0.2297553718,1.327055693
3,24.40750027,-16.61651802,0.79297991115,0.021122929999997098,-0.05458593499999864,0.002866320050000093,23.70586205,25.10913849,-18.07697296,-15.15606308,0.2003445923,1.38561523
5,20.903505324999998,1.65259194365,0.8011883200000001,-0.04319285999999778,-0.009085416500000054,-0.016825653900000126,18.68619919,23.12081146,0.5486164093,2.756567478,0.130984962,1.471391678
1,15.019735815,5.8495044709999995,0.86776225995,-0.058607580000000326,-0.04234218599999906,-0.09472815859500006,13.31493855,16.72453308,5.097287178,6.601721764,0.2450358719,1.490488648
