vehicle_id,position_x,position_y,position_z,mvec_x,mvec_y,mvec_z,bbox_x_min,bbox_x_max,bbox_y_min,bbox_y_max,bbox_z_min,bbox_z_max
1,-18.981904985,5.8460283275,0.9793091415999999,0.057150844999998895,-0.0008931155000002633,0.0023501814499999885,-20.40279198,-17.56101799,5.225451469,6.466605186,0.5291916132,1.42942667
0,24.7629776,-50.016233445,1.0432259141,-0.097958564999999,0.10037231500000132,-0.27198114995,24.56513977,24.96081543,-50.58679199,-49.4456749,0.8376466632,1.248805165
2,-16.808463095,2.576089382,1.06740376355,0.005716320000001218,-0.0015497205000003511,0.0013432503999999401,-18.01159477,-15.60533142,1.749788761,3.402390003,0.7881526351,1.346654892
