vehicle_id,position_x,position_y,position_z,mvec_x,mvec_y,mvec_z,bbox_x_min,bbox_x_max,bbox_y_min,bbox_y_max,bbox_z_min,bbox_z_max
0,34.96340561,38.505989075,0.9231403169999999,0.03005027500000068,0.08045005500000002,-0.013768464099999989,34.39183426,35.53497696,37.5708046,39.44117355,0.583798945,1.262481689
0,28.153211595000002,-36.67185593,0.8862375915,0.014317509999997924,-0.0515708900000007,-0.00965242104999997,27.41798973,28.88843346,-38.11693192,-35.22677994,0.338065207,1.434409976
1,24.845103260000002,-39.725744245,0.86259759195,0.01803970499999963,-0.05199050999999599,-0.011946923700000056,24.12493324,25.56527328,-41.02052307,-38.43096542,0.2484114319,1.476783752
1,-7.9282944205,5.807697773,0.9160758405,-0.05900454449999959,0.19545698149999957,-0.018285527700000026,-9.412216187,-6.444372654,5.192771912,6.422623634,0.344702512,1.487449169
2,-2.70254355655,2.5486476425,0.86042083815,-0.0032997727500001517,-0.05125427300000007,-0.11660091986499999,-4.829277992,-0.5758091211,1.513154984,3.584140301,0.2518959343,1.468945742
