vehicle_id,position_x,position_y,position_z,mvec_x,mvec_y,mvec_z,bbox_x_min,bbox_x_max,bbox_y_min,bbox_y_max,bbox_z_min,bbox_z_max
0,28.120383259999997,-48.793598175,0.7864880412,0.008872990000003966,-0.09342575499999839,-0.015103503850000033,27.36078262,28.8799839,-49.57141495,-48.0157814,0.4138415754,1.159134507
2,24.61182308,-49.66018295,0.8114324213499999,0.006554604999998048,-0.03150749499999961,-0.004961520499999872,24.32500648,24.89863968,-50.29310226,-49.02726364,0.3319319487,1.290932894
1,-18.705460545,5.83516264,0.8051395414,-0.016125679999998255,0.004002094000000511,-0.004369455950000045,-20.35656738,-17.05435371,5.294788361,6.375536919,0.1314015388,1.478877544
2,-15.293852805,2.573210716,0.8228876738500001,-0.040606019999998466,-0.19910430899999998,0.02262283144999988,-17.23491478,-13.35279083,1.635523796,3.510897636,0.2339397967,1.411835551
