vehicle_id,position_x,position_y,position_z,mvec_x,mvec_y,mvec_z,bbox_x_min,bbox_x_max,bbox_y_min,bbox_y_max,bbox_z_min,bbox_z_max
0,34.892053605,38.748285295,0.88169500255,0.010053635000005556,0.08142471499999715,-0.013912111849999964,34.17447281,35.6096344,37.86352539,39.6330452,0.5309843421,1.232405663
0,28.20031357,-36.849531174999996,0.85323804635,0.019788740000002747,-0.07015228500000603,-0.012658238350000017,27.42666817,28.97395897,-38.15330124,-35.54576111,0.2789691687,1.427506924
1,24.763843535,-39.853736874999996,0.9829835596,0.024536135000001735,-0.042940139999998905,-0.0065290331999999784,24.17850876,25.34917831,-40.95986938,-38.74760437,0.4786413312,1.487325788
1,-8.102716684499999,6.030962944,0.8509261980999999,-0.2629046440000007,-0.18965148900000006,-0.05804628899999997,-9.442142487,-6.763290882,5.187809944,6.874115944,0.2360398322,1.465812564
2,-2.7824118138,2.394539356,0.8507326469500001,-0.35384666900000017,0.010292530000000077,-0.0033282342500000617,-4.679386139,-0.8854374886,1.59736824,3.191710472,0.2298093289,1.471655965
