vehicle_id,position_x,position_y,position_z,mvec_x,mvec_y,mvec_z,bbox_x_min,bbox_x_max,bbox_y_min,bbox_y_max,bbox_z_min,bbox_z_max
0,28.076850890000003,-45.093200685,0.84697958845,0.0170917549999956,-0.08176421999999661,-0.006410196799999879,27.48169327,28.67200851,-45.99190903,-44.19449234,0.3905215859,1.303437591
2,24.716220855,-47.888113020000006,0.89831832035,0.0087804800000022,-0.04599189999998998,-0.007966518249999943,24.058218,25.37422371,-48.92590332,-46.85032272,0.3094909787,1.487145662
1,-16.23335075,5.9632520675,0.96565558,-0.016547684999999035,0.012154102500000263,-0.013337835499999895,-17.56088638,-14.90581512,5.36655426,6.559949875,0.469307214,1.462003946
2,-11.2461948405,2.4631826875,0.9024008065,-0.042320248500001156,0.006481647500000243,-0.010900497499999995,-13.01467705,-9.477712631,1.62456274,3.301802635,0.351850301,1.452951312
