vehicle_id,position_x,position_y,position_z,mvec_x,mvec_y,mvec_z,bbox_x_min,bbox_x_max,bbox_y_min,bbox_y_max,bbox_z_min,bbox_z_max
0,34.994089130000006,32.586412429999996,0.8972119836,-0.24002266000000816,0.05387115500000306,-0.0032348631999999933,34.05392075,35.93425751,31.47330093,33.69952393,0.3926188052,1.401805162
1,31.346764565,38.01468468,0.7274119405499999,-0.06610870500000132,0.03967665999999781,-0.0077012032499998995,30.8868866,31.80664253,37.31756592,38.71180344,0.3709236681,1.083900213
0,28.049105645,-30.737033845,0.8524984417500001,0.0034790049999990913,-0.10171508999999901,-0.017152018500000143,27.32550621,28.77270508,-32.47875977,-28.99530792,0.2641634345,1.440833449
1,24.698703764999998,-33.866247175,0.7947285326,0.015294080000003873,-0.13738632500000136,-0.08947848163999994,24.06730652,25.33010101,-35.34817123,-32.38432312,0.2252259552,1.36423111
1,-1.9657748787,5.881152629500001,0.8559938000499999,-0.09984745115000004,0.04984521899999983,0.04038228830000001,-3.491811752,-0.4397380054,5.170588493,6.591716766,0.2311978191,1.480789781
2,3.5591680410000004,2.4840044975,0.87322121845,-0.10571110249999993,0.0036561490000002195,-0.0031212863499999743,1.443057418,5.675278664,1.591386795,3.3766222,0.2764158249,1.470026612
