vehicle_id,position_x,position_y,position_z,mvec_x,mvec_y,mvec_z,bbox_x_min,bbox_x_max,bbox_y_min,bbox_y_max,bbox_z_min,bbox_z_max
0,35.06170654,42.507791515,0.7059644014500001,0.031085969999999463,0.08944702499999835,-0.014406919749999969,34.49415588,35.6292572,41.76734161,43.24824142,0.2907531559,1.121175647
0,28.30529976,-41.114004135,1.07489532215,-0.22214508499999752,0.003776549999997769,-0.0008514819500000659,27.50355911,29.10704041,-42.71533585,-39.51267242,0.6968386173,1.452952027
1,25.048867225000002,-43.22736168,1.027908474,-0.06291294000000391,-0.0843505849999957,-0.11447674009999997,24.3022213,25.79551315,-43.89609909,-42.55862427,0.711286366,1.344530582
1,-12.186844350000001,5.908105373,0.776124358135,-0.04341840499999883,0.021650314500000434,0.07607494296499995,-13.82739735,-10.54629135,5.202962875,6.613247871,0.08346164227,1.468787074
2,-6.420049667000001,2.5742328165000004,0.88499210775,-0.027575731999998965,0.0018858914999997367,-0.01318301249999998,-8.059591293,-4.780508041,1.639901161,3.508564472,0.3162947595,1.453689456
