vehicle_id,position_x,position_y,position_z,mvec_x,mvec_y,mvec_z,bbox_x_min,bbox_x_max,bbox_y_min,bbox_y_max,bbox_z_min,bbox_z_max
0,34.76322174,25.30867577,0.8583503217,0.011995315000000062,0.0381278949999988,-0.015456467900000104,34.16932678,35.3571167,23.82728577,26.79006577,0.3014973104,1.415203333
2,31.567617415,31.316713335000003,0.749728717,-0.019124980000000846,0.040567400000000475,-0.018091328479999946,30.89619064,32.23904419,30.13307953,32.50034714,0.115330413,1.384127021
2,27.941188815,-22.89792824,0.87102554755,-0.11947822499999816,-0.04957199000000401,0.046563550800000075,27.12216759,28.76021004,-24.39266205,-21.40319443,0.2761110961,1.465939999
0,24.612737655,-26.53818512,0.81748683,0.054213524999997986,-0.04421997000000033,-0.027559704999999934,23.86520767,25.36026764,-28.0187912,-25.05757904,0.156929031,1.478044629
1,5.270870447,5.807362079500001,0.796700715875,-0.04096698750000005,0.004442691999999582,0.062538437725,3.650193214,6.89154768,5.145740509,6.46898365,0.09999370575,1.493407726
5,8.848424435,3.126496315,1.3315027355,-0.1428098680000005,-0.030268907499999997,-0.022021591499999937,8.543716431,9.153132439,3.121188164,3.131804466,1.259431958,1.403573513
