vehicle_id,position_x,position_y,position_z,mvec_x,mvec_y,mvec_z,bbox_x_min,bbox_x_max,bbox_y_min,bbox_y_max,bbox_z_min,bbox_z_max
0,34.868190765,32.302015305,0.90848360955,0.03198814499999969,0.052808760000004895,0.00046885030000010097,34.14204025,35.59434128,30.99219513,33.61183548,0.3996250331,1.417342186
1,31.27660942,37.81031036,0.76543636595,0.017838480000001766,0.050416949999998906,-0.009360075000000023,30.8824234,31.67079544,36.92070007,38.69992065,0.4450244009,1.085848331
0,27.961377145,-30.624425889999998,0.9140053836500001,0.03217887499999961,-0.02142143000000374,-0.014140337549999993,27.28284836,28.63990593,-32.68460846,-28.56424332,0.3583548963,1.469655871
1,24.637042045,-33.497016905,0.7833670305499999,0.007355689999997139,-0.0991573349999939,-0.006268866349999902,24.00920486,25.26487923,-35.01947784,-31.97455597,0.1455656141,1.421168447
1,-1.7260409611349998,5.8439335825,0.90051867075,-0.05845679516500013,0.031114101000000005,-0.026586756000000045,-3.426342964,-0.02573895827,5.172245026,6.515622139,0.3143288195,1.486708522
2,3.8545536995000003,2.502790213,0.8808627575,-0.09670257550000017,-0.03486800199999962,-0.001628920149999935,1.663796425,6.045310974,1.581976414,3.423604012,0.292262882,1.469462633
