vehicle_id,position_x,position_y,position_z,mvec_x,mvec_y,mvec_z,bbox_x_min,bbox_x_max,bbox_y_min,bbox_y_max,bbox_z_min,bbox_z_max
0,35.13198662,35.146038055,0.83427068595,-0.2821216599999943,0.03586388000000085,-0.007398784199999953,34.3439827,35.91999054,33.95822525,36.33385086,0.3194435239,1.349097848
0,28.229495049999997,-33.38693428,0.85518299045,-0.07285403999999573,-0.005853649999998822,0.0014046055999999973,27.33735466,29.12163544,-35.28058624,-31.49328232,0.2442754209,1.46609056
1,24.724643705,-35.73723793,0.9143004567999999,0.010140420000002592,-0.06702231999999952,-0.14832772909499992,24.0705471,25.37874031,-36.73087311,-34.74360275,0.3439110816,1.484689832
1,-4.44354701,5.7600698470000005,0.8490815313,-0.05652284650000006,0.01852655399999925,0.04760400930000008,-6.097748756,-2.789345264,5.1760149,6.344124794,0.2071256936,1.491037369
2,1.1315348447,2.541750431,0.85706172905,0.05423465380000003,-0.07352352149999986,-0.07863507822500004,-0.9494904876,3.212560177,1.587408543,3.496092319,0.2445757091,1.469547749
