vehicle_id,position_x,position_y,position_z,mvec_x,mvec_y,mvec_z,bbox_x_min,bbox_x_max,bbox_y_min,bbox_y_max,bbox_z_min,bbox_z_max
0,34.958494185,39.17205238,0.8091672511500001,-0.0035343150000031187,0.08851242500000467,-0.015160024350000079,34.17995834,35.73703003,38.37994003,39.96416473,0.4378349483,1.180499554
0,28.322446825,-37.212947845,0.82677012695,0.07805919500000158,-0.057428360000002954,-0.018881805549999964,27.4452076,29.19968605,-38.31771088,-36.10818481,0.2572565079,1.396283746
1,24.88994694,-40.160297395,0.93365961315,0.028340334999999328,-0.07777214000000043,-0.012497767800000004,24.27859879,25.50129509,-41.055336,-39.26525879,0.3965984583,1.470720768
1,-8.542483329500001,5.9310235979999995,0.7982637062500001,-0.04345798499999809,0.03420495950000024,-0.03150083882499999,-9.824323654,-7.260643005,5.185816765,6.676230431,0.1200024635,1.476524949
2,-3.1878672244999997,2.44317317,0.7583276333350001,-0.061642824999999846,0.015056848499999997,0.080341264415,-4.994346619,-1.38138783,1.608271599,3.278074741,0.04975038767,1.466904879
