vehicle_id,position_x,position_y,position_z,mvec_x,mvec_y,mvec_z,bbox_x_min,bbox_x_max,bbox_y_min,bbox_y_max,bbox_z_min,bbox_z_max
0,28.327920915,-44.867012025,0.8546728792,-0.0022249250000001553,-0.07370567499999936,0.0045420376500000526,27.508564,29.14727783,-45.79052353,-43.94350052,0.3741404414,1.335205317
2,24.693526265000003,-47.787355425,0.9169644711,0.00753307499999778,-0.03191566499999965,-0.0060054954499999535,24.0635128,25.32353973,-48.97079468,-46.60391617,0.3532332182,1.480695724
1,-16.139903065,5.9267287255,0.86020936085,-0.040860175000002386,0.19750165950000032,0.13240487874999995,-17.62883186,-14.65097427,5.360272408,6.493185043,0.2418211997,1.478597522
2,-11.1329169255,2.566632748,0.72125178955,-0.03578758549999961,0.01893711050000002,0.04954356314999997,-13.08727264,-9.178561211,1.62857914,3.504686356,0.0299545601,1.412549019
