vehicle_id,position_x,position_y,position_z,mvec_x,mvec_y,mvec_z,bbox_x_min,bbox_x_max,bbox_y_min,bbox_y_max,bbox_z_min,bbox_z_max
0,35.03038788,25.32116127,0.8315590693,-0.27893257000000204,-0.04954337999999936,0.04232480415000006,34.19867325,35.86210251,23.66480255,26.97751999,0.2315092236,1.431608915
2,31.494433405,30.52806473,0.67111993974,0.05732154500000064,0.08279991000000209,0.03395118916000006,30.82726479,32.16160202,29.96869278,31.08743668,0.06024052948,1.28199935
2,27.897507665,-22.805835725,0.8566068782,0.016366959999999153,-0.04605293499999874,0.012991868049999855,27.11548805,28.67952728,-24.39688492,-21.21478653,0.2485954314,1.464618325
0,24.55385685,-26.235746385,0.8830992134,0.029032709999999184,-0.25672340000000204,-0.0034399929499999704,23.86006165,25.24765205,-27.59240723,-24.87908554,0.2741387188,1.492059708
1,5.403757453,5.9413189885,0.83770734805,-0.08640599250000047,-0.0815944669999995,0.0026614292499999026,3.71254611,7.094968796,5.139473915,6.743164062,0.1884758621,1.486938834
5,8.848424435,3.126496315,1.3315027355,-0.1428098680000005,-0.030268907499999997,-0.022021591499999937,8.543716431,9.153132439,3.121188164,3.131804466,1.259431958,1.403573513
