vehicle_id,position_x,position_y,position_z,mvec_x,mvec_y,mvec_z,bbox_x_min,bbox_x_max,bbox_y_min,bbox_y_max,bbox_z_min,bbox_z_max
0,31.086401940000002,53.62192154,0.59219101075,0,0,0,30.96898651,31.20381737,53.54935455,53.69448853,0.2396870852,0.9446949363
2,24.519473075,-49.216329575,0.88117501135,0.008347510000000113,-0.04009628499999707,-0.006282716950000045,24.22609711,24.81284904,-49.88788986,-48.54476929,0.4132702947,1.349079728
1,-18.04300499,5.9005322455,0.8718086781,-0.023826599999999587,0.012715339500000589,-0.006560534349999925,-19.55271912,-16.53329086,5.233132362,6.567932129,0.2753648162,1.46825254
2,-13.490552425,2.5101509095,0.75138734843,-0.06520557500000024,0.009116649500000129,0.15123105986999996,-14.83500099,-12.14610386,1.652736664,3.367565155,0.04823885486,1.454535842
0,28.03916359,-47.971721650000006,0.9211124777999999,0.012594224999997294,-0.056221004999997604,-0.009467035549999947,27.39395905,28.68436813,-49.06418991,-46.87925339,0.6077070236,1.234517932
