vehicle_id,position_x,position_y,position_z,mvec_x,mvec_y,mvec_z,bbox_x_min,bbox_x_max,bbox_y_min,bbox_y_max,bbox_z_min,bbox_z_max
0,35.01158905,35.08572388,0.84185734415,0.12039757000000151,0.06031417499999492,-0.00758665820000004,34.19426727,35.82891083,33.83414078,36.33730698,0.3351917863,1.348522902
0,28.205763814999997,-33.384923935,0.81728759425,0.02373123499999963,-0.002010344999995084,0.03789539620000004,27.34664917,29.06487846,-35.36421204,-31.40563583,0.3024792075,1.332095981
1,24.71780014,-35.66957283,0.9301434454999999,0.006843564999996943,-0.06766509999999926,-0.015842988700000005,24.07111549,25.36448479,-36.69977188,-34.63937378,0.369484961,1.49080193
1,-4.3620176315,5.895180701999999,0.84899896385,-0.08152937849999997,-0.13511085499999886,8.256745000001509e-05,-6.044109344,-2.679925919,5.180321693,6.610039711,0.2090445757,1.488953352
2,1.0197315215,2.5384123325,0.8618648497000001,0.11180332319999997,0.0033380984999999974,-0.004803120650000103,-1.270409346,3.309872389,1.592285156,3.484539509,0.2550432384,1.468686461
