vehicle_id,position_x,position_y,position_z,mvec_x,mvec_y,mvec_z,bbox_x_min,bbox_x_max,bbox_y_min,bbox_y_max,bbox_z_min,bbox_z_max
0,35.001943589999996,23.49030304,0.93733982725,-0.1847114599999955,0.0642089850000005,-0.043908610749999966,34.18554306,35.81834412,22.02516174,24.95544434,0.4402529895,1.434426665
2,31.452669145,29.198024750000002,1.0359488727500001,0.019509315000000527,0.055004119999999546,-0.012182772300000089,30.88156128,32.02377701,28.25365067,30.14239883,0.6065535545,1.465344191
2,28.01524353,-21.7301445,0.8771953434499999,-0.021947859999997377,-0.12913894999999798,0.0008606462500000411,27.10241508,28.92807198,-23.87302017,-19.58726883,0.2874754369,1.46691525
0,24.47705078,-24.608198164999997,0.89719511565,0.02882290000000154,-0.041910175000001715,-0.018149241799999993,23.82549858,25.12860298,-25.92284775,-23.29354858,0.3284858763,1.465904355
1,6.961897372999999,5.768959999,0.8699480668499999,-0.060438394499999326,0.05470371250000028,-0.06913346819999988,5.231360435,8.692434311,5.067995071,6.469924927,0.2484417707,1.491454363
5,14.05481911,3.304127932,0.9395601748,-0.09711361000000096,0.036799668999999646,0.010659754600000015,13.36164284,14.74799538,3.17226553,3.435990334,0.7925914526,1.086528897
