vehicle_id,position_x,position_y,position_z,mvec_x,mvec_y,mvec_z,bbox_x_min,bbox_x_max,bbox_y_min,bbox_y_max,bbox_z_min,bbox_z_max
0,34.979251865,26.844963075000003,0.90183685735,0.03751181999999886,0.03485870499999777,-0.009865075550000046,34.21739197,35.74111176,24.78689194,28.90303421,0.3371532857,1.466520429
2,31.362686160000003,31.786663055,0.8635212033999999,0.04358004999999565,0.06579208499999467,-0.013886064449999957,30.70065308,32.02471924,31.00466919,32.56865692,0.3554553688,1.371587038
2,27.938879014999998,-23.9549942,0.8476128356999999,0.0076799350000023026,-0.03894043499999711,-0.008938387099999834,27.15592766,28.72183037,-25.46567154,-22.44431686,0.2420883924,1.453137279
0,24.510382655,-27.01885223,0.97153493745,0.06297682999999665,-0.8124809299999995,-0.016873180499999973,23.92560387,25.09516144,-27.99535751,-26.04234695,0.4693135619,1.473756313
1,4.200805545,5.8398046495,0.8597846702999999,-0.039681673499999626,0.03107118600000014,0.027177281400000086,2.473976374,5.927634716,5.146739006,6.532870293,0.2301615626,1.489407778
5,8.473494529500002,3.011762857,1.31502527,0.0858752729999992,0.03367972450000023,-0.02847504600000006,8.005377769,8.94161129,2.987296104,3.03622961,1.199851036,1.430199504
