vehicle_id,position_x,position_y,position_z,mvec_x,mvec_y,mvec_z,bbox_x_min,bbox_x_max,bbox_y_min,bbox_y_max,bbox_z_min,bbox_z_max
0,34.801820755,21.677127835,0.86914658525,0.21361160499999698,0.07025718999999953,-0.11434970012000001,34.14802933,35.45561218,20.08512115,23.26913452,0.2755298615,1.462763309
2,31.230783465000002,28.12753105,0.8578552233,0.01194476499999908,0.05862808499999517,0.041260756449999936,30.70808983,31.7534771,26.47353363,29.78152847,0.2419983596,1.473712087
2,27.945942879999997,-19.727638245,1.07023370285,-0.08350276999999551,-0.012203214999999545,0.005295395650000145,27.06630898,28.82557678,-21.50229263,-17.95298386,0.6853382587,1.455129147
0,24.422550205,-22.88398933,0.9170625656,0.020835874999999504,-0.03261566500000157,-0.004424542099999984,23.7849865,25.06011391,-24.17660522,-21.59137344,0.3606508672,1.473474264
1,8.8382794855,5.8269381525,0.8071126117999999,-0.22338604999999845,0.07458448399999895,0.020748801350000012,7.248119831,10.42843914,5.143676758,6.510199547,0.1261182576,1.488106966
5,15.26991129,2.5939021115,1.0499682724,0.11309576000000021,0.10515451350000005,0.013641715100000118,13.64117718,16.8986454,1.86860323,3.319200993,0.6378939748,1.46204257
