vehicle_id,position_x,position_y,position_z,mvec_x,mvec_y,mvec_z,bbox_x_min,bbox_x_max,bbox_y_min,bbox_y_max,bbox_z_min,bbox_z_max
0,34.828624725,25.914335254999997,1.02620714915,0.020940785000007622,-0.052083974999995064,0.008657902299999964,34.16820526,35.48904419,24.17595673,27.65271378,0.6262817383,1.42613256
2,31.413980485,31.48857117,0.92880141755,0.019178390000000434,0.045955655000000206,-0.010037824650000027,31.01556206,31.81239891,30.44492722,32.53221512,0.4793250561,1.378277779
2,27.863035205000003,-23.130247115,0.8632729799500001,0.02620505999999523,-0.06802177500000184,0.06887441869999988,27.09226418,28.63380623,-24.42605591,-21.83443832,0.2710703909,1.455475569
0,24.570593835,-26.712783815,0.88272157325,0.03143977999999947,-0.04293631999999903,-0.016868054899999985,23.88603783,25.25514984,-27.98178482,-25.44378281,0.2880679965,1.47737515
1,4.805989981,5.875381947,0.8603305070499999,-0.04911410849999953,-0.02608203900000028,-0.059644576099999846,3.107610226,6.504369736,5.154324532,6.596439362,0.2304207981,1.490240216
5,8.848424435,3.126496315,1.3315027355,-0.1428098680000005,-0.030268907499999997,-0.022021591499999937,8.543716431,9.153132439,3.121188164,3.131804466,1.259431958,1.403573513
