vehicle_id,position_x,position_y,position_z,mvec_x,mvec_y,mvec_z,bbox_x_min,bbox_x_max,bbox_y_min,bbox_y_max,bbox_z_min,bbox_z_max
0,34.97167969,21.225204465,0.9683188796500001,0.01942824999999715,0.3269729649999995,-0.019251197800000064,34.15087128,35.7924881,19.29221725,23.15819168,0.5347799063,1.401857853
2,31.511187555,27.031261445,0.9506617636500001,0.06055545500000292,0.040996554999999546,-0.0078105330500001235,30.89334679,32.12902832,25.74774933,28.31477356,0.4259550273,1.4753685
2,27.800494195,-18.78931141,0.84364971535,0.04185294999999911,-0.7728490800000003,0.23009756214999988,27.01611328,28.58487511,-20.53652954,-17.04209328,0.2358081937,1.451491237
0,24.32079315,-22.579740525,0.9068387897999999,0.0052080150000008985,-0.018087385000001177,0.0003457662500001568,23.77877235,24.86281395,-24.016716,-21.14276505,0.3350448906,1.478632689
1,9.603354933,5.777982712,0.8380654155,-0.19535136550000054,0.05980157850000012,0.0017262995499999212,7.948369026,11.25834084,5.101082802,6.454882622,0.189170897,1.486959934
5,15.85886288,2.3672027585,0.94641722745,-0.06010675499999962,-0.011999129999999969,0.11774851390000007,14.01899338,17.69873238,1.400647163,3.333758354,0.4213784039,1.471456051
