vehicle_id,position_x,position_y,position_z,mvec_x,mvec_y,mvec_z,bbox_x_min,bbox_x_max,bbox_y_min,bbox_y_max,bbox_z_min,bbox_z_max
0,34.749151229999995,36.33432579,0.87644428015,0.033935550000009584,0.08731460499999599,-0.015872657499999998,34.20347977,35.29482269,35.52083969,37.14781189,0.5395359993,1.213352561
0,28.207893374999998,-34.717504500000004,0.74418450601,0.0033245050000019205,-0.05004501499999492,0.0002043013949999395,27.39810944,29.01767731,-36.20177841,-33.23323059,0.02068629302,1.467682719
1,24.945843695,-37.68964577,0.8215923234,0.023526195000002303,-0.04865264500000421,0.013278506649999966,24.21598434,25.67570305,-38.89572144,-36.4835701,0.2476502508,1.395534396
1,-6.0672633650000005,5.8447680470000005,0.85347062355,-0.05072855949999955,0.07736301499999954,-0.06925028959500001,-7.646716595,-4.487810135,5.104165077,6.585371017,0.2261552811,1.480785966
2,-0.2917321920000001,2.56422472,0.8456510008,-0.5075265169999998,-0.1226971149999998,-0.001977630149999965,-2.064800501,1.481336117,1.598937988,3.529511452,0.2248896956,1.466412306
