vehicle_id,position_x,position_y,position_z,mvec_x,mvec_y,mvec_z,bbox_x_min,bbox_x_max,bbox_y_min,bbox_y_max,bbox_z_min,bbox_z_max
0,34.8307724,36.689325335,0.7097688614,0.044321060000001467,0.09453391500000663,-0.01161946359999999,34.14300156,35.51854324,35.95142746,37.42722321,0.2527928948,1.166744828
2,31.390708925,42.56912422,0.8270577641500001,0.022114750000000072,0.09645271500000518,-0.005015924800000127,30.7156868,32.06573105,41.84696579,43.29128265,0.2698604763,1.384255052
0,28.231396675,-34.932006835,0.9540935905000001,0.034705160000001456,-0.06287956499999581,-0.014811039250000047,27.43648338,29.02630997,-36.23019028,-33.63382339,0.446185261,1.46200192
1,24.739359855,-37.88785744,0.9951586427500001,0.011260990000000248,-0.048685069999997665,-0.010668486400000066,24.22389984,25.25481987,-38.9464798,-36.82923508,0.6042634845,1.386053801
1,-6.409404993,5.974026203,0.8982186466,-0.09628915750000022,-0.2006239885000003,-0.04906246820000004,-7.955022812,-4.863787174,5.186903,6.761149406,0.3129035532,1.48353374
2,-0.9674967529999999,2.488667011,0.8387241289999999,-0.10245403610000003,-0.01504015900000022,0.0030897037500000613,-2.994772673,1.059779167,1.603347778,3.373986244,0.208805427,1.468642831
