vehicle_id,position_x,position_y,position_z,mvec_x,mvec_y,mvec_z,bbox_x_min,bbox_x_max,bbox_y_min,bbox_y_max,bbox_z_min,bbox_z_max
0,35.019483570000006,23.152311325,0.7900352923,0.032751079999997046,-0.00445365999999936,-0.029226871104999996,34.17002106,35.86894608,21.29385376,25.01076889,0.1096030176,1.470467567
2,31.43627739,28.893650055000002,0.8694316446,0.054044719999996715,0.06601714999999686,-0.007979303450000086,30.8330307,32.03952408,27.66869736,30.11860275,0.2689028382,1.469960451
2,27.924532890000002,-20.751689915,0.97302553045,0.030029294999998513,-0.43416976500000004,-0.012750908649999948,27.074543,28.77452278,-22.46502686,-19.03835297,0.5074464679,1.438604593
0,24.675566675,-24.17694283,0.8210853114,-0.20222377999999708,-0.04980658999999932,0.05030352630000012,23.83712006,25.51401329,-25.69316483,-22.66072083,0.1543825418,1.487788081
1,7.6565966605,5.8413658139999995,0.86025476445,-0.024065970999999742,0.10609340700000125,0.008432559649999893,6.044998169,9.268195152,5.135022163,6.547709465,0.2303211689,1.49018836
5,14.493404865,3.0950746535,1.037700981,-0.02986335500000159,0.09983348849999985,-0.0237709881999999,13.43281364,15.55399609,2.793693542,3.396455765,0.688503921,1.386898041
