vehicle_id,position_x,position_y,position_z,mvec_x,mvec_y,mvec_z,bbox_x_min,bbox_x_max,bbox_y_min,bbox_y_max,bbox_z_min,bbox_z_max
0,34.978044510000004,16.358752725,0.9107306897,0.02686881999999713,0.5999832150000017,-0.004663437450000085,34.14226913,35.81381989,15.0721693,17.64533615,0.3936204314,1.427840948
2,31.16871929,22.754909515,0.83596251925,0.03549576000000343,0.07714080999999595,0.058127894800000024,30.72242355,31.61501503,21.92495346,23.58486557,0.3949745595,1.276950479
2,27.787780765,-14.92316866,0.85904990905,0.05332755499999564,-0.010456559999999726,-0.0009159972000000183,26.9689312,28.60663033,-17.12859726,-12.71774006,0.2487958521,1.469303966
3,24.424404145,-17.871133805,0.8502315206,-0.07886409500000013,-0.051128390000002355,0.031065755049999977,23.72099686,25.12781143,-19.09674454,-16.64552307,0.2201090902,1.480353951
5,19.44225311,1.91504836065,0.8101516069,-0.0402784299999972,0.10082459484999995,-0.01363225290000003,17.19374847,21.69075775,0.9592471123,2.870849609,0.1494749188,1.470828295
1,13.55688095,5.8190646175000005,0.763509696485,-0.052595140000001095,0.11253023099999915,0.08443650791500001,11.8589468,15.2548151,5.116966248,6.521162987,0.03706825897,1.489951134
