vehicle_id,position_x,position_y,position_z,mvec_x,mvec_y,mvec_z,bbox_x_min,bbox_x_max,bbox_y_min,bbox_y_max,bbox_z_min,bbox_z_max
0,34.920507435000005,22.996990205,0.855952576,0.015888209999999958,-0.10746002000000132,0.05820904630000001,34.14521027,35.6958046,20.81057739,25.18340302,0.31334427,1.398560882
2,31.35368252,28.64551544,0.7890359462500001,0.025566095000002065,0.05117034999999959,-0.012348421195000125,30.71788979,31.98947525,27.13634872,30.15468216,0.1150993705,1.462972522
2,27.806914325,-20.681325915,0.9820470513,0.038208969999999454,0.0022964499999993393,-0.0030419530500001013,27.03518867,28.57863998,-22.73375702,-18.62889481,0.5096033216,1.454490781
0,24.406743050000003,-23.841449735,0.91299703735,0.015173914999998317,-0.14234352000000072,-0.019922793000000105,23.79539871,25.01808739,-25.48914337,-22.1937561,0.3515951037,1.474398971
1,8.1222562785,5.7857584955,0.81701678055,-0.03676676699999959,0.05147790900000082,0.002274349000000009,6.487011909,9.757500648,5.062375069,6.509141922,0.1465470791,1.487486482
5,14.815386295,2.9267303945,1.0210448207,-0.08641147499999846,0.01532459250000029,0.026401042699999877,13.44457912,16.18619347,2.398918152,3.454542637,0.6055894494,1.436500192
