vehicle_id,position_x,position_y,position_z,mvec_x,mvec_y,mvec_z,bbox_x_min,bbox_x_max,bbox_y_min,bbox_y_max,bbox_z_min,bbox_z_max
0,34.64891434,18.524793625,0.84181766205,0.02720642000000595,0.028863904999997914,-0.04106245914999995,34.13876343,35.15906525,16.7610321,20.28855515,0.2941505611,1.389484763
2,31.24423027,24.34650993,0.7693117929,0.027241710000001973,0.05785941999999977,-0.00032149209999987605,30.7253685,31.76309204,23.17156219,25.52145767,0.2268409878,1.311782598
2,27.70389366,-16.418707849999997,0.85978905865,0.014857294999998771,-0.3580894450000045,0.0006036606999999528,27.02315521,28.38463211,-18.46375847,-14.37365723,0.2527711093,1.466807008
3,24.439285275,-19.762229920000003,0.9095603971999999,-0.05819605999999666,-1.0771083799999985,0.0026531073000001237,23.77921104,25.09935951,-21.30327988,-18.22117996,0.3490088284,1.470111966
5,17.933484075000003,2.244295597,0.8246996103,-0.08552599000000072,0.016513586000000302,-0.084089045945,15.63572311,20.23124504,1.212417126,3.276174068,0.1775322556,1.471866965
1,11.93892193,5.919895649000001,0.8394637777,-0.04341220999999962,0.04384279249999956,0.0021333545999999703,10.22891331,13.64893055,5.09319973,6.746591568,0.1894215494,1.489506006
