vehicle_id,position_x,position_y,position_z,mvec_x,mvec_y,mvec_z,bbox_x_min,bbox_x_max,bbox_y_min,bbox_y_max,bbox_z_min,bbox_z_max
0,34.774456025,18.025110725,0.74743422847,0.03091430500000314,0.0365209550000003,-0.012522190405000022,34.13957596,35.40933609,15.79385853,20.25636292,0.08415037394,1.410718083
2,31.348140715,23.861251834999997,0.81680180145,-0.0064659099999992975,0.12830925000000093,-0.02090222399999997,30.77989769,31.91638374,22.36087418,25.36162949,0.2575289309,1.376074672
2,27.778123855,-15.625974655,0.80170103185,0.07107257999999916,0.006212229999999153,0.07668340944999996,26.99479294,28.56145477,-17.80426025,-13.44768906,0.1348841637,1.4685179
3,24.319395065000002,-18.23749256,0.8844161631999999,0.02400970499999744,-0.06079864499999843,-0.005413770999999845,23.72680283,24.9119873,-19.14585495,-17.32913017,0.3090581894,1.459774137
5,18.78785229,2.0389249325,0.774022552955,-0.11767578499999942,-0.005994558000000261,0.00864908871000003,16.49188805,21.08381653,1.114021778,2.963828087,0.07858008891,1.469465017
1,12.83938551,5.8119096755,0.8238159343,-0.060952189999998296,0.026243686499999974,-0.01290709499999998,11.13526726,14.54350376,5.055663109,6.568156242,0.1579037756,1.489728093
