vehicle_id,position_x,position_y,position_z,mvec_x,mvec_y,mvec_z,bbox_x_min,bbox_x_max,bbox_y_min,bbox_y_max,bbox_z_min,bbox_z_max
0,28.241449355,-45.42107773,0.9352296294,-0.08279418500000091,-0.08162879999999717,-0.11781319970000004,27.68507767,28.79782104,-46.27356339,-44.56859207,0.6114519238,1.259007335
2,24.748229029999997,-48.10884094,0.8607864975999999,0.00947475000000253,-0.059118270000006135,-0.010013282299999982,24.05053902,25.44591904,-49.02341461,-47.19426727,0.2484211922,1.473151803
1,-16.33815527,6.0228266715,0.91028794655,-0.039660449999999514,0.015536785000000108,-0.016186684450000044,-17.48694611,-15.18936443,5.372024536,6.673628807,0.3850160241,1.435559869
2,-11.429158686000001,2.4920003415,0.769353952125,-0.04466676999999919,0.01225996000000018,0.12575473282500005,-12.97615051,-9.882166862,1.622092724,3.361907959,0.06788330525,1.470824599
