vehicle_id,position_x,position_y,position_z,mvec_x,mvec_y,mvec_z,bbox_x_min,bbox_x_max,bbox_y_min,bbox_y_max,bbox_z_min,bbox_z_max
0,28.25591183,-50.26200485,0.86286535855,0.02713489499999966,-0.07442665500000345,-0.01203337314999997,27.44375229,29.06807137,-51.59249115,-48.93151855,0.2576448321,1.468085885
2,24.654631615,-49.866020205,0.77901193485,0.0033712399999998865,-0.016208645000006072,-0.0025534480000000137,24.37216377,24.93709946,-50.47475052,-49.25728989,0.2931579947,1.264865875
1,-18.81921673,5.863694668,0.97542417065,-0.0077352499999960855,0.0020928385000003047,-0.001857146699999923,-20.34356499,-17.29486847,5.291540146,6.43584919,0.4610567093,1.489791632
2,-15.72722435,2.430877924,0.8873004019,-0.05651759999999939,0.008548021000000183,-0.017070636350000057,-17.22633934,-14.22810936,1.641848087,3.219907761,0.3242343068,1.450366497
