vehicle_id,position_x,position_y,position_z,mvec_x,mvec_y,mvec_z,bbox_x_min,bbox_x_max,bbox_y_min,bbox_y_max,bbox_z_min,bbox_z_max
0,34.976493835,33.058258054999996,0.8233001975500001,8.39249999984304e-05,0.08030701000000562,-0.016149237650000092,34.22864151,35.72434616,32.06925201,34.0472641,0.3064078391,1.340192556
1,31.511229514999997,38.473768230000005,0.6434282810499999,-0.08742618499999821,0.1278095299999933,-0.054515712199999955,30.94383049,32.07862854,38.08430099,38.86323547,0.2277372181,1.059119344
0,27.954214095,-31.282260895,0.8484183551500001,-0.023981094999999897,-0.047391894999996964,0.08205731174999986,27.33384132,28.57458687,-32.84820557,-29.71631622,0.2601593733,1.436677337
1,24.777920725,-34.220809935000005,0.8517912624,0.1120719899999969,-0.05174255499998992,-0.013088092000000051,24.16492653,25.39091492,-35.32782745,-33.11379242,0.3539934158,1.349589109
1,-2.613661289,5.8598966595,0.8938831685,-0.3189571499999997,0.014317036499999602,-0.028609275650000154,-4.107635021,-1.119687557,5.16407299,6.555720329,0.306338191,1.481428146
2,2.6273316294,2.507538557,0.88642518245,0.07937775554999993,-0.08921575500000012,-0.0010396246000000664,0.3039453328,4.950717926,1.588648796,3.426428318,0.3027797639,1.470070601
