vehicle_id,position_x,position_y,position_z,mvec_x,mvec_y,mvec_z,bbox_x_min,bbox_x_max,bbox_y_min,bbox_y_max,bbox_z_min,bbox_z_max
0,34.77665329,14.33480406,0.85165815045,0.0603370649999988,0.024261470000000784,-0.0116239264500001,34.05112076,35.50218582,12.2867384,16.38286972,0.2502190769,1.453097224
1,31.36658001,21.045740125000002,1.14289930465,0.011175155000003656,0.061172489999997026,-0.20841637275000002,30.74802017,31.98513985,20.21660614,21.87487411,0.8038386703,1.481959939
2,27.72128391,-11.9273080835,0.81658706065,0.01962280500000091,-0.047438142999999044,0.012103997300000002,26.99683952,28.4457283,-13.96713257,-9.887483597,0.1912375093,1.441936612
3,24.51764393,-15.539083005000002,0.7980877199,-0.11864089999999905,-0.056629659999998694,0.08098265125000004,23.69936562,25.33592224,-17.20101547,-13.87715054,0.1063199118,1.489855528
5,22.14979172,1.26316642742,0.7810742334999999,-0.10366630500000085,0.058298707329999866,0.027648284650000132,19.96444321,24.33514023,0.02532958984,2.501003265,0.091538921,1.470609546
1,16.217231275,5.876585007,0.85692947365,-0.07614374499999954,-0.07661104250000061,-0.05841893355000005,14.53808308,17.89637947,5.107814789,6.645355225,0.2230288833,1.490830064
