vehicle_id,position_x,position_y,position_z,mvec_x,mvec_y,mvec_z,bbox_x_min,bbox_x_max,bbox_y_min,bbox_y_max,bbox_z_min,bbox_z_max
0,34.937942504999995,21.196344375,0.9850279689,0.033737185000006775,0.028860090000002003,-0.01670908924999992,34.14700317,35.72888184,19.21596146,23.17672729,0.5581083298,1.411947608
2,31.450798035,26.971536635,0.95839640485,0.060389520000001085,0.05972480999999874,-0.007734641199999892,30.85308075,32.04851532,25.61019897,28.3328743,0.4451394677,1.471653342
2,27.79710388,-18.728990555,0.8647832125,0.0033903149999972015,-0.060320855000000506,-0.021133497150000013,27.06212234,28.53208542,-20.64721298,-16.81076813,0.270119518,1.459446907
0,24.31800461,-22.567928315,0.9063364418500001,0.0027885400000009497,-0.011812209999998657,0.0005023479499998151,23.78673172,24.8492775,-24.01058197,-21.12527466,0.3373403847,1.475332499
1,9.6621112805,5.812493324,0.7577907136950001,-0.05875634749999925,-0.03451061200000005,0.08027470180499996,8.008588791,11.31563377,5.087203979,6.537782669,0.02432876639,1.491252661
5,15.898615835000001,2.329406738,0.90824416255,-0.03975295500000087,0.03779602050000008,0.03817306490000005,14.01404953,17.78318214,1.384368896,3.27444458,0.3446856141,1.471802711
