vehicle_id,position_x,position_y,position_z,mvec_x,mvec_y,mvec_z,bbox_x_min,bbox_x_max,bbox_y_min,bbox_y_max,bbox_z_min,bbox_z_max
0,34.742494585,16.04650068,0.90432046375,0.03671073999999663,0.6482563049999968,0.020930558050000103,34.1474762,35.33751297,14.4130125,17.67998886,0.3915450275,1.4170959
2,31.024336814999998,22.33131027,0.81375551245,0.02043152000000248,0.036302570000000145,0.004297964249999953,30.71192551,31.33674812,20.93232727,23.73029327,0.2292429209,1.398268104
2,27.864861490000003,-13.939575195,0.7333868814500001,0.03524302999999662,-0.1511712100000011,-0.02815300190000014,27.00073433,28.72898865,-15.87577629,-12.0033741,0.2121125609,1.254661202
3,24.394697185,-17.001870155,0.7802483961000001,0.14179707000000263,-0.05731678000000073,-0.009584538650000085,23.71305656,25.07633781,-18.05046463,-15.95327568,0.2423732132,1.318123579
5,20.208254815,1.83862280855,0.759471275,-0.1506032949999998,0.03411126125000008,-0.012571473599999994,17.90410805,22.51240158,0.8106579781,2.866587639,0.048328951,1.470613599
1,14.214478015000001,5.761057377,0.8517276792499999,-0.09458637000000181,0.040773391500000145,-0.0306571793999999,12.49297428,15.93598175,5.101284981,6.420829773,0.2159799635,1.487475395
