vehicle_id,position_x,position_y,position_z,mvec_x,mvec_y,mvec_z,bbox_x_min,bbox_x_max,bbox_y_min,bbox_y_max,bbox_z_min,bbox_z_max
0,34.450569155,52.284215925,0.47387184205,0,0,0,34.36233139,34.53880692,52.26042175,52.3080101,0.1104716957,0.8372719884
0,28.353075985,-50.73292351,0.7515811285799999,0.021306984999998946,-0.04767418000000134,-0.009893618434999918,27.5664444,29.13970757,-51.8813324,-49.58451462,0.07433699816,1.428825259
1,-18.925834655,5.871061802,1.1690396369,-0.0023746500000001447,0.0006370545000002892,-0.0013383327500000597,-20.33995247,-17.51171684,5.29063797,6.451485634,0.8516344428,1.486444831
2,-16.430950645,2.4840035435,0.82476799185,-0.0332722650000008,0.006021022999999737,0.14826180064999994,-18.02135277,-14.84054852,1.654532909,3.313474178,0.2468886077,1.402647376
