vehicle_id,position_x,position_y,position_z,mvec_x,mvec_y,mvec_z,bbox_x_min,bbox_x_max,bbox_y_min,bbox_y_max,bbox_z_min,bbox_z_max
0,34.953449250000006,13.33732319,0.74541847784,-0.021009445000004234,0.042280200000000434,0.17471538130999997,34.11137009,35.79552841,11.5037756,15.17087078,0.02679751068,1.464039445
1,31.329032894999997,19.848098755000002,0.88181078455,0.01513100000000378,0.01237487999999587,0.0010898409999999803,30.71780586,31.94025993,18.84835434,20.84784317,0.2900644541,1.473557115
2,27.74669075,-11.358524322000001,0.86961406445,0.024469375000002458,-0.010548116999999024,-0.116609435215,26.98649979,28.50688171,-13.39790821,-9.319140434,0.2877933979,1.451434731
3,24.388879775,-14.785887240000001,0.76909008253,0.003739355000000444,-0.049445634999999655,0.12483211242000003,23.69128036,25.08647919,-16.39958,-13.17219448,0.05103927106,1.487140894
5,22.757425304999998,1.05981016165,0.745215000565,0.00596047000000155,-0.008761286550000191,0.04749660378499998,20.63709831,24.8777523,-0.2511253357,2.370745659,0.02008057013,1.470349431
1,16.935135845,5.7644443515,0.8746615795999999,-0.10798168500000216,0.03285884800000005,-0.1106890735399999,15.25144768,18.61882401,5.105540276,6.423348427,0.2583128512,1.491010308
