vehicle_id,position_x,position_y,position_z,mvec_x,mvec_y,mvec_z,bbox_x_min,bbox_x_max,bbox_y_min,bbox_y_max,bbox_z_min,bbox_z_max
0,34.763217929999996,21.621524809999997,0.8153739868,0.038602825000005225,0.05560302500000347,0.05377259845000004,34.14929581,35.37714005,19.9705162,23.27253342,0.1603892446,1.470358729
2,31.21875191,27.333374024999998,0.8752499968,0.012031555000000083,0.7941570250000041,-0.01739477350000007,30.70939255,31.72811127,26.37371826,28.29302979,0.2706857026,1.479814291
2,27.922509195,-19.715818405,1.07309788485,0.023433684999996984,-0.011819840000001136,-0.0028641819999999374,27.0636673,28.78135109,-21.53802872,-17.89360809,0.6869393587,1.459256411
0,24.435503005,-22.85295677,0.9873846771500001,-0.012952800000000764,-0.031032559999999876,-0.07032211155000012,23.83941269,25.03159332,-24.1895256,-21.51638794,0.5014851093,1.473284245
1,8.899913549499999,5.8418745995000005,0.80590089795,-0.06163406399999971,-0.014936447000000186,0.0012117138499999625,7.250369549,10.54945755,5.137095451,6.546653748,0.1247504279,1.487051368
5,15.309407709999999,2.5679473875,1.04608163215,-0.03949641999999898,0.025954723999999985,0.003886640249999962,13.63682079,16.98199463,1.802753925,3.33314085,0.6347649693,1.457398295
