vehicle_id,position_x,position_y,position_z,mvec_x,mvec_y,mvec_z,bbox_x_min,bbox_x_max,bbox_y_min,bbox_y_max,bbox_z_min,bbox_z_max
0,28.08855629,-43.835395809999994,0.920577392,0.016222954999999928,-0.06494903500000504,-0.004882857350000047,27.38485718,28.7922554,-45.15928268,-42.51150894,0.40637514,1.434779644
1,-14.264490604999999,5.8681874275,0.72143965965,-0.897903920000001,0.013830662000001048,0.15757465380000002,-15.04294968,-13.48603153,5.209661484,6.526713371,0.0484341383,1.394445181
2,-9.347802637500001,2.5068676475,0.8601885291,-0.34117102849999803,0.008731841499999948,-0.000599533399999963,-10.86954498,-7.826060295,1.643035889,3.370699406,0.2533036172,1.467073441
