vehicle_id,position_x,position_y,position_z,mvec_x,mvec_y,mvec_z,bbox_x_min,bbox_x_max,bbox_y_min,bbox_y_max,bbox_z_min,bbox_z_max
0,30.79063225,52.571830750000004,0.72731450215,0,0,0,30.71821022,30.86305428,52.49079895,52.65286255,0.3615626693,1.093066335
0,28.35338306,-43.4569397,0.7020348721,0.020214084999999216,-0.17161369000000093,0.05594387659,27.45729446,29.24947166,-44.9459343,-41.9679451,0.1157945022,1.288275242
2,24.890561105,-45.268386840000005,0.8568023738999999,0,0,0,24.72593689,25.05518532,-45.66453552,-44.87223816,0.6607231498,1.052881598
1,-13.83324814,5.9836406705,0.9337428512,-0.06625318499999899,-0.04335451100000043,-0.020512774749999907,-14.76862812,-12.89786816,5.207539558,6.759741783,0.4127256274,1.454760075
2,-8.67967653,2.416621685,0.858050823,-0.04245496050000064,0.014997243499999868,-0.005201726850000088,-10.13567924,-7.22367382,1.599936485,3.233306885,0.278539896,1.43756175
