vehicle_id,position_x,position_y,position_z,mvec_x,mvec_y,mvec_z,bbox_x_min,bbox_x_max,bbox_y_min,bbox_y_max,bbox_z_min,bbox_z_max
0,34.903076174999995,21.459770205,0.95575179155,-0.22392654499999765,0.029720304999997893,-0.015154972399999966,34.06022263,35.74592972,19.56733704,23.35220337,0.4448416531,1.46666193
2,31.279509545,27.129240035000002,0.9272301944,0.01363563499999998,0.03514480999999847,-0.009488895899999905,30.93291283,31.62610626,25.99411392,28.26436615,0.3687732518,1.485687137
2,27.861597064999998,-19.548650745,0.8439088688999999,0.008620260000000712,0.02610684000000063,0.00238664420000001,27.07058907,28.65260506,-21.42782593,-17.66947556,0.2191590518,1.468658686
0,24.334887505,-22.64271545,0.9098665415,0.03346729499999768,-0.02285385499999748,-0.012896537500000083,23.75980759,24.90996742,-24.02671432,-21.25871658,0.331302464,1.488430619
1,9.3006095875,5.792608261,0.8404387382999999,-0.09409093750000075,0.05072879799999974,-0.033739380599999924,7.636797905,10.96442127,5.094854355,6.490362167,0.1898643076,1.491013169
5,15.60415983,2.3517696855,1.0427035392500001,-0.0387763949999993,0.14993906049999994,0.004254430399999842,13.82727909,17.38104057,1.535372257,3.168167114,0.6211541295,1.464252949
