vehicle_id,position_x,position_y,position_z,mvec_x,mvec_y,mvec_z,bbox_x_min,bbox_x_max,bbox_y_min,bbox_y_max,bbox_z_min,bbox_z_max
0,28.23087025,-50.207340245,0.872292131,0.025041579999999897,-0.054664604999999256,-0.00942677245000001,27.42330933,29.03843117,-51.5983429,-48.81633759,0.277292788,1.467291474
2,24.650687220000002,-49.847166064999996,0.7819902003,0.003944394999997769,-0.018854140000001962,-0.002978265450000017,24.36782074,24.9335537,-50.45809174,-49.23624039,0.2967132926,1.267267108
1,-18.358699795,5.9271025655,0.9774448871499999,-0.4605169350000011,-0.06340789750000031,-0.0020207164999999083,-19.44443893,-17.27296066,5.42401123,6.430193901,0.4661693573,1.488720417
2,-15.934076789999999,2.423682928,0.74245499518,0.2068524399999987,0.0071949959999999535,0.14484540672000001,-17.74457932,-14.12357426,1.642994404,3.204371452,0.02681563236,1.458094358
