vehicle_id,position_x,position_y,position_z,mvec_x,mvec_y,mvec_z,bbox_x_min,bbox_x_max,bbox_y_min,bbox_y_max,bbox_z_min,bbox_z_max
0,34.95703888,12.33575058,0.73913086211,0.039127350000001115,0.05339670000000041,0.11742009953999999,34.10559845,35.80847931,10.5816412,14.08985996,0.09334351122,1.384918213
1,31.362054825,18.60169029,0.95623214555,-0.1987600349999994,0.36861419999999967,-0.006703153549999952,30.71501541,32.00909424,17.58273315,19.62064743,0.4276229441,1.484841347
2,27.830083845,-10.822705744,0.8332911284000001,0.02959537999999995,-3.480999999894152e-05,0.0011504964499998716,26.97900581,28.68116188,-12.96576595,-8.679645538,0.1948682368,1.47171402
3,24.40853405,-13.97753811,0.84322088195,0.003954889999999267,-0.04883194000000124,0.0006364657999999856,23.67289925,25.14416885,-15.64810848,-12.30696774,0.2016541809,1.484787583
5,23.666750909999998,0.60410177705,0.754852056535,-0.16469001999999477,0.14446902259999994,0.07679460936500004,21.46885872,25.8646431,-0.7615740299,1.969777584,0.03885805607,1.470846057
1,17.800465584999998,5.768932342499999,0.8366501929,-0.12748908999999742,-0.0019383434999991067,-0.06527151903999995,16.13183594,19.46909523,5.079354286,6.458510399,0.1839040518,1.489396334
