vehicle_id,position_x,position_y,position_z,mvec_x,mvec_y,mvec_z,bbox_x_min,bbox_x_max,bbox_y_min,bbox_y_max,bbox_z_min,bbox_z_max
0,34.95217514,23.06619072,0.91855803115,0.010389330000002417,0.025703430000000083,-0.014554068049999924,34.15591812,35.74843216,21.00361633,25.12876511,0.3695215583,1.467594504
2,31.40229702,28.812215805,0.75910865711,0.06415843999999993,-0.016427995000000806,0.12320043689000004,30.7196064,32.08498764,27.34768677,30.27674484,0.05383788422,1.46437943
2,27.86426544,-20.696249005,0.9850615261,0.020284655000001095,-0.026131635000002262,0.0006793737999999383,27.07256126,28.65596962,-22.63918304,-18.75331497,0.5110234022,1.45909965
0,24.422513005,-24.035282135000003,0.89278052755,0.2186822950000007,-0.05146980499999643,-0.013717353250000008,23.79574966,25.04927635,-25.68428802,-22.38627625,0.3082661331,1.477294922
1,7.839066744,5.945292949500001,0.8727307318,-0.05388855950000071,-0.11619520200000011,0.011326819949999956,6.127819538,9.55031395,5.146972656,6.743613243,0.2530260086,1.492435455
5,14.677324295,2.9482667444999997,1.0423469244,-0.032343384999999,0.05763649950000005,-0.012356608749999998,13.44086456,15.91378403,2.573031902,3.323501587,0.6638957858,1.420798063
