vehicle_id,position_x,position_y,position_z,mvec_x,mvec_y,mvec_z,bbox_x_min,bbox_x_max,bbox_y_min,bbox_y_max,bbox_z_min,bbox_z_max
0,28.07122326,-50.83357811,0.9824927153,-0.010951039999998358,0.03925514499999849,0.005276262749999927,27.66113663,28.48130989,-51.73566818,-49.93148804,0.5163615346,1.448623896
1,-18.771857259999997,5.946848869,1.0166533289,-0.006179810000002561,-0.018157481999999447,0.0020339640500000034,-20.18654251,-17.35717201,5.252329826,6.641367912,0.4465110898,1.586795568
2,-16.67970705,2.4846551415,1.03581865125,0.10294628000000117,-0.01268792100000038,0.01956962055,-18.11828613,-15.24112797,1.666690826,3.302619457,0.4624268115,1.609210491
