vehicle_id,position_x,position_y,position_z,mvec_x,mvec_y,mvec_z,bbox_x_min,bbox_x_max,bbox_y_min,bbox_y_max,bbox_z_min,bbox_z_max
0,34.76294899,23.256210324999998,0.91662877805,0.04916762999999946,0.06098175500000025,-0.006764843899999984,34.14673233,35.37916565,21.52099609,24.99142456,0.3653278351,1.467929721
2,31.537491799999998,29.025238035,0.85115111595,0.06985283000000209,0.037601474999998885,0.006677218049999989,30.87527657,32.19970703,27.93893814,30.11153793,0.2309694439,1.471332788
2,27.854169845,-21.153279304999998,0.8799351899,0.036438945000000444,0.04514598999999819,-0.025328456949999967,27.06192398,28.64641571,-22.98682022,-19.31973839,0.3042252958,1.455645084
0,24.49191952,-24.40871048,0.9025269447,-0.005729679999998183,-0.05108833000000246,-0.0003716645999999324,23.80950737,25.17433167,-25.94229126,-22.8751297,0.3124378324,1.492616057
1,7.349467039,5.788096428,0.781693071365,-0.03300118449999978,0.031395911999999804,0.077399417385,5.627743244,9.071190834,5.091999054,6.484193802,0.07438462973,1.489001513
5,14.461435315,3.2106366155,0.99369898425,-0.01554822499999986,-0.017364262999999713,-0.1101360320000001,13.60894966,15.31392097,2.927657127,3.493616104,0.7233243585,1.26407361
