vehicle_id,position_x,position_y,position_z,mvec_x,mvec_y,mvec_z,bbox_x_min,bbox_x_max,bbox_y_min,bbox_y_max,bbox_z_min,bbox_z_max
0,34.970785140000004,43.082540515000005,0.8224018218,0.03875350999999938,0.10296439999999762,-0.24773226698999995,34.14077759,35.80079269,42.56407166,43.60100937,0.5754915476,1.069312096
1,31.248117445,48.388652805,0.8079515396,0,0,0,31.02581024,31.47042465,47.96241379,48.81489182,0.5350843072,1.080818772
0,28.11759663,-41.270380020000005,1.0413975121999999,0.003359789999997531,-0.07076263499999413,-0.013594716799999906,27.50356293,28.73163033,-42.61994553,-39.92081451,0.6139763594,1.468818665
1,24.856473925,-43.65803337,0.87067502755,0.022866249999999866,-0.09016800000000558,-0.012997284600000047,24.19635201,25.51659584,-44.25341415,-43.06265259,0.4557468891,1.285603166
1,-12.586951254999999,5.9686837194999995,0.83316029615,-0.04935932000000065,0.03361654300000083,0.02299515164999999,-14.17500782,-10.99889469,5.198266029,6.73910141,0.2419371903,1.424383402
2,-7.3217263225,2.5018491745,0.8817884027,-0.009440183499999755,-0.008778810499999956,-0.026977069350000105,-9.363033295,-5.28041935,1.643712044,3.359986305,0.2929254174,1.470651388
