vehicle_id,position_x,position_y,position_z,mvec_x,mvec_y,mvec_z,bbox_x_min,bbox_x_max,bbox_y_min,bbox_y_max,bbox_z_min,bbox_z_max
0,34.691516875,10.918509962000002,0.9231709093,0.0420570400000031,-0.0037784615000013844,-0.04326163240000003,34.09870529,35.28432846,8.710136414,13.12688351,0.3763085306,1.470033288
1,31.389407155,16.53643465,0.9738968314,0.03146362500000066,0.658625605000001,-0.01527550820000001,30.71243095,32.06638336,15.44144535,17.63142395,0.5395035148,1.408290148
2,27.829040525,-9.551080705,0.90683948975,0.030300145000001777,-1.1682000000234893e-05,-0.06986038359999991,26.97299957,28.68508148,-11.77923775,-7.32292366,0.3483633995,1.46531558
5,25.30698967,-0.46790194500000004,0.7876184767,-0.22896861999999985,0.15566551699999998,-0.012137878454999917,23.18816185,27.42581749,-2.007398605,1.071594715,0.1079038754,1.467333078
3,24.294348720000002,-12.030509474999999,0.82024972165,-0.01376820000000123,-0.03533315000000137,0.0016110981499999344,23.67020226,24.91849518,-13.63614941,-10.42486954,0.1551062763,1.485393167
1,19.64085007,5.8096489904999995,0.80007208145,-0.08845901499999798,-0.05074071850000017,-0.007480889440000027,17.98718834,21.2945118,4.972883224,6.646414757,0.1064615399,1.493682623
