vehicle_id,position_x,position_y,position_z,mvec_x,mvec_y,mvec_z,bbox_x_min,bbox_x_max,bbox_y_min,bbox_y_max,bbox_z_min,bbox_z_max
0,34.833240505,9.288841722,0.8436845168,0.05731201500000083,0.04384183899999883,0.025180839049999904,34.10573959,35.56074142,7.375309944,11.2023735,0.2335935086,1.453775525
1,31.07059574,15.9521451,0.8923880009,0.03320502999999775,0.0193653100000013,-0.004126921350000035,30.68932724,31.45186424,14.29616261,17.60812759,0.3237135708,1.461062431
5,26.26217461,-0.99881911285,0.7884901465999999,-0.23266983499999938,-0.04557621479999996,-0.011950001129999888,24.2036171,28.32073212,-2.739737034,0.7420988083,0.1062027812,1.470777512
3,24.40116501,-10.975025652500001,0.8496422542,-0.012710574999999835,-0.027137278499999695,0.04302392190000015,23.69112015,25.11120987,-12.48738384,-9.462667465,0.2095089704,1.489775538
1,20.76343918,5.8363962175,0.8189927859,-0.010264399999996954,-0.035113335000000134,-0.0007799263500000153,19.17658234,22.35029602,5.056780815,6.61601162,0.1478768438,1.490108728
2,27.82667923,-9.3621325495,0.88066931075,0.003342624999998378,0.020324467000000013,-0.04130422329999994,26.98713493,28.66622353,-11.65894413,-7.065320969,0.2972667515,1.46407187
