vehicle_id,position_x,position_y,position_z,mvec_x,mvec_y,mvec_z,bbox_x_min,bbox_x_max,bbox_y_min,bbox_y_max,bbox_z_min,bbox_z_max
0,34.962564470000004,23.09189415,0.9040039631000001,0.020570749999997417,0.028955459999998823,-0.10899021110000007,34.14818192,35.77694702,21.1003685,25.0834198,0.3394558132,1.468552113
2,31.46645546,28.79578781,0.882309094,-0.07852649999999883,0.04974365500000033,-0.005603343149999995,30.77215958,32.16075134,27.45244217,30.13913345,0.298640281,1.465977907
2,27.884550095,-20.72238064,0.9857408998999999,0.05059146499999656,-0.023463249999998936,-0.0004204806499998881,27.07143974,28.69766045,-22.61270142,-18.83205986,0.5117186308,1.459763169
0,24.6411953,-24.08675194,0.8790631743,0.023842809999997883,-0.04882431000000054,-0.013796560850000028,23.81526375,25.46712685,-25.69099045,-22.48251343,0.2772158086,1.48091054
1,7.785178184499999,5.8290977475000005,0.88405755175,-0.07005262349999963,0.0018672945000002272,-0.08965454650000004,6.111818314,9.458538055,5.146524429,6.511671066,0.2812898755,1.486825228
5,14.644980910000001,3.0059032439999998,1.02999031565,-0.09114218000000207,0.03672719000000013,0.025740146650000018,13.43817711,15.85178471,2.646020412,3.365786076,0.6504944563,1.409486175
