vehicle_id,position_x,position_y,position_z,mvec_x,mvec_y,mvec_z,bbox_x_min,bbox_x_max,bbox_y_min,bbox_y_max,bbox_z_min,bbox_z_max
0,28.336696625000002,-46.06554222,0.7475223541,0.03370761999999772,-0.0992279100000033,-0.013656973749999968,27.6076889,29.06570435,-46.76590347,-45.36518097,0.3136882782,1.18135643
2,24.835819245000003,-48.54307175,0.7743923702000001,0.03629398499999681,-0.04621505499999756,-0.011257413995000132,24.08236885,25.58926964,-49.24246216,-47.84368134,0.1070852354,1.441699505
1,-16.5809207,6.0077009199999996,0.8133095427499999,-0.03991699000000182,-0.21330356599999956,0.05035976345000015,-17.49394608,-15.66789532,5.195756912,6.819644928,0.2030819505,1.423537135
2,-12.069065575,2.5856370925,0.83824390195,0.220073704999999,-0.18149662049999993,0.09668706345,-13.54278088,-10.59535027,1.649098873,3.522175312,0.2532790899,1.423208714
