vehicle_id,position_x,position_y,position_z,mvec_x,mvec_y,mvec_z,bbox_x_min,bbox_x_max,bbox_y_min,bbox_y_max,bbox_z_min,bbox_z_max
0,34.8014431,12.139253618000001,0.96680247785,0.04256248499999771,-0.008576872500000832,-0.058285340750000025,34.12769699,35.47518921,9.841137886,14.43736935,0.4744315147,1.459173441
1,31.331502915,17.571901320000002,0.95479980135,0.028566359999999236,0.6086597499999975,-0.015570179100000026,30.70747757,31.95552826,16.62920761,18.51459503,0.4312539697,1.478345633
2,27.857405665,-10.24941826,0.89006580435,-0.017373085000002675,-0.06630754499999902,-0.02876506759999997,26.98004532,28.73476601,-12.48224068,-8.01659584,0.3231752217,1.456956387
3,24.31796646,-13.240666390000001,0.893370524,-0.004109380000002716,-0.0906596199999985,-0.07241441324999998,23.6034584,25.03247452,-14.88363266,-11.59770012,0.299684912,1.487056136
5,24.32068062,0.3452006579999999,0.79993655555,-0.14273453000000202,0.05402374250000008,-0.04567975550000003,22.13154984,26.5098114,-1.315224409,2.005625725,0.1302017421,1.469671369
1,18.438919069999997,5.8371658325,0.81281463055,-0.03242492999999769,-0.07664442050000009,0.05746311704999996,16.79420853,20.08362961,5.022693634,6.651638031,0.1360590011,1.48957026
