vehicle_id,position_x,position_y,position_z,mvec_x,mvec_y,mvec_z,bbox_x_min,bbox_x_max,bbox_y_min,bbox_y_max,bbox_z_min,bbox_z_max
0,28.21071625,-42.0051651,0.79570393995,0.027461049999999432,-0.08971024000000227,-0.015302583550000026,27.4729023,28.9485302,-43.05234528,-40.95798492,0.1948555559,1.396552324
1,24.639575005,-44.49884033,0.7325031609499999,0.02098464999999905,-0.08943366999999824,-0.01604279889999982,24.38607216,24.89307785,-44.98540115,-44.01227951,0.3001277149,1.164878607
1,-13.39332962,5.92476511,0.8969917146499999,-0.04264116000000051,-0.07459068300000027,-0.018326848649999894,-14.79326534,-11.9933939,5.402724266,6.446805954,0.3073429763,1.486640453
2,-8.02662158,2.571280241,0.87635955205,-0.03407096900000006,-0.0922191145000002,0.008164465649999952,-9.742347717,-6.310895443,1.626335144,3.516225338,0.2971555591,1.455563545
