vehicle_id,position_x,position_y,position_z,mvec_x,mvec_y,mvec_z,bbox_x_min,bbox_x_max,bbox_y_min,bbox_y_max,bbox_z_min,bbox_z_max
0,34.84694481,5.7220656875,0.90408071885,0.027372360000001095,0.3606138225000004,0.021988957799999986,34.03605652,35.6578331,3.709418774,7.734712601,0.3497820497,1.458379388
1,31.192193035,12.156035424999999,0.90485861885,0.008625030000001033,0.2682132700000004,-0.028268277299999922,30.68432999,31.70005608,10.65464115,13.6574297,0.3210576177,1.48865962
5,28.12249756,-3.863924682,0.789281484,0.01987171000000032,-0.02354711300000023,0.013701576600000043,26.83437729,29.41061783,-5.886144638,-1.841704726,0.113342993,1.465219975
1,23.778914455,5.6058788295,0.9068260340500001,-0.10442638500000001,-0.007061957999999535,0.0023133906499999135,22.15187836,25.40595055,4.928620338,6.283137321,0.3291908801,1.484461188
3,24.355851174999998,-8.450288294,0.8925735353,0.014461515000000702,-0.018847226500000147,-0.009511664500000072,23.66922951,25.04247284,-10.08169746,-6.818879128,0.2948145866,1.490332484
2,27.82667923,-9.3621325495,0.88066931075,0.003342624999998378,0.020324467000000013,-0.04130422329999994,26.98713493,28.66622353,-11.65894413,-7.065320969,0.2972667515,1.46407187
