vehicle_id,position_x,position_y,position_z,mvec_x,mvec_y,mvec_z,bbox_x_min,bbox_x_max,bbox_y_min,bbox_y_max,bbox_z_min,bbox_z_max
0,34.984531405,11.337302207,0.89100429405,-0.26485633999999436,0.5513238919999992,-0.0002020595500000777,34.11379242,35.85527039,9.608613014,13.0659914,0.3127167821,1.469291806
1,31.257102015,17.694078445000002,0.7920452094,0.024927134999998657,-0.20546341000000012,0.16700864969999996,30.71139908,31.80280495,16.43602753,18.95212936,0.0979045108,1.486185908
2,27.793363575,-10.049926756000001,0.8605483323500001,0.027700419999998616,-0.008629562999999507,-0.016074560650000014,26.95727921,28.62944794,-12.28624725,-7.813606262,0.2631757557,1.457920909
3,24.477982519999998,-12.841626170000001,0.7983011642,0.01581382500000217,-0.28783320999999873,-0.0013765582999999415,23.68140411,25.27456093,-14.37005234,-11.3132,0.1045061424,1.492096186
5,24.620380405,0.1746081115,0.79257237905,-0.1519012499999981,0.04951488949999994,0.012152209999999997,22.38679314,26.85396767,-1.357799768,1.707015991,0.1281601191,1.456984639
1,18.73530865,5.772444725,0.78234763456,-0.06202889000000056,-0.013938426999999365,0.03291866164000001,17.10821915,20.36239815,5.069538116,6.475351334,0.07433572412,1.490359545
