vehicle_id,position_x,position_y,position_z,mvec_x,mvec_y,mvec_z,bbox_x_min,bbox_x_max,bbox_y_min,bbox_y_max,bbox_z_min,bbox_z_max
0,34.832338335,40.59114075,0.78989323955,0,0,0,34.52927399,35.13540268,40.09301758,41.08926392,0.5756493211,1.004137158
0,28.130815505,-39.464187620000004,0.86097332855,0.001207349999997831,-0.08617400999999347,0.13568776825000006,27.47823143,28.78339958,-41.24970245,-37.67867279,0.2630285621,1.458918095
1,24.82461357,-42.04609108,1.00421410785,0.011459349999999091,-0.025012970000005907,-0.0057904719999999354,24.25653648,25.39269066,-43.32540512,-40.76677704,0.5697871447,1.438641071
1,-10.354864597999999,5.9345088005,0.7818430178650001,-0.04555749800000086,-0.044010638999999685,0.12765008593499994,-11.86431122,-8.845417976,5.196172714,6.672844887,0.09654464573,1.46714139
2,-4.8271535635000005,2.4977641105,0.7963080554499999,-0.48026072999999947,0.05136942850000015,-0.006604388199999867,-6.621507645,-3.032799482,1.610026836,3.385501385,0.1310326159,1.461583495
