vehicle_id,position_x,position_y,position_z,mvec_x,mvec_y,mvec_z,bbox_x_min,bbox_x_max,bbox_y_min,bbox_y_max,bbox_z_min,bbox_z_max
0,34.911048885,9.2823147785,0.84795892965,-0.07780838000000045,0.006526943500000826,-0.0042744128499999645,34.07938766,35.74271011,7.298031807,11.26659775,0.2441169173,1.451800942
1,31.58813,15.864455699999999,1.336357236,-0.5175342599999979,0.08768940000000036,-0.44396923509999997,31.09434319,32.08191681,15.26589108,16.46302032,1.212321758,1.460392714
5,26.255270955,-1.1550058129,0.79125875985,0.006903654999998565,0.15618670005000002,-0.002768613250000107,24.29276657,28.21777534,-2.737576962,0.4275653362,0.1227955967,1.459721923
3,24.375925065,-10.932633875,0.8758682909,0.025239944999999153,-0.04239177750000067,-0.02622603670000001,23.67453575,25.07731438,-12.48959541,-9.37567234,0.2649040818,1.4868325
1,20.89600849,5.717400074,0.8731433602,-0.13256931000000094,0.11899614349999954,-0.05415057430000003,19.27181053,22.52020645,5.014802933,6.419997215,0.2574423254,1.488844395
2,27.82667923,-9.3621325495,0.88066931075,0.003342624999998378,0.020324467000000013,-0.04130422329999994,26.98713493,28.66622353,-11.65894413,-7.065320969,0.2972667515,1.46407187
