vehicle_id,position_x,position_y,position_z,mvec_x,mvec_y,mvec_z,bbox_x_min,bbox_x_max,bbox_y_min,bbox_y_max,bbox_z_min,bbox_z_max
0,34.74489975,9.106403351,0.85714112985,0.027799610000002417,0.2536187159999983,-0.00599444689999995,34.09184647,35.39795303,7.026968002,11.1858387,0.2446586937,1.469623566
1,31.34186268,15.123530865,0.775922853655,0.01732349499999941,0.27049064500000064,-0.009321548165000082,30.69675446,31.9869709,13.72511578,16.52194595,0.08995489031,1.461890817
5,26.459994315000003,-1.4931644202,0.7719461434599999,-0.11912441000000484,0.16828274745000016,-8.458635499986045e-05,24.60196686,28.31802177,-3.129553795,0.1432249546,0.07324566692,1.47064662
3,24.3324852,-10.79768181,0.78918578861,0.013227459999999525,-0.009270666500000857,0.10070529919000004,23.67759323,24.98737717,-12.50916386,-9.08619976,0.08790438622,1.490467191
1,21.326455115,5.667014599,0.8735376897,-0.07787609000000373,0.12854433000000043,-0.08686626377500006,19.66555786,22.98735237,5.004437447,6.329591751,0.2576683164,1.489407063
2,27.82667923,-9.3621325495,0.88066931075,0.003342624999998378,0.020324467000000013,-0.04130422329999994,26.98713493,28.66622353,-11.65894413,-7.065320969,0.2972667515,1.46407187
