vehicle_id,position_x,position_y,position_z,mvec_x,mvec_y,mvec_z,bbox_x_min,bbox_x_max,bbox_y_min,bbox_y_max,bbox_z_min,bbox_z_max
0,34.87519455,23.653923035,0.8725294619499999,-0.006921765000001301,0.06914329500000349,-0.021411597549999883,34.1923027,35.5580864,22.35042572,24.95742035,0.3440747559,1.400984168
2,31.15317917,29.44421196,0.9812156854,0.09297942999999975,0.07916832000000085,-0.017194747700000068,30.73061562,31.57574272,28.61544037,30.27298355,0.5224215388,1.440009832
2,27.947172164999998,-22.227262495,0.9298136534500001,-0.00885009999999653,0.1457309699999989,-0.0598631352500002,27.10119247,28.79315186,-24.44937515,-20.00514984,0.3981694579,1.461457849
0,24.625595095,-24.78562546,0.90647134175,-0.1348047300000026,-0.045049665000000516,-0.010102316799999955,23.82081604,25.43037415,-25.89991379,-23.67133713,0.3403455615,1.472597122
1,6.7392513755,5.8503327370000004,0.8436737061,-0.2755327230000004,0.019080161999999845,0.013712510349999985,5.183755398,8.294747353,5.137115479,6.563549995,0.1931561232,1.494191289
