vehicle_id,position_x,position_y,position_z,mvec_x,mvec_y,mvec_z,bbox_x_min,bbox_x_max,bbox_y_min,bbox_y_max,bbox_z_min,bbox_z_max
0,34.807662965,25.44841957,1.01466253425,0.02096175999999872,0.4659156849999988,0.011544614900000028,34.16522217,35.45010376,24.10220718,26.79463196,0.6459102035,1.383414865
2,31.281446455,31.442295075,0.9388941677,0.13253402999999864,0.04627609499999963,-0.010092750149999996,30.78575134,31.77714157,30.36077881,32.52381134,0.4979675114,1.379820824
2,27.86476612,-23.062444685,0.88466289655,-0.0017309149999960027,-0.06780243000000041,-0.021389916599999892,27.13855934,28.5909729,-24.39923477,-21.7256546,0.3054408431,1.46388495
0,24.543639185,-26.669271465,0.89339014875,0.026954650000000413,-0.04351235000000031,-0.0106685755,23.8585434,25.22873497,-27.99131393,-25.347229,0.3119497895,1.474830508
1,5.0618835685,5.884507656,0.8586252032,-0.25589358750000013,-0.009125709000000093,0.0017053038499998951,3.536890268,6.586876869,5.073712349,6.695302963,0.2288858294,1.488364577
5,8.848424435,3.126496315,1.3315027355,-0.1428098680000005,-0.030268907499999997,-0.022021591499999937,8.543716431,9.153132439,3.121188164,3.131804466,1.259431958,1.403573513
