vehicle_id,position_x,position_y,position_z,mvec_x,mvec_y,mvec_z,bbox_x_min,bbox_x_max,bbox_y_min,bbox_y_max,bbox_z_min,bbox_z_max
0,34.78725815,20.112880705000002,0.93684786555,0.017002105000003098,0.05413818499999934,-0.06816694135000001,34.15018463,35.42433167,18.52744293,21.69831848,0.4087408781,1.464954853
2,31.394509315,25.847637175000003,0.8698454798499999,0.014013290000001177,0.4629859949999968,-0.020200774249999998,30.72288322,32.06613541,24.95955276,26.73572159,0.2809408307,1.458750129
2,27.821604729999997,-18.329963685,0.8053770286499999,0.018403050000003418,-0.04576588000000115,-0.013709224349999993,27.01120949,28.63199997,-20.44795227,-16.2119751,0.1465280503,1.464226007
0,24.56436539,-21.434530260000002,0.83387258635,-0.26674461500000035,0.02518653999999998,0.02396790715000008,23.76343918,25.3652916,-22.6218338,-20.24722672,0.1882844567,1.479460716
1,10.274155615,5.82014513,0.80929246555,-0.15300702949999945,0.015023231499999845,-0.007887545999999968,8.65018177,11.89812946,5.08289814,6.55739212,0.1300571561,1.488527775
5,16.27804184,2.311444521,0.774721294745,-0.04012489499999816,0.0005338195000001988,0.08232458665500009,14.17614365,18.37994003,1.341457367,3.281431675,0.07789772749,1.471544862
