vehicle_id,position_x,position_y,position_z,mvec_x,mvec_y,mvec_z,bbox_x_min,bbox_x_max,bbox_y_min,bbox_y_max,bbox_z_min,bbox_z_max
0,35.057704924999996,21.269483565,0.9219697119500001,-0.1197624200000007,-0.07313919000000269,0.06305825694999989,34.14413071,35.97127914,19.13968658,23.39928055,0.4219074249,1.422031999
2,31.399622915000002,26.91599083,0.96610084175,0.051175119999996355,0.05554580500000128,-0.0077044369,30.81861496,31.98063087,25.49411774,28.33786392,0.4615697265,1.470631957
2,27.988060955,-18.737753865000002,0.8859521297999999,-0.19095707500000003,0.008763310000002633,-0.021168917299999923,27.05682755,28.91929436,-20.7602272,-16.71528053,0.3110605776,1.460843682
0,24.307331085,-22.511421204999998,0.91602541495,0.010673524999997852,-0.05650711000000186,-0.009688973099999942,23.77682114,24.83784103,-23.86080933,-21.16203308,0.3510812819,1.480969548
1,9.6983737945,5.825067043500001,0.83333622645,-0.03626251400000058,-0.012573719500000635,-0.07554551275499999,7.985220909,11.41152668,5.137899399,6.512234688,0.1768724769,1.489799976
5,15.941843985,2.319650888,1.0021201374,-0.04322814999999913,0.0097558499999999,-0.09387597484999999,14.00907135,17.87461662,1.370260715,3.269041061,0.5333135128,1.470926762
