vehicle_id,position_x,position_y,position_z,mvec_x,mvec_y,mvec_z,bbox_x_min,bbox_x_max,bbox_y_min,bbox_y_max,bbox_z_min,bbox_z_max
0,34.868272785,23.72306633,0.8511178644,0.01798629500000004,0.9668712599999978,0.019193723699999943,34.15308762,35.58345795,22.44750214,24.99863052,0.3153667748,1.386868954
2,31.2461586,29.52338028,0.9640209377,0.027306559999999536,0.08115577499999915,-0.01758749794999992,30.87584305,31.61647415,28.71100235,30.33575821,0.5001981854,1.42784369
2,27.938322065,-22.081531525000003,0.8699505181999999,-0.07943630000000113,-0.005306244999999876,0.048687874850000146,27.10446739,28.77217674,-24.06427383,-20.09878922,0.2877479494,1.452153087
0,24.490790365,-24.830675125,0.89636902495,0.02432156000000063,-0.05069732500000157,-0.014257997200000094,23.84615898,25.13542175,-25.89362335,-23.7677269,0.3183022439,1.474435806
1,6.4637186525,5.869412899,0.85738621645,-0.07462716049999951,-0.04954528800000091,-0.051364034150000015,4.757012844,8.170424461,5.147548676,6.591277122,0.2285684049,1.486204028
