vehicle_id,position_x,position_y,position_z,mvec_x,mvec_y,mvec_z,bbox_x_min,bbox_x_max,bbox_y_min,bbox_y_max,bbox_z_min,bbox_z_max
0,34.830230709999995,32.761545185,0.88271848835,0.050457005000005495,0.07218932499999653,-0.01443526145000007,34.11973953,35.54072189,31.71704865,33.80604172,0.3825028837,1.382934093
1,31.401174545,38.172973635,0.6978981792,-0.0648174250000011,0.06568145499999645,-0.011935844799999984,30.88851547,31.91383362,37.62983704,38.71611023,0.3125979304,1.083198428
0,28.11428833,-31.031982425000002,0.75658692782,0.07180308999999951,-0.09863280500000116,-0.031476704275000045,27.29246902,28.93610764,-32.72775269,-29.33621216,0.09644214064,1.416731715
1,24.818935395,-33.354967115,0.8797279150499999,-0.01090145499999906,-0.6909809150000044,0.007072910650000042,24.22004128,25.41782951,-34.02199554,-32.68793869,0.4391463101,1.32030952
1,-2.1925355194,6.0078911779999995,0.7999422067999999,-0.045277267750000405,-0.2198934554999994,0.10752664875000006,-3.679828405,-0.7052426338,5.170682907,6.845099449,0.1142519936,1.48563242
2,3.1704758109,2.493859768,0.8665743766999999,0.048045962599999825,0.012186765500000085,-0.04079642864999988,0.9769403338,5.364011288,1.513763428,3.473956108,0.2626329064,1.470515847
