vehicle_id,position_x,position_y,position_z,mvec_x,mvec_y,mvec_z,bbox_x_min,bbox_x_max,bbox_y_min,bbox_y_max,bbox_z_min,bbox_z_max
0,34.936666485,38.442869189999996,0.9341833294499999,0.026739124999998864,0.06311988500000609,-0.011043012450000056,34.37891006,35.49442291,37.47322083,39.41251755,0.6013924479,1.266974211
0,28.140051839999998,-36.620285034999995,0.89429643765,0.01315975500000377,-0.05157089500000467,-0.008058846149999965,27.41897583,28.86112785,-38.11956787,-35.1210022,0.3546797633,1.433913112
1,24.838625905,-39.679319379999995,0.8734629304,0.006477355000001239,-0.046424865000005866,-0.01086533845000004,24.12571716,25.55153465,-41.04385376,-38.314785,0.2742156088,1.472710252
1,-7.8732988835,5.793941021,0.8594024254,-0.05499553699999993,0.013756751999999928,0.05667341510000001,-9.409175873,-6.337421894,5.185461998,6.402420044,0.2325437218,1.486261129
2,-2.4880602954000004,2.497455597,0.85843853645,-0.21448326114999938,0.051192045500000116,0.001982301700000022,-4.506525993,-0.4695945978,1.610906124,3.38400507,0.2488389909,1.468038082
