vehicle_id,position_x,position_y,position_z,mvec_x,mvec_y,mvec_z,bbox_x_min,bbox_x_max,bbox_y_min,bbox_y_max,bbox_z_min,bbox_z_max
0,30.945351600000002,53.120094300000005,0.65784174205,0,0,0,30.80159569,31.08910751,52.95090485,53.28928375,0.3210391402,0.9946443439
0,28.441900255,-46.338092805,0.7076504526499999,0.03563785500000094,-0.07656478499999508,-0.013127907749999945,27.68367386,29.20012665,-46.97779846,-45.69838715,0.2673843503,1.147916555
2,24.81528282,-48.68153954,0.741157203925,0.015751840000000072,-0.04579734499999688,-0.01166582685499995,24.1099205,25.52064514,-49.38500977,-47.97806931,0.06107109785,1.42124331
1,-16.698783875,5.814306259,0.8555230051,-0.04363011999999955,0.007243156499999515,-0.003309950000000006,-17.53990936,-15.85765839,5.208767891,6.419844627,0.2968154252,1.414230585
2,-12.216227055000001,2.4224910735,0.8954326363,-0.049700734999998275,0.008020877999999954,-0.022964731250000092,-13.52138519,-10.91106892,1.656751156,3.188230991,0.3926933706,1.398171902
