vehicle_id,position_x,position_y,position_z,mvec_x,mvec_y,mvec_z,bbox_x_min,bbox_x_max,bbox_y_min,bbox_y_max,bbox_z_min,bbox_z_max
0,34.631053925,28.532899855,0.9807914793500001,0.4528617849999961,0.7432937600000002,-0.01622813940000012,34.17475891,35.08734894,27.47254181,29.5932579,0.5589675307,1.402615428
0,26.44836235,-27.776582715,0.87116748095,1.580071450000002,0.9303665100000025,-0.16768489789999996,24.07037926,28.82634544,-30.46636581,-25.08679962,0.2754942179,1.466840744
1,1.82700569945,5.9622483255,0.8979724345,-0.13907453454999974,0.01128101349999966,-0.06996247155000002,0.3130525649,3.340958834,5.112201691,6.81229496,0.304271996,1.491672873
2,6.653097152500001,2.574224472,1.2540299895,-0.16277146300000034,-0.09470152849999991,0.0022304054999999767,5.180065155,8.12612915,1.714340687,3.434108257,1.036192894,1.471867085
