vehicle_id,position_x,position_y,position_z,mvec_x,mvec_y,mvec_z,bbox_x_min,bbox_x_max,bbox_y_min,bbox_y_max,bbox_z_min,bbox_z_max
0,35.19152641,40.22723198,0.6034751758,-0.49191093499999994,0.0684986099999989,0.2347967700500001,34.35914993,36.02390289,39.7129097,40.74155426,0.1483098716,1.05864048
0,28.23641396,-38.06177521,0.82712277785,0.01593684499999881,-0.08279990999999853,-0.017554730100000082,27.42710114,29.04572678,-38.96422577,-37.15932465,0.3807193637,1.273526192
1,24.718385695000002,-41.64166832,0.9260857703,0.28079509999999885,0.5319633500000052,0.06414684659999992,24.14225197,25.29451942,-42.96108246,-40.32225418,0.5001279116,1.352043629
1,-9.8979649535,5.8375525475,0.86100045585,-0.050809383999999014,0.012639045500000279,-0.0032415239999999956,-11.44141197,-8.354517937,5.182008743,6.493096352,0.2396496087,1.482351303
2,-4.5327283145,2.5049405095,0.851096049,-0.2877436874999999,0.008482694500000054,-0.029881663549999993,-6.559004307,-2.506452322,1.624290466,3.385590553,0.23402372,1.468168378
