vehicle_id,position_x,position_y,position_z,mvec_x,mvec_y,mvec_z,bbox_x_min,bbox_x_max,bbox_y_min,bbox_y_max,bbox_z_min,bbox_z_max
0,34.87508774,9.2882952695,0.85247834005,0.03596114500000169,-0.005980491000000754,-0.004519410400000035,34.10542679,35.64474869,7.209424019,11.36716652,0.2429640591,1.461992621
1,31.3974638,15.326133255000002,0.8912449332,0.190666199999999,0.5383224449999968,0.4451123028,30.69127083,32.10365677,14.18719006,16.46507645,0.3227680624,1.459721804
5,26.371079445,-1.3268072602999998,0.8588945644,-0.11580848999999915,0.1718014473999998,-0.06763580454999996,24.34175491,28.40040398,-3.124843597,0.4712290764,0.2470452338,1.470743895
3,24.36328888,-10.8757357575,0.786751359855,0.012636185000001632,-0.05689811750000118,0.08911693104499996,23.68299866,25.0435791,-12.47587585,-9.275595665,0.08581572771,1.487686992
1,20.982315065,5.6803922655,0.86337417345,-0.08630657500000183,0.037007808500000294,0.009769186750000047,19.35879517,22.60583496,4.997935295,6.362849236,0.2360626459,1.490685701
2,27.82667923,-9.3621325495,0.88066931075,0.003342624999998378,0.020324467000000013,-0.04130422329999994,26.98713493,28.66622353,-11.65894413,-7.065320969,0.2972667515,1.46407187
