vehicle_id,position_x,position_y,position_z,mvec_x,mvec_y,mvec_z,bbox_x_min,bbox_x_max,bbox_y_min,bbox_y_max,bbox_z_min,bbox_z_max
0,28.15865517,-45.50270653,0.8174164297,0.02652359000000004,-0.08806801000000064,-0.010663509649999847,27.48788071,28.82942963,-46.34283066,-44.6625824,0.3867520094,1.24808085
2,24.75770378,-48.16795921000001,0.8507732152999999,0.00882816500000061,-0.11210441999999432,-0.05828197674999991,24.04827118,25.46713638,-49.05239868,-47.28351974,0.2325583696,1.468988061
1,-16.37781572,6.0383634565,0.8941012621,-0.039513589999998544,0.015316963000000072,-0.01272547260000001,-17.49534225,-15.26028919,5.373113632,6.703613281,0.3629367352,1.425265789
2,-11.473825456,2.5042603015,0.8951086849500001,-0.44358777899999957,-0.030052661500000077,-0.019601330299999997,-12.96368027,-9.983970642,1.625313759,3.383206844,0.3185152709,1.471702099
