vehicle_id,position_x,position_y,position_z,mvec_x,mvec_y,mvec_z,bbox_x_min,bbox_x_max,bbox_y_min,bbox_y_max,bbox_z_min,bbox_z_max
0,34.84115219,32.257907865,0.9075751456,0.027038574999998843,0.044107439999997666,0.0009084639499999936,34.14400482,35.53829956,30.89812469,33.61769104,0.3988449872,1.416305304
1,31.51644039,36.962366105,0.7065162808000001,-0.23983096999999987,0.8479442550000016,0.05892008514999991,31.38828087,31.64459991,36.82442093,37.10031128,0.4629916251,0.9500409365
0,27.92912674,-30.596754075,0.9254532753,0.032250404999999205,-0.027671814999997935,-0.01144789164999993,27.25161171,28.60664177,-32.73571396,-28.45779419,0.3821148276,1.468791723
1,24.62840843,-32.683595655000005,0.7900236396,0.008633615000000816,-0.8134212499999975,-0.006656609050000095,24.0101757,25.24664116,-33.49711227,-31.87007904,0.1447183192,1.43532896
1,-1.38966558511,5.9025297165,0.7615348266950001,-0.3363753760249999,-0.05859613400000008,0.13898384405499997,-2.860784054,0.08145288378,5.103956223,6.70110321,0.03972545639,1.483344197
2,3.926581919,2.470703125,0.7777989690749999,-0.07202821949999993,0.03208708799999993,0.10306378842500008,1.71677649,6.136387348,1.583011627,3.358394623,0.08644441515,1.469153523
