vehicle_id,position_x,position_y,position_z,mvec_x,mvec_y,mvec_z,bbox_x_min,bbox_x_max,bbox_y_min,bbox_y_max,bbox_z_min,bbox_z_max
0,34.833631515,7.2221069335,0.86534385385,-0.0814094550000064,0.035768032000000005,-0.01405099030000001,33.9845047,35.68275833,5.037231445,9.406982422,0.2644616067,1.466226101
1,31.24044037,13.679455279999999,0.88308964675,0.015617369999997521,0.021794320000001477,-0.035828829050000066,30.70241356,31.77846718,12.14566612,15.21324444,0.2895826995,1.476596594
5,27.837303165,-2.5859892366499997,0.8402179775,-0.1535825800000019,-0.017682671950000284,-0.011119291000000087,25.93913651,29.73546982,-4.467630386,-0.7043480873,0.21178478,1.468651175
3,24.402134895000003,-9.309623479999999,0.7683143970349999,-0.06864643000000115,-0.06845569700000098,0.05134280951500003,23.67729187,25.12697792,-10.97939682,-7.63985014,0.05004842207,1.486580372
1,22.79800415,5.6305685045,0.8552979304,-0.09936618500000094,0.014530658500000015,-0.0026076434999999787,21.159935,24.4360733,4.954854012,6.306282997,0.2184742838,1.492121577
2,27.82667923,-9.3621325495,0.88066931075,0.003342624999998378,0.020324467000000013,-0.04130422329999994,26.98713493,28.66622353,-11.65894413,-7.065320969,0.2972667515,1.46407187
