vehicle_id,position_x,position_y,position_z,mvec_x,mvec_y,mvec_z,bbox_x_min,bbox_x_max,bbox_y_min,bbox_y_max,bbox_z_min,bbox_z_max
0,34.9980793,30.57508278,0.93017920845,-0.02471352000000593,0.0711307500000018,-0.015009537500000003,34.27149963,35.72465897,29.53079987,31.61936569,0.4683042169,1.3920542
1,31.593038560000004,37.149990085,0.7815084306000001,-0.2848959000000022,0.06160164000000634,-0.01808935397000011,30.8478241,32.33825302,35.69207764,38.60790253,0.1098602712,1.45315659
0,27.818305019999997,-28.958961485,0.8022413105,-0.0018062599999950635,-0.11192130999999961,-0.01981914065500001,27.26158524,28.3750248,-30.65245056,-27.26547241,0.135348171,1.46913445
1,24.753665925,-31.978990555,0.90781283365,0.06650257000000082,-0.03991889999999998,-0.011855095449999964,24.01055336,25.49677849,-33.32532501,-30.6326561,0.3426423073,1.47298336
1,-0.07329511600000005,5.8521943095,0.86326257875,-0.17498850899999996,0.01843118600000082,-0.041460283150000055,-1.499052405,1.352462173,5.156153679,6.54823494,0.2373461425,1.489179015
2,5.0889434815,2.5026819705,1.0233599244,-0.09176909950000045,-0.031213521999999827,-0.11745025195000003,2.992051125,7.185835838,1.586722851,3.41864109,0.5821060538,1.464613795
