vehicle_id,position_x,position_y,position_z,mvec_x,mvec_y,mvec_z,bbox_x_min,bbox_x_max,bbox_y_min,bbox_y_max,bbox_z_min,bbox_z_max
0,34.879795075000004,35.217773435,0.8194505720499999,-0.08217048500000601,0.04135513500000343,-0.008540570599999908,34.40229797,35.35729218,34.1085968,36.32695007,0.2886503041,1.35025084
1,31.286241529999998,39.97651291,0.59252932665,0,0,0,31.18795967,31.38452339,39.91778183,40.03524399,0.3177863359,0.8672723174
0,28.190209385000003,-33.43143463,0.85050030035,-0.11651229500000326,-0.03146934500000498,0.08835633139999999,27.30346107,29.0769577,-35.19076538,-31.67210388,0.2330802977,1.467920303
1,24.744019504999997,-35.87120438,0.76228331053,0.009058005000003533,-0.06879424499999942,-0.0033072702349999927,24.07803726,25.41000175,-36.79307938,-34.94932938,0.05208835006,1.472478271
1,-4.555594683,5.793846607,0.8430403991,-0.05239355550000013,-0.026153087500000005,0.0017569886000000645,-6.105088711,-3.006100655,5.180011749,6.407681465,0.2052439302,1.480836868
2,0.7008036375,2.49630785,0.85362821805,0.04461568599999999,0.00564432150000016,0.0013181867000000569,-1.617099762,3.018707037,1.59048748,3.40212822,0.2399097681,1.467346668
