vehicle_id,position_x,position_y,position_z,mvec_x,mvec_y,mvec_z,bbox_x_min,bbox_x_max,bbox_y_min,bbox_y_max,bbox_z_min,bbox_z_max
0,34.882873535,25.105968475,0.89822673805,0.05062675499999614,0.11418914500000099,-0.05190932770000001,34.16261673,35.60313034,23.39239883,26.81953812,0.3487533331,1.447700143
2,31.377332690000003,31.10196495,0.74315914135,0.029498099999997862,0.04956627000000324,-0.006350744410000053,30.71800232,32.03666306,29.63351822,32.57041168,0.1150519177,1.371266365
2,27.88782406,-22.79262352,0.86192961045,0.08118533999999755,0.0004177100000006817,0.005491063049999911,27.10384369,28.67180443,-24.54698563,-21.03826141,0.2741569579,1.449702263
0,24.49512863,-26.14032555,0.87780328115,0.02992249000000058,-0.047752379999998595,0.003092840149999998,23.84629059,25.14396667,-27.60886765,-24.67178345,0.2688503563,1.486756206
1,5.7568674085,5.858837128,0.84273356175,-0.07634377449999974,0.08625507299999935,-0.04910212735000008,4.226530075,7.287204742,5.151855469,6.565818787,0.1944538355,1.491013288
5,8.848424435,3.126496315,1.3315027355,-0.1428098680000005,-0.030268907499999997,-0.022021591499999937,8.543716431,9.153132439,3.121188164,3.131804466,1.259431958,1.403573513
