vehicle_id,position_x,position_y,position_z,mvec_x,mvec_y,mvec_z,bbox_x_min,bbox_x_max,bbox_y_min,bbox_y_max,bbox_z_min,bbox_z_max
0,34.972810745,30.512765885,0.9435383078999999,0.0252685550000038,0.062316894999998595,-0.013359099449999912,34.26974487,35.67587662,29.44835663,31.57717514,0.4870878458,1.39998877
1,31.492181775000002,37.136648175000005,0.79690124085,0.10085678500000128,0.013341909999994073,-0.015392810249999944,30.71678543,32.26757812,35.6204071,38.65288925,0.1335227787,1.460279703
0,27.82330894,-28.88941574,0.8102934436,-0.005003920000003603,-0.06954574499999921,-0.00805213309999997,27.26972198,28.3768959,-30.59379196,-27.18503952,0.1523649842,1.468221903
1,24.780079845,-31.931156154999996,0.91986860335,-0.026413919999999536,-0.04783440000000283,-0.012055769699999996,24.11067963,25.44948006,-33.3375473,-30.52476501,0.3694418967,1.47029531
1,-0.019986509999999957,5.8390316965,0.8675748856000001,-0.05330860600000009,0.013162612999999546,-0.004312306850000058,-1.505443215,1.465470195,5.154312134,6.523751259,0.2480163872,1.487133384
2,5.1650916335,2.46745491,1.0283938052000001,-0.07614815200000002,0.03522706050000002,-0.005033880800000112,3.068217039,7.261966228,1.584077835,3.350831985,0.5859348774,1.470852733
