vehicle_id,position_x,position_y,position_z,mvec_x,mvec_y,mvec_z,bbox_x_min,bbox_x_max,bbox_y_min,bbox_y_max,bbox_z_min,bbox_z_max
0,28.051757815,-48.027942655000004,0.91164544225,0.012371060000003098,-0.056100849999992874,-0.00939762590000004,27.39464188,28.70887375,-49.07767105,-46.97821426,0.5907943845,1.2324965
2,24.535966875,-49.295663835,0.86875179425,0.007986065000000764,-0.03837394500000357,-0.006014183050000121,24.2432251,24.82870865,-49.96282196,-48.62850571,0.3991568685,1.33834672
1,-18.09017181,5.925718784500001,0.8588240443499999,0.7370901100000005,0.018226146499999096,-0.08322346959999993,-19.55738258,-16.62296104,5.261626244,6.589811325,0.2502757907,1.467372298
2,-13.620814325000001,2.5294218065000003,0.8831135928499999,-0.06688451499999815,0.013190507499999615,-0.01931183024999983,-14.89657116,-12.34505749,1.674780846,3.384062767,0.3252059817,1.441021204
