vehicle_id,position_x,position_y,position_z,mvec_x,mvec_y,mvec_z,bbox_x_min,bbox_x_max,bbox_y_min,bbox_y_max,bbox_z_min,bbox_z_max
0,28.284950255,-44.551216124999996,0.82475280755,0.014519690000000196,-0.0832290649999976,-0.014901444300000066,27.50564384,29.06425667,-45.59275818,-43.50967407,0.2831040621,1.366401553
2,24.668379785,-47.69071579,0.9352074117,0.00852966000000066,-0.032409669999999835,-0.00612322994999992,24.06616974,25.27058983,-49.03482437,-46.34660721,0.3989206254,1.471494198
1,-15.70425415,5.8269691465,0.8976635483500001,-0.04340838999999974,0.07520246550000032,-0.010382622400000097,-17.01239014,-14.39611816,5.230353355,6.423584938,0.3079403937,1.487386703
2,-10.673097611500001,2.4413268565,0.8629148450999999,-0.48663520799999915,0.10850572600000019,-0.09348937854999995,-12.46697426,-8.879220963,1.644184589,3.238469124,0.2900176942,1.435811996
