vehicle_id,position_x,position_y,position_z,mvec_x,mvec_y,mvec_z,bbox_x_min,bbox_x_max,bbox_y_min,bbox_y_max,bbox_z_min,bbox_z_max
0,34.87029839,11.131272790499999,0.78469863175,0.035543434999993906,-0.0016856164999978773,0.12380019180000001,34.11919022,35.62140656,9.014919281,13.2476263,0.1175876185,1.451809645
1,31.25876236,17.37084341,0.879936397,-0.008724209999996901,-0.017488475000000392,0.04284231375000003,30.71993446,31.79759026,15.77610683,18.96557999,0.288615942,1.471256852
2,27.893321035,-9.725023746,0.8746750503,-0.11578654999999927,-0.003467084500000439,-0.0739794895000001,26.98203468,28.80460739,-12.00368595,-7.446361542,0.2795462906,1.46980381
3,24.41969395,-12.54319,0.8935291322000001,-0.055173880000001674,-0.06244993500000007,-0.027552492850000054,23.69423676,25.14515114,-14.25893497,-10.82744503,0.2972393334,1.489818931
5,24.99126339,-0.18863022349999992,0.75313189061,-0.11127853500000029,0.15551930699999994,0.035729816240000045,22.84040642,27.14212036,-1.672659636,1.295399189,0.03583626822,1.470427513
1,19.229590414999997,5.806482315,0.8129827381,-0.09828471999999522,-0.028929710499999928,-0.001248508550000027,17.59218979,20.86699104,5.005784988,6.607179642,0.1326810122,1.493284464
