vehicle_id,position_x,position_y,position_z,mvec_x,mvec_y,mvec_z,bbox_x_min,bbox_x_max,bbox_y_min,bbox_y_max,bbox_z_min,bbox_z_max
0,34.82636452,16.829522609999998,0.7688075827499999,0.03912353500000165,-0.04137611499999849,-0.009476602349999919,34.13125229,35.52147675,14.6687994,18.99024582,0.1669579595,1.370657206
2,31.564263345,22.44905472,0.83564667405,-0.4349021900000025,0.060581204999998306,-0.018698148500000067,30.7252636,32.40326309,21.22769165,23.67041779,0.2585534751,1.412739873
2,27.770401955,-14.111989975,0.858562574,-0.018821720000001818,-0.04846143500000011,0.008647486299999896,26.9849453,28.55585861,-15.88191128,-12.34206867,0.301853627,1.415271521
3,24.446001055,-17.691249845,0.84738471345,0.09018706999999893,-0.04528522500000065,-0.040004104250000005,23.73030281,25.1616993,-19.12289047,-16.25960922,0.2253739089,1.469395518
5,19.875785825,1.8940167424999999,0.7681812866400001,-0.12154292499999997,-0.013606309499999858,-0.023393562760000042,17.59507179,22.15649986,0.905412674,2.882620811,0.06494049728,1.471422076
1,13.94006109,5.796163082,0.8283211290000001,-0.06957626000000161,0.015746593500000294,-0.008926771700000113,12.19706249,15.68305969,5.054161072,6.538165092,0.166036427,1.490605831
