vehicle_id,position_x,position_y,position_z,mvec_x,mvec_y,mvec_z,bbox_x_min,bbox_x_max,bbox_y_min,bbox_y_max,bbox_z_min,bbox_z_max
0,34.777103425,15.47760439,0.97655132415,0.03306007500000163,0.03829288500000061,-0.07905788719999995,34.15047455,35.4037323,13.30543232,17.64977646,0.5229896903,1.430112958
2,31.185141565000002,20.96395683,0.9132270662,0.020692824999997583,0.04622077999999874,-0.015240117499999983,30.72063828,31.64964485,19.82107925,22.10683441,0.3550421894,1.471411943
2,27.756577495000002,-13.074745655000001,0.6965338958035,0.03369140499999901,-0.08516788499999883,0.010692611596500035,26.97994614,28.53320885,-15.26742744,-10.88206387,0.009035542607,1.384032249
3,24.413631435,-16.47075272,0.8226058556,0.0031375950000018804,-0.0495128600000001,0.014899559700000009,23.68362617,25.1436367,-18.07937241,-14.86213303,0.2010473162,1.444164395
5,21.250918385,1.54530537125,0.7845578825499999,-0.12384414499999963,0.03629195715,-0.0005885250999999592,19.0082283,23.49360847,0.4199130535,2.670697689,0.0974720791,1.471643686
1,15.298706055,5.8330044745,0.8706803545,-0.07444524499999972,-0.029452323500000155,-0.059385754000000124,13.59948349,16.99792862,5.121782303,6.544226646,0.249595806,1.491764903
