vehicle_id,position_x,position_y,position_z,mvec_x,mvec_y,mvec_z,bbox_x_min,bbox_x_max,bbox_y_min,bbox_y_max,bbox_z_min,bbox_z_max
0,34.94967461,11.3059592265,0.92170721285,0.034856794999996055,0.03134298049999984,-0.03070291879999998,34.11275101,35.78659821,9.543872833,13.06804562,0.3749804497,1.468433976
1,31.24053669,17.567230225000003,0.8206917943,0.016565325000001963,0.1268482199999994,-0.02864658490000005,30.7162838,31.76478958,16.17528915,18.9591713,0.1573767066,1.484006882
2,27.76373863,-9.9542386555,0.88427014645,0.0296249450000019,-0.0956881005000021,-0.02372181409999996,26.91347885,28.61399841,-12.12781239,-7.780664921,0.3026871979,1.465853095
3,24.40196228,-12.738610265,0.83912280205,0.0760202399999983,-0.10301590500000124,-0.040821637850000037,23.68322372,25.12070084,-14.25756359,-11.21965694,0.1889328361,1.489312768
5,24.56463909,0.07182502750000008,0.7979698927,0.05574131499999879,0.10278308399999991,-0.005397513649999963,22.48073578,26.6485424,-1.360246181,1.503896236,0.1259162724,1.470023513
1,18.8342905,5.820663452,0.8202227875,-0.09898185000000126,-0.04821872700000007,-0.03787515293999999,17.1960144,20.4725666,5.056697845,6.584629059,0.150240168,1.490205407
