vehicle_id,position_x,position_y,position_z,mvec_x,mvec_y,mvec_z,bbox_x_min,bbox_x_max,bbox_y_min,bbox_y_max,bbox_z_min,bbox_z_max
0,34.999082564999995,33.218875885,0.7910065353,0.02194976500000223,0.13365172999999686,0.05471503720000004,34.18172455,35.81644058,32.26613617,34.1716156,0.2638536096,1.318159461
1,31.451959610000003,38.698797225,0.5848422871500001,0.029666899999995167,0.09722519000000318,-0.00944241535000001,30.71641541,32.18750381,38.42592621,38.97166824,0.1283159703,1.041368604
0,28.21579933,-31.377830505,0.8494154959,-0.000822064999997707,-0.048200610000002087,-0.05475140330000006,27.28168869,29.14990997,-32.84365082,-29.91201019,0.2611418068,1.437689185
1,24.820930485,-34.20441818,0.7655385434499999,0.02125167499999847,-0.1758518250000023,0.04454588879999999,24.16738129,25.47447968,-35.09995651,-33.30887985,0.3035548329,1.227522254
1,-2.992690861,5.8240008355,0.8685322703,-0.07929962900000032,0.04370164849999991,-0.05139947695000002,-4.659034729,-1.326346993,5.162893295,6.485108376,0.2486706376,1.488393903
2,2.7104286253,2.3839445115,0.86492399865,-0.31655763069999976,0.11367297199999982,0.019916936849999956,0.6631534696,4.757703781,1.494723797,3.273165226,0.2593567073,1.47049129
