vehicle_id,position_x,position_y,position_z,mvec_x,mvec_y,mvec_z,bbox_x_min,bbox_x_max,bbox_y_min,bbox_y_max,bbox_z_min,bbox_z_max
0,30.83082676,52.713771820000005,0.7097679826000001,0,0,0,30.72015381,30.94149971,52.65962219,52.76792145,0.3606223762,1.058913589
0,28.111031535,-45.25681496,0.8341836035,0.10703563499999902,-0.08203887499999496,0.11507308490000001,27.48726845,28.73479462,-46.13259125,-44.38103867,0.387119472,1.281247735
2,24.730268475000003,-47.98913193,0.88106057045,0.008594514999998637,-0.06034278500000312,-0.010221094099999939,24.05251884,25.40801811,-48.96696091,-47.01130295,0.2808890939,1.481232047
1,-16.263451099999997,5.9918165205000005,0.93917250615,-0.037626740000000325,0.01615142849999973,-0.013154298050000013,-17.46978951,-15.05711269,5.3706007,6.613032341,0.4280204773,1.450324535
2,-11.327117922,2.4762408735,0.8742082121,-0.05389118200000098,0.007238864500000108,-0.017299249749999968,-12.9756012,-9.678634644,1.622218132,3.330263615,0.2794280052,1.468988419
