vehicle_id,position_x,position_y,position_z,mvec_x,mvec_y,mvec_z,bbox_x_min,bbox_x_max,bbox_y_min,bbox_y_max,bbox_z_min,bbox_z_max
1,-18.965855595,5.8417835235,0.99021488435,-0.005554199999998843,0.0014181139999998038,-0.003549546100000023,-20.384552,-17.54715919,5.22122097,6.462346077,0.5327780247,1.447651744
2,-16.792339325,2.5391111375,1.07114300125,-0.0044918099999975425,0.033873319500000054,-0.001049697300000041,-17.99660301,-15.58807564,1.682258129,3.395964146,0.7922174335,1.350068569
0,24.76231861,-50.013109205000006,1.04369142655,0.0006589899999980275,-0.0031242399999911186,-0.00046551244999992747,24.56458282,24.9600544,-50.58319473,-49.44302368,0.8380612731,1.24932158
