vehicle_id,position_x,position_y,position_z,mvec_x,mvec_y,mvec_z,bbox_x_min,bbox_x_max,bbox_y_min,bbox_y_max,bbox_z_min,bbox_z_max
0,35.11522293,29.073225025,0.84196239715,-0.010248180000004936,0.04855537000000254,-0.06651760634999992,34.26049423,35.96995163,27.12667084,31.01977921,0.2510123253,1.432912469
1,31.327523229999997,34.659029005,0.660959932785,0.019844055000000083,-0.2858142850000007,0.07978465061499995,30.94410133,31.71094513,33.24055862,36.07749939,0.07656354457,1.245356321
0,28.077447890000002,-26.63104057,0.76787963525,-0.05558014000000355,0.9683208450000009,-0.05634531374999996,27.20882416,28.94607162,-28.54810333,-24.71397781,0.3967036605,1.13905561
0,24.640020375,-29.30766487,0.9411356004,0.06397819500000068,-0.05254173500000192,-0.013570413349999977,23.98184586,25.29819489,-30.38378143,-28.23154831,0.3953913748,1.486879826
1,2.0372747478499997,5.842642307,0.88206146675,-0.04149699164999987,0.02206134849999941,0.013193085449999975,0.3568916917,3.717657804,5.158304214,6.5269804,0.2739981115,1.490124822
2,6.8913447855,2.671259165,1.272332668,-0.06535387000000004,-0.09349489199999983,-0.05311942065000008,5.365760326,8.416929245,1.825164795,3.517353535,1.073190808,1.471474528
