vehicle_id,position_x,position_y,position_z,mvec_x,mvec_y,mvec_z,bbox_x_min,bbox_x_max,bbox_y_min,bbox_y_max,bbox_z_min,bbox_z_max
0,28.189691545000002,-48.25724983,0.8732424972499999,0.01597594999999785,-0.08481979500000136,-0.013710915699999937,27.60108376,28.77829933,-49.14252853,-47.37197113,0.5236308575,1.222854137
2,24.567405700000002,-49.446739195,0.84504254185,0.007725714999999411,-0.03712845000000442,-0.0058325529500000695,24.27640724,24.85840416,-50.10308456,-48.79039383,0.3718655407,1.318219543
1,-18.172935485,5.8182229995,0.83537010095,-0.33805847,-0.04638099649999994,-0.005374960599999978,-19.54533958,-16.80053139,5.317485809,6.31896019,0.2010924369,1.469647765
2,-13.889169695,2.5850348475,0.748762540705,-0.0674834200000003,0.015172481500000057,-0.028164102159999982,-15.03115082,-12.74718857,1.733828545,3.43624115,0.08602879941,1.411496282
