vehicle_id,position_x,position_y,position_z,mvec_x,mvec_y,mvec_z,bbox_x_min,bbox_x_max,bbox_y_min,bbox_y_max,bbox_z_min,bbox_z_max
0,34.807533265000004,42.018863679999995,0.78511382645,0.014383314999996344,0.05476570000000436,-0.009196847700000066,34.16934967,35.44571686,41.13910294,42.89862442,0.3976509869,1.172576666
0,28.46033764,-39.93429184,0.8695958107499999,-0.12379169499999776,-0.155054094999997,-0.01638153199999992,27.79868317,29.12199211,-40.96707153,-38.90151215,0.3553259075,1.383865714
1,24.74895954,-42.67499542,0.8813726305,-0.05077648000000323,-0.08670234999999593,-0.016118556100000125,24.26852417,25.22939491,-43.47992706,-41.87006378,0.349579215,1.413166046
1,-11.162158965,5.8111181255,0.93484194555,-0.04872798999999972,0.016426087000000145,-0.015164449649999967,-12.39505863,-9.9292593,5.163698196,6.458538055,0.3916065991,1.478077292
2,-5.831256151,2.478500843,0.8389733807499999,-0.028783083500000473,0.018194437000000008,-0.02927330139999995,-7.517986774,-4.144525528,1.611949444,3.345052242,0.2076880485,1.470258713
