vehicle_id,position_x,position_y,position_z,mvec_x,mvec_y,mvec_z,bbox_x_min,bbox_x_max,bbox_y_min,bbox_y_max,bbox_z_min,bbox_z_max
0,34.932439805,13.37960339,0.92013385915,0.04101181000000054,0.07021045500000156,-0.10473371330000003,34.11112213,35.75375748,11.59361935,15.16558743,0.3756327033,1.464635015
1,31.344163895,19.860473634999998,0.8829006255499999,0.019796370000001673,-0.02215004499999651,0.19310030330000016,30.72043037,31.96789742,18.88595581,20.83499146,0.2887865901,1.477014661
2,27.771160125,-11.369072439,0.753004629235,0.028961185,-0.36057901299999884,0.13363016771500003,26.97661018,28.56571007,-13.35479832,-9.383346558,0.06289032847,1.44311893
3,24.39261913,-14.835332875,0.89392219495,-0.031101225000000454,-0.06493901499999843,-0.028188131650000003,23.69802284,25.08721542,-16.38570023,-13.28496552,0.2973355949,1.490508795
5,22.763385775,1.0510488750999998,0.79271160435,-0.08609294999999761,-0.008139014599999772,-0.01485442763,20.54102135,24.9857502,-0.2369158268,2.339013577,0.1195775047,1.465845704
1,16.82715416,5.7973031995,0.76397250606,-0.07334375499999979,-0.02218914000000005,0.04141633559000002,15.14311981,18.51118851,5.112840652,6.481765747,0.03388485312,1.494060159
