vehicle_id,position_x,position_y,position_z,mvec_x,mvec_y,mvec_z,bbox_x_min,bbox_x_max,bbox_y_min,bbox_y_max,bbox_z_min,bbox_z_max
0,35.08391571,29.276193615,0.96456333995,-0.009666440000003718,0.07583237000000054,-0.017912417400000047,34.16844559,35.99938583,27.56327438,30.98911285,0.5371825099,1.39194417
1,31.39691639,34.542806625,0.95570030785,0,0,0,30.94662857,31.84720421,33.68948746,35.39612579,0.6657320857,1.24566853
0,28.028433800000002,-26.846216204999998,0.70348258305,0.009576799999997831,-0.3635711650000033,0.10870553544999995,27.212883,28.8439846,-28.51018906,-25.18224335,0.2472245991,1.159740567
1,24.6850996,-30.43026543,0.85015407185,0.04188537999999653,-0.029756540000001053,-0.03253590289999997,23.95836258,25.41183662,-32.13998795,-28.72054291,0.2408855557,1.459422588
1,1.6879311649000002,5.973529339,0.82800996295,-0.042259573650000215,-0.09492874149999952,0.03744114215000005,0.1454856098,3.23037672,5.120837212,6.826221466,0.1670869589,1.488932967
2,6.4903256895000005,2.4795229435,1.256260395,-0.05841636650000037,0.0020198819999999174,-0.10884219394999994,4.889212132,8.091439247,1.707549572,3.251496315,1.045001864,1.467518926
