vehicle_id,position_x,position_y,position_z,mvec_x,mvec_y,mvec_z,bbox_x_min,bbox_x_max,bbox_y_min,bbox_y_max,bbox_z_min,bbox_z_max
0,34.940713885,15.62291384,0.8320491015,0.03997421000000401,0.0101327849999997,-0.006964780350000033,34.12744904,35.75397873,13.7326479,17.51317978,0.216602385,1.447495818
2,31.297891614999998,22.003847125,0.97563666115,0.02069473500000285,0.12038993499999862,-0.13540662100000012,30.72674179,31.86904144,20.47898865,23.5287056,0.4925966263,1.458676696
2,27.81129265,-12.956319805,0.80642598845,-0.1067705150000009,-0.3686056149999999,-0.019487246449999995,26.91609001,28.70649529,-14.51748466,-11.39515495,0.3247404099,1.288111567
3,24.403187754999998,-16.721313000000002,0.78068003055,-0.023329739999997656,-0.002470490000000325,0.03176541620000006,23.70418358,25.10219193,-18.06373024,-15.37889576,0.1685757041,1.392784357
5,20.801868435000003,1.77798843375,0.8053251133,-0.05762195500000189,0.03484487535000014,-0.010387476599999945,18.50086784,23.10286903,0.6608605385,2.895116329,0.1404854506,1.470164776
1,14.873067380000002,5.822555542,0.8682671564000001,-0.16266536500000228,-0.010087967000000475,-0.014588982200000156,13.23188114,16.51425362,5.115328789,6.529782295,0.2485079318,1.488026381
