vehicle_id,position_x,position_y,position_z,mvec_x,mvec_y,mvec_z,bbox_x_min,bbox_x_max,bbox_y_min,bbox_y_max,bbox_z_min,bbox_z_max
0,34.859916685,23.37649727,0.9047882707999999,0.05956268500000306,0.07290267999999855,-0.00360238579999983,34.16411209,35.55572128,21.73806763,25.01492691,0.3583969176,1.451179624
2,31.41284275,29.095941545000002,1.0587887764000001,0.020118714999998843,0.049409864999997666,-0.01110410680000018,30.87812233,31.94756317,28.09630966,30.09557343,0.6431510448,1.474426508
2,27.91737938,-21.1118412,0.86971999725,-0.027015689999998926,-0.5991258649999978,0.10992909954999996,27.09568596,28.7390728,-22.78308487,-19.44059753,0.2860691845,1.45337081
0,24.510757445,-24.510478974999998,0.9095580129999999,0.029695515000000228,-0.04814147500000132,-0.00444185720000001,23.82093811,25.20057678,-25.93558121,-23.08537674,0.340221554,1.478894472
1,7.2204952239999995,5.8425145149999995,0.8028010762,0.0015010835,0.00919914249999998,0.037987653499999996,5.584172249,8.856818199,5.140821457,6.544207573,0.1164857224,1.48911643
5,14.347544195000001,3.2324168684999997,0.8751223982,-0.09467888500000043,0.025867461500000744,0.0281188188,13.565835,15.12925339,3.060307026,3.404526711,0.6949245334,1.055320263
