vehicle_id,position_x,position_y,position_z,mvec_x,mvec_y,mvec_z,bbox_x_min,bbox_x_max,bbox_y_min,bbox_y_max,bbox_z_min,bbox_z_max
0,28.283046725,-50.336431505,0.8508319854,0.026244165000001374,-0.13992309500000033,-0.04416278000000007,27.46347046,29.10262299,-51.63031769,-49.04254532,0.2387197018,1.462944269
2,24.658002855,-49.882228850000004,0.77645848685,0.002719880000000785,-0.013191224999999918,-0.0020634976500000235,24.37585831,24.9401474,-50.48913574,-49.27532196,0.2901165187,1.262800455
1,-18.826951979999997,5.8657875065,0.97356702395,0.9158277499999983,0.07482862450000027,-0.13638058315,-20.34031296,-17.313591,5.290753365,6.440821648,0.4566839039,1.490450144
2,-15.78374195,2.439425945,0.87022976555,-0.5754289650000004,0.008277178500000204,-0.01645977774999996,-17.23789787,-14.32958603,1.64396286,3.23488903,0.2975846231,1.442874908
