vehicle_id,position_x,position_y,position_z,mvec_x,mvec_y,mvec_z,bbox_x_min,bbox_x_max,bbox_y_min,bbox_y_max,bbox_z_min,bbox_z_max
0,34.85958481,7.616408825,0.89310474695,0.06329155000000242,-0.028763771499999535,-0.028138771499999993,34.0671463,35.65202332,5.557788849,9.675028801,0.3163875639,1.46982193
1,31.33366203,13.78792572,0.84839710595,0.016812330000000486,0.16931581999999956,0.00037198490000001083,30.69003677,31.97728729,12.36089039,15.21496105,0.2076591849,1.489135027
5,27.336565020000002,-2.59830677495,0.79478934425,-0.012795450000002262,0.18688988645000038,0.02843809875000003,25.67964554,28.9934845,-4.429016113,-0.7675974369,0.1285604835,1.461018205
3,24.34928417,-9.7049667825,0.8274684697,0.041519169999997274,-0.03805089050000099,-0.009636297949999983,23.63750839,25.06105995,-11.43297386,-7.976959705,0.1699678004,1.484969139
1,22.539437295,5.763968468,0.7749967331900001,-0.14364338000000032,-0.02384185849999998,0.11145096475999994,20.86175728,24.21711731,4.960941315,6.566995621,0.05821139738,1.491782069
2,27.82667923,-9.3621325495,0.88066931075,0.003342624999998378,0.020324467000000013,-0.04130422329999994,26.98713493,28.66622353,-11.65894413,-7.065320969,0.2972667515,1.46407187
