vehicle_id,position_x,position_y,position_z,mvec_x,mvec_y,mvec_z,bbox_x_min,bbox_x_max,bbox_y_min,bbox_y_max,bbox_z_min,bbox_z_max
0,34.877801895000005,19.58162308,0.8668384402,0.020294189999994217,0.013942719999999298,-0.004712715699999981,34.14743042,35.60817337,17.41821671,21.74502945,0.2919037044,1.441773176
2,31.462891579999997,25.318578719999998,0.7930173911499999,-0.2629985849999983,0.02916526500000316,0.21027648070000005,30.63512993,32.29065323,23.95746231,26.67969513,0.1151938513,1.470840931
2,27.957859995,-17.217084885,0.86148762705,-0.10874271499999821,-0.09442043499999997,0.029407516250000043,27.03877068,28.87694931,-19.34926605,-15.08490372,0.2542053461,1.468769908
0,24.517906189999998,-20.33234215,0.85041760675,-0.34205150499999704,-0.408808705000002,0.033743105499999926,23.73969269,25.29611969,-21.75138474,-18.91329956,0.2303664535,1.47046876
5,17.33292484,2.2574629785,0.81298268605,-0.16101169499999912,-0.026124954499999742,0.055303938599999936,15.12109756,19.54475212,1.279121399,3.235804558,0.1536960751,1.472269297
1,11.303056242,5.816669941,0.8211783617999999,-0.09419202999999854,-0.053131103500000165,0.02571327220000008,9.582323074,13.02378941,5.053031921,6.580307961,0.1503344476,1.492022276
