vehicle_id,position_x,position_y,position_z,mvec_x,mvec_y,mvec_z,bbox_x_min,bbox_x_max,bbox_y_min,bbox_y_max,bbox_z_min,bbox_z_max
0,34.922538755,25.956251145,1.0096193848,-0.02369117499999618,0.8425807949999999,-0.09269656204999988,34.23904037,35.60603714,24.45660782,27.45589447,0.5516254306,1.467613339
2,31.353506085,31.615087510000002,0.90049684025,-0.06008719999999812,0.04216384999999789,-0.009579166750000034,30.78849983,31.91851234,30.71482086,32.51535416,0.4196202755,1.381373405
2,27.974184989999998,-23.33309555,0.8684335647000001,-0.015836714999998946,-0.6041507750000008,-0.019014835200000135,27.09346771,28.85490227,-24.51068115,-22.15550995,0.3079062104,1.428960919
0,24.6563158,-26.851547240000002,0.8271491604500001,0.00901890000000094,-0.04175567999999785,-0.02109657985000013,24.00444412,25.30818748,-27.95647812,-25.74661636,0.1701707989,1.484127522
1,4.646023035,5.811622142499999,0.86710603545,-0.046652793499999845,0.1028294565000003,-0.06625878099999993,3.097000122,6.195045948,5.141561508,6.481682777,0.2449894249,1.489222646
5,8.848424435,3.126496315,1.3315027355,-0.1428098680000005,-0.030268907499999997,-0.022021591499999937,8.543716431,9.153132439,3.121188164,3.131804466,1.259431958,1.403573513
