vehicle_id,position_x,position_y,position_z,mvec_x,mvec_y,mvec_z,bbox_x_min,bbox_x_max,bbox_y_min,bbox_y_max,bbox_z_min,bbox_z_max
0,34.98300552,24.952489855,0.9129042776499999,0.03244972499999932,-0.01877021999999684,-0.005049884699999896,34.14214706,35.82386398,23.04536438,26.85961533,0.3544694483,1.471339107
2,31.302800175,30.799753189999997,0.8545031992500001,0.03307628999999679,-0.6863231649999975,-0.018694683500000142,30.7243576,31.88124275,29.31861115,32.28089523,0.3589034975,1.350102901
2,27.93327236,-22.289253235,0.87668935935,0.04628754000000157,-0.05165481499999913,-0.003320574399999998,27.08188438,28.78466034,-23.8751564,-20.70335007,0.2816108167,1.471767902
0,24.558970449999997,-25.98403549,0.8727477343000001,-0.0014514899999973352,-0.021337509999998616,0.028066977850000008,23.87104225,25.24689865,-27.60864639,-24.35942459,0.2689074576,1.476588011
1,5.913213968,5.959311485,0.790047157325,-0.08375334700000003,-0.016491889500000134,0.048527840575000036,4.232886314,7.593541622,5.139904022,6.778718948,0.09182248265,1.488271832
5,8.848424435,3.126496315,1.3315027355,-0.1428098680000005,-0.030268907499999997,-0.022021591499999937,8.543716431,9.153132439,3.121188164,3.131804466,1.259431958,1.403573513
