vehicle_id,position_x,position_y,position_z,mvec_x,mvec_y,mvec_z,bbox_x_min,bbox_x_max,bbox_y_min,bbox_y_max,bbox_z_min,bbox_z_max
0,34.99120903,35.914758684999995,0.9526072443,0.015188215000002003,0.07435608000000116,-0.20853958300000008,34.20235825,35.78005981,35.00928116,36.82023621,0.6372428536,1.267971635
0,28.253903385,-33.889534,0.7860609589,-0.03543186000000276,-0.06283759500000485,-0.020547270350000035,27.36931419,29.13849258,-35.11591721,-32.66315079,0.1669806838,1.405141234
1,24.79037285,-37.496465685000004,0.8698609469,0.019965169999998977,-0.05872725999999773,-0.01124745589999998,24.11852074,25.46222496,-38.99442673,-35.99850464,0.3626449108,1.377076983
1,-5.468235612,5.784798145,0.8752099277000001,-0.050275444999999586,0.012143612500000067,0.0012259482499998864,-6.954416752,-3.982054472,5.184123039,6.385473251,0.2681729794,1.482246876
2,-0.2700657845000001,2.443706274,0.8617933841000001,0.14569503100000003,0.0738303659999997,-0.011929989049999978,-2.516978979,1.97684741,1.501748562,3.385663986,0.2539273202,1.469659448
