vehicle_id,position_x,position_y,position_z,mvec_x,mvec_y,mvec_z,bbox_x_min,bbox_x_max,bbox_y_min,bbox_y_max,bbox_z_min,bbox_z_max
0,35.203041075,38.068328855000004,0.76850536455,-0.5332069399999995,0.041934969999999794,0.22534853215000006,34.36474991,36.04133224,36.75552368,39.38113403,0.2651161551,1.271894574
0,28.01970768,-35.33817482,0.8579640238999999,0.008335110000000867,-0.745401385000001,-0.016287714149999966,27.38031197,28.65910339,-36.45859528,-34.21775436,0.2996190488,1.416308999
1,24.809262275000002,-38.20557022,0.9255950899000001,-0.044403075000001735,-0.06702232499999639,-0.014257207450000031,24.23336601,25.38515854,-39.00431824,-37.4068222,0.4759539068,1.375236273
1,-6.75658679,5.836156845,0.8412907199,-0.33250069650000036,0.017976760999999897,0.0020453781499999435,-8.025898933,-5.487274647,5.183897972,6.488415718,0.2051646858,1.477416754
2,-1.38873513045,2.53834033,0.84024865175,-0.05145324775000004,-0.07096672049999997,0.013602390850000035,-3.228132248,0.4506619871,1.5942173,3.48246336,0.2122746855,1.468222618
