vehicle_id,position_x,position_y,position_z,mvec_x,mvec_y,mvec_z,bbox_x_min,bbox_x_max,bbox_y_min,bbox_y_max,bbox_z_min,bbox_z_max
0,34.798452375,16.717828275,0.88194891795,0.027912145000001942,0.11169433499999926,-0.11314133520000003,34.14362335,35.4532814,14.57422161,18.86143494,0.3763666749,1.387531161
2,31.06780243,22.398788455000002,0.8514687119,0.4964609150000001,0.050266264999997645,-0.015822037849999915,30.72253227,31.41307259,21.12439728,23.67317963,0.2908642888,1.412073135
2,27.702303885,-14.09375477,0.80220624075,0.06809807000000134,-0.018235204999999866,0.05635633325,26.98667526,28.41793251,-15.96581745,-12.22169209,0.2338998765,1.370512605
3,24.549579620000003,-17.645815849999998,0.8305071889,-0.10357856500000295,-0.045433995000003335,0.016877524550000023,23.71036339,25.38879585,-19.12791634,-16.16371536,0.1937240958,1.467290282
5,19.937217715,1.9139254093,0.8210267797499999,-0.061431889999997935,-0.01990866680000014,-0.052845493109999864,17.68730736,22.18712807,0.8406267166,2.987224102,0.1707791835,1.471274376
1,14.08458662,5.815442085500001,0.78897585726,-0.14452552999999924,-0.019279003500001224,0.03934527174000013,12.43136501,15.73780823,5.113899231,6.51698494,0.08977989852,1.488171816
