vehicle_id,position_x,position_y,position_z,mvec_x,mvec_y,mvec_z,bbox_x_min,bbox_x_max,bbox_y_min,bbox_y_max,bbox_z_min,bbox_z_max
0,34.856220245,36.599588395,0.82828176025,-0.02544784500000219,0.08973694000000165,-0.11851289885000005,34.24978256,35.46265793,35.84386444,37.35531235,0.4778414965,1.178722024
2,31.363131525,42.47875976500001,0.83590419585,0.02757739999999842,0.09036445499999246,-0.00884643169999988,30.70085335,32.0254097,41.73973465,43.21778488,0.2771705687,1.394637823
0,28.188095095,-34.869197845,0.93187156345,0.04330157999999784,-0.06280899000000062,0.022222027050000093,27.41440201,28.96178818,-36.1919899,-33.54640579,0.3940957189,1.469647408
1,24.825600625,-37.83864212,1.00585627545,-0.08624076999999986,-0.04921531999999473,-0.010697632699999904,24.41798592,25.23321533,-38.93376923,-36.74351501,0.6233025789,1.388409972
1,-6.224414587,5.9226884845,0.8011430576499999,-0.18499040599999983,0.05133771850000013,0.09707558895000001,-7.66843462,-4.780394554,5.187785149,6.65759182,0.1149447113,1.487341404
2,-0.956742108,2.4905939105,0.8104050384,-0.010754644999999896,-0.0019268994999999123,0.02831909059999993,-3.072045326,1.15856111,1.599911213,3.381276608,0.1532438248,1.467566252
