vehicle_id,position_x,position_y,position_z,mvec_x,mvec_y,mvec_z,bbox_x_min,bbox_x_max,bbox_y_min,bbox_y_max,bbox_z_min,bbox_z_max
0,34.84907532,15.510239125,0.9519378392500001,0.013486860000000434,0.03526973499999997,-0.05255746835000008,34.16756821,35.53058243,13.45231342,17.56816483,0.4577923715,1.446083307
2,31.227827075,21.05455208,0.8059431388,0.023103710000000888,0.06632041999999672,-0.002559430699999976,30.72024918,31.73540497,20.01361847,22.09548569,0.1376009136,1.474285364
2,27.83924389,-13.198901175,0.8058003485,-0.03645991999999865,-0.060991290000000475,-0.027394816100000052,26.97884941,28.69963837,-15.30145645,-11.0963459,0.27476722,1.336833477
3,24.393776895000002,-16.56895304,0.80355633055,0.013723374999997873,-0.047564980000000645,-0.010576419399999981,23.71496773,25.07258606,-18.08156586,-15.05634022,0.1991778761,1.407934785
5,21.03556633,1.7015373709,0.8109558077500001,-0.13206100500000417,-0.04894542724999984,-0.009767487750000026,18.78376198,23.28737068,0.5377130508,2.865361691,0.1512571275,1.470654488
1,15.189324855,5.777406216,0.82517105335,-0.16958903999999997,0.07209825499999933,0.04259120660000004,13.52361393,16.85503578,5.116330147,6.438482285,0.1590619087,1.491280198
