vehicle_id,position_x,position_y,position_z,mvec_x,mvec_y,mvec_z,bbox_x_min,bbox_x_max,bbox_y_min,bbox_y_max,bbox_z_min,bbox_z_max
0,34.942466734999996,35.77143669,0.7612267734,0.023178100000002644,0.0714626299999992,-0.005941040800000019,34.19135284,35.69358063,34.85005188,36.6928215,0.2332299948,1.289223552
0,28.228863715000003,-33.783031460000004,0.8269328178500001,-0.001883505000002117,-0.05181312999999932,-0.0087920801000001,27.39751434,29.06021309,-35.11771774,-32.44834518,0.2315966487,1.422268987
1,24.754279134999997,-37.24492455,0.8935525417,0.01601219500000184,-0.04902838999999659,-0.01657678159999998,24.11767578,25.39088249,-38.71282578,-35.77702332,0.4018512964,1.385253787
1,-5.0876407625,5.9706611635,0.87376205645,-0.049984097499999436,0.020205498000000155,0.0007196511999999489,-6.410148621,-3.765132904,5.179377556,6.761944771,0.2712671459,1.476256967
2,0.19969993799999997,2.471153498,0.8080056683,-0.03685945199999985,0.00892877549999982,0.08170173319999996,-1.795496345,2.194896221,1.59774828,3.344558716,0.1506641656,1.465347171
