vehicle_id,position_x,position_y,position_z,mvec_x,mvec_y,mvec_z,bbox_x_min,bbox_x_max,bbox_y_min,bbox_y_max,bbox_z_min,bbox_z_max
0,34.71733284,16.043104645,0.90274339905,0.025161745000005453,0.0033960350000015183,0.0015770646999999638,34.15034103,35.28432465,14.34267139,17.7435379,0.3904109001,1.415075898
2,31.40963936,22.292259215,0.8165074364999999,-0.38530254500000183,0.03905105499999806,-0.00275192404999991,30.72293854,32.09634018,20.83613205,23.74838638,0.228042677,1.404972196
2,27.84779644,-13.900228025,0.7337711229,0.017065050000002913,-0.03934716999999921,-0.0003842414499999336,26.99925613,28.69633675,-15.88503361,-11.91542244,0.2100845128,1.257457733
3,24.36986923,-16.950572015,0.7895735205000001,0.024827954999999235,-0.0512981400000001,-0.009325124399999996,23.71748352,25.02225494,-18.04594803,-15.855196,0.240206778,1.338940263
5,20.263924595,1.8377246856,0.772467396975,-0.05566977999999878,0.0008981229500000243,-0.012996121974999997,18.00555801,22.52229118,0.7964029312,2.87904644,0.07323639095,1.471698403
1,14.35178852,5.818909168,0.85150273165,-0.13731050499999853,-0.05785179100000004,0.00022494759999991398,12.71125412,15.99232292,5.114285469,6.523532867,0.2140699923,1.488935471
