vehicle_id,position_x,position_y,position_z,mvec_x,mvec_y,mvec_z,bbox_x_min,bbox_x_max,bbox_y_min,bbox_y_max,bbox_z_min,bbox_z_max
0,35.14897919,37.198265075,0.7189204693,0.054061885000002974,0.8700637800000024,0.04958489524999998,34.42686844,35.87108994,36.63005829,37.76647186,0.3276964426,1.110144496
1,31.52587414,43.109287265,0.80058801195,0,0,0,30.71787453,32.33387375,42.56006241,43.65851212,0.2687987089,1.332377315
0,28.01139641,-35.26945877,0.87424361725,0.008311270000000093,-0.06871604999999903,-0.016279593350000066,27.37926865,28.64352417,-36.42070007,-34.11821747,0.3245875835,1.423899651
1,24.798031805,-38.12999344,0.9414324015,0.011230470000000992,-0.07557677999999868,-0.015837311599999904,24.23270416,25.36335945,-38.9508667,-37.30912018,0.497648567,1.385216236
1,-6.7084019185,5.817793846,0.8403056635499999,-0.04818487150000017,0.018362998999999824,0.0009850563500001241,-8.035209656,-5.381594181,5.184673309,6.450914383,0.2058320791,1.474779248
2,-1.3657407163,2.5293254855000002,0.739708949655,-0.02299441415000003,0.009014844499999786,0.10053970209499996,-3.288786411,0.5573049784,1.594588757,3.464062214,0.01211903431,1.467298865
