vehicle_id,position_x,position_y,position_z,mvec_x,mvec_y,mvec_z,bbox_x_min,bbox_x_max,bbox_y_min,bbox_y_max,bbox_z_min,bbox_z_max
0,28.2191782,-45.679836275,0.7916918098,0.02446555999999589,-0.09492492500000083,-0.008011475099999998,27.53639603,28.90196037,-46.48141098,-44.87826157,0.3571525216,1.226231098
2,24.778293605,-48.3379097,0.7910135536,0.016526229999996644,-0.05697059500000279,-0.0011505593000000758,24.0481739,25.50841331,-49.11239624,-47.56342316,0.1216630042,1.460364103
1,-16.456128595,6.0697331430000006,0.8690911083499999,-0.03783226000000184,-0.1183137900000002,-0.015105530449999849,-17.5117588,-15.40049839,5.375240326,6.76422596,0.3182368577,1.419945359
2,-11.929710865,2.4899880889999997,0.8557817638,-0.016189574999998513,0.020466327000000284,0.008323252149999849,-13.68347454,-10.17594719,1.546079636,3.433896542,0.2558930516,1.455670476
