vehicle_id,position_x,position_y,position_z,mvec_x,mvec_y,mvec_z,bbox_x_min,bbox_x_max,bbox_y_min,bbox_y_max,bbox_z_min,bbox_z_max
0,28.243643759999998,-45.7747612,0.7836803347,0.0300235750000013,-0.09489821999999748,-0.011406675049999926,27.5447731,28.94251442,-46.55065918,-44.99886322,0.3520635664,1.215297103
2,24.794819835,-48.394880295,0.7898629943,0.012337680000001683,-0.05604172000000318,-0.0008255951000000206,24.06105042,25.52858925,-49.14179993,-47.64796066,0.1235641316,1.456161857
1,-16.493960855,5.951419353,0.8539855779000001,-0.028663634999997356,0.02157306699999939,-0.015454456400000094,-17.51902008,-15.46890163,5.198034286,6.70480442,0.2895143628,1.418456793
2,-11.945900439999999,2.510454416,0.8641050159499999,-0.036961075000000676,0.023926258499999964,-0.018527969699999924,-13.61095524,-10.28084564,1.561738014,3.459170818,0.2806590199,1.447551012
