vehicle_id,position_x,position_y,position_z,mvec_x,mvec_y,mvec_z,bbox_x_min,bbox_x_max,bbox_y_min,bbox_y_max,bbox_z_min,bbox_z_max
0,34.923049925,35.005373000000006,0.7936088292000001,0.04480171499999841,0.002429959999993514,0.05646520874999994,34.17718887,35.66891098,33.54695129,36.46379471,0.2389557064,1.348261952
0,28.15170002,-32.18147087,0.8031029328,0.027467725000001053,-0.09397316000000444,-0.007508359899999983,27.35182762,28.95157242,-33.19942474,-31.163517,0.2481898516,1.358016014
1,24.701717375,-35.575126645,0.9536510261,0.07571315999999939,-0.03985405500000638,-0.010243386500000007,24.06915474,25.33428001,-36.71353149,-34.4367218,0.4192078412,1.488094211
1,-3.9819626809999997,5.938695430499999,0.8941964953,-0.2913647890000002,-0.021672724999999282,0.00017319609999999486,-5.464521885,-2.499403477,5.184951782,6.692439079,0.3061202466,1.482272744
2,1.52611468725,2.4579484465,0.74057390548,-0.32435177275000004,0.025548219499999636,0.1209314092199999,-0.4706483185,3.522877693,1.588130951,3.327765942,0.01211480796,1.469033003
