vehicle_id,position_x,position_y,position_z,mvec_x,mvec_y,mvec_z,bbox_x_min,bbox_x_max,bbox_y_min,bbox_y_max,bbox_z_min,bbox_z_max
0,34.667100905,10.3694152855,0.9533819258,0.02441596999999973,0.5490946765000011,-0.03021101650000002,34.09619522,35.23800659,8.650397301,12.08843327,0.4376128316,1.46915102
1,31.450427055,16.503104685,0.81836361425,-0.06101989999999802,0.03332996500000007,0.15553321715,30.88741112,32.01344299,15.38005352,17.62615585,0.2267980725,1.409929156
2,27.827668189999997,-9.5519618995,0.7988236172500001,0.0013723350000027779,0.0008811944999997934,0.10801587249999989,26.98083878,28.6744976,-11.7948761,-7.309047699,0.1274764985,1.470170736
3,24.477001190000003,-11.992638115,0.8557085169499999,-0.18265247000000073,-0.03787135999999869,-0.03545879529999996,23.6715641,25.28243828,-13.63306332,-10.35221291,0.2255899459,1.485827088
5,25.401256565,-0.4584895375000001,0.8017891421500001,-0.09426689500000052,-0.009412407499999942,-0.01417066545000012,23.25749207,27.54502106,-2.012415648,1.095436573,0.1336828023,1.469895482
1,19.737563135,5.714223862000001,0.872738734,-0.09671306499999943,0.09542512849999873,-0.07266665255000004,18.09207535,21.38305092,5.038005829,6.390441895,0.254901439,1.490576029
