vehicle_id,position_x,position_y,position_z,mvec_x,mvec_y,mvec_z,bbox_x_min,bbox_x_max,bbox_y_min,bbox_y_max,bbox_z_min,bbox_z_max
0,34.844005585,12.1306767455,0.9085171370999999,0.02525329500000595,-0.013555050500000831,-0.036428734349999936,34.12621307,35.5617981,9.935125351,14.32622814,0.3672361672,1.449798107
1,31.360069275,18.18056107,0.93922962225,0.022295950000000175,0.04320716500000188,-0.016061767799999904,30.71645355,32.003685,16.69731522,19.66380692,0.4057560265,1.472703218
2,27.84003258,-10.315725805,0.8613007367500001,-0.09120178499999909,0.00813722850000076,-0.010746352299999984,26.89752579,28.78253937,-12.43053532,-8.20091629,0.2513561845,1.471245289
3,24.31385708,-13.33132601,0.8209561107500001,0.08509063500000025,-0.021856785000000656,0.047102123449999866,23.63563919,24.99207497,-14.95540905,-11.70724297,0.1548342705,1.487077951
5,24.17794609,0.39922440049999997,0.75425680005,-0.12148571000000175,-0.010535478499999917,0.07517164900000006,22.04438782,26.31150436,-1.058144808,1.856593609,0.0425747931,1.465938807
1,18.40649414,5.760521412,0.8702777476,-0.08236026999999879,-0.033209800499999886,-0.05800583984999996,16.70252037,20.11046791,5.004640579,6.516402245,0.2529766262,1.487578869
