vehicle_id,position_x,position_y,position_z,mvec_x,mvec_y,mvec_z,bbox_x_min,bbox_x_max,bbox_y_min,bbox_y_max,bbox_z_min,bbox_z_max
0,28.299469945,-44.634445189999994,0.80985136325,0.061852460000000775,-0.1597614300000032,0.23212443280000006,27.507061,29.09187889,-45.65809631,-43.61079407,0.2635959685,1.356106758
2,24.676909445,-47.72312546,0.9290841817500001,0.00837708000000248,-0.03401374500000287,-0.006333172100000062,24.06537819,25.2884407,-49.01265717,-46.43359375,0.3834917545,1.474676609
1,-15.74766254,5.902171612,0.88728092595,-0.36063384999999926,0.011973857500000129,-0.013744905299999943,-17.01499557,-14.48032951,5.35724926,6.447093964,0.2854425609,1.489119291
2,-11.1597328195,2.5498325825,0.76942546655,0.021719934000000052,0.0036077494999999793,-0.01863679672999996,-13.33556843,-8.983897209,1.624492168,3.475172997,0.1107957661,1.428055167
