vehicle_id,position_x,position_y,position_z,mvec_x,mvec_y,mvec_z,bbox_x_min,bbox_x_max,bbox_y_min,bbox_y_max,bbox_z_min,bbox_z_max
0,28.123718265,-51.0210228,0.95716524125,0,0,0,27.65769005,28.58974648,-52.12320328,-49.91884232,0.5183826685,1.395947814
1,-18.959718705,5.8402657505,0.9938371479000001,-0.0061368900000005056,0.001517772999999778,-0.00362226355000006,-20.37771034,-17.54172707,5.219823837,6.460707664,0.5339756608,1.453698635
2,-16.612066745,2.536208868,0.90987598885,-0.18027258000000046,0.002902269499999832,0.16126701240000008,-17.99159813,-15.23253536,1.680593014,3.391824722,0.4674932957,1.352258682
0,24.76231861,-50.013109205000006,1.04369142655,0.0006589899999980275,-0.0031242399999911186,-0.00046551244999992747,24.56458282,24.9600544,-50.58319473,-49.44302368,0.8380612731,1.24932158
