vehicle_id,position_x,position_y,position_z,mvec_x,mvec_y,mvec_z,bbox_x_min,bbox_x_max,bbox_y_min,bbox_y_max,bbox_z_min,bbox_z_max
0,34.780145645000005,8.237514017,0.88135655235,0.022012709999998492,0.25246906699999805,-0.0006537138000000109,34.08863831,35.47165298,6.247418404,10.22760963,0.2938043177,1.468908787
1,31.18824482,14.621318340000002,0.8187829179999999,0.03542613999999844,0.11068725499999843,0.16471558105000006,30.69107056,31.68541908,12.92016506,16.32247162,0.160488233,1.477077603
5,27.13848591,-2.021324634775,0.8459646103999999,0.009276390000000134,0.19392049352499985,-0.042410872749999995,25.2098465,29.06712532,-3.974896193,-0.06775307655,0.2226589918,1.469270229
3,24.35601044,-9.964516163999999,0.78364717224,0.012874599999999958,-0.30521202200000097,0.07744766776,23.67666817,25.03535271,-11.4855423,-8.443490028,0.07974682748,1.487547517
1,22.034864425,5.758691311,0.7956280524,-0.13995265999999873,-0.021270751999999504,0.04295325615000001,20.39651489,23.67321396,4.983949661,6.533432961,0.1039576158,1.487298489
2,27.82667923,-9.3621325495,0.88066931075,0.003342624999998378,0.020324467000000013,-0.04130422329999994,26.98713493,28.66622353,-11.65894413,-7.065320969,0.2972667515,1.46407187
