vehicle_id,position_x,position_y,position_z,mvec_x,mvec_y,mvec_z,bbox_x_min,bbox_x_max,bbox_y_min,bbox_y_max,bbox_z_min,bbox_z_max
0,34.736042025,41.743551255,0.8312872648,0.011695859999996117,0.054512025000001074,-0.009151011699999989,34.15590668,35.31617737,40.64697266,42.84012985,0.4813901186,1.181184411
1,30.902279855,47.28408432,0.96003797665,0,0,0,30.72837448,31.07618523,47.00645828,47.56171036,0.6736366153,1.246439338
0,28.177660945,-40.060531615,0.77060021815,0.025448795000002633,-0.1292381299999974,-0.01829120486500002,27.4798317,28.87549019,-41.79574203,-38.3253212,0.1160762683,1.425124168
1,24.890767099999998,-42.317243575,0.9493538590499999,0.014317510000001477,-0.0638904600000032,-0.012257009999999902,24.26742363,25.51411057,-43.28203964,-41.35244751,0.4529084861,1.445799232
1,-10.921545027,5.827348232,0.88445973395,-0.04732036749999935,0.02941608449999933,-0.011476769950000021,-12.44637489,-9.396715164,5.28267765,6.372018814,0.2867379189,1.482181549
2,-5.397955656000001,2.4309582709999997,0.9169614908999999,-0.02582955349999949,0.0017280575000002685,-0.01588122515000001,-7.149641037,-3.646270275,1.607644081,3.254272461,0.3769991398,1.456923842
