vehicle_id,position_x,position_y,position_z,mvec_x,mvec_y,mvec_z,bbox_x_min,bbox_x_max,bbox_y_min,bbox_y_max,bbox_z_min,bbox_z_max
0,34.87431717,6.08267951,0.92606967665,0.027336120000001074,-0.0367982385000003,-0.02036166149999996,34.05150604,35.6971283,4.058362484,8.106996536,0.3926364183,1.459502935
1,31.200818065,12.424248695,0.87659034155,0.028010365000000093,0.2606987949999997,-0.08897782868500004,30.68276215,31.71887398,10.75606441,14.09243298,0.2661915421,1.486989141
5,28.14236927,-3.887471795,0.8029830606,0.002131460000001084,0.23485571150000029,-0.01915702221000004,26.79579163,29.48894691,-5.913868904,-1.861074686,0.1356516182,1.470314503
1,23.67448807,5.5988168715,0.9091394247,-0.057073594999998534,0.04126119649999982,-0.08964386579999994,22.05455971,25.29441643,4.888673782,6.308959961,0.3310531974,1.487225652
3,24.37031269,-8.4691355205,0.8830618708,0.021293640000003222,0.03732180349999936,0.012034848450000024,23.67237091,25.06825447,-10.08268642,-6.855584621,0.2745614946,1.491562247
2,27.82667923,-9.3621325495,0.88066931075,0.003342624999998378,0.020324467000000013,-0.04130422329999994,26.98713493,28.66622353,-11.65894413,-7.065320969,0.2972667515,1.46407187
