vehicle_id,position_x,position_y,position_z,mvec_x,mvec_y,mvec_z,bbox_x_min,bbox_x_max,bbox_y_min,bbox_y_max,bbox_z_min,bbox_z_max
0,34.694971085,21.53265381,0.84439288095,0.02798080500000566,0.04173851000000184,-0.008083328649999943,34.09741211,35.29253006,19.75928879,23.30601883,0.2202529609,1.468532801
2,31.211626055,27.20797348,0.9062289746000001,0.014901160000000857,0.06022262500000153,-0.014934509950000008,30.74608994,31.67716217,26.17646027,28.23948669,0.3216752112,1.490782738
2,27.86233902,-19.874652865,0.795116082,0.01924037500000253,0.08386707500000057,-0.00037999864999993527,27.02497864,28.6996994,-21.945961,-17.80334473,0.119767338,1.470464826
0,24.397011755,-22.788543699999998,0.87902274715,-0.002973555000000516,-0.033304215000001136,-0.01990432284999999,23.82519531,24.9688282,-24.20550537,-21.37158203,0.2707648873,1.487280607
1,9.009787797,5.803298473,0.831785083,-0.021983147999998565,0.1113357550000007,0.008339024850000043,7.292309284,10.72726631,5.075257301,6.531339645,0.174087286,1.48948288
5,15.50055647,2.5055339340000002,1.0449671746,-0.14829587999999916,-0.06310963650000012,-0.002954989700000077,13.83553219,17.16558075,1.652435303,3.358632565,0.6293404102,1.460593939
