vehicle_id,position_x,position_y,position_z,mvec_x,mvec_y,mvec_z,bbox_x_min,bbox_x_max,bbox_y_min,bbox_y_max,bbox_z_min,bbox_z_max
0,35.09279251,42.59723854,0.6915574817000001,0.03108787499999721,0.08944321000000599,-0.0144062786000001,34.52341461,35.66217041,41.87599945,43.31847763,0.2722645104,1.110850453
1,31.148605345,48.07056999,0.85205951335,0,0,0,30.92494583,31.37226486,47.63827133,48.50286865,0.5820632577,1.122055769
0,28.083154675000003,-41.110227585000004,1.0740438401999999,0.11188030499999613,-0.03788375999999971,-0.007783532299999951,27.5045433,28.66176605,-42.62736893,-39.59308624,0.6805110574,1.467576623
1,24.985954285,-43.311712265,0.9134317339,0.014015200000002892,-0.0860595700000033,-0.005381822399999958,24.14971542,25.82219315,-43.96689987,-42.65652466,0.4940091968,1.332854271
1,-12.230262755,5.9297556875,0.8521993011,-0.04334402000000104,0.03002405149999987,-0.004577435649999906,-13.81631088,-10.64421463,5.197154045,6.66235733,0.2429262102,1.461472392
2,-6.447625399,2.576118708,0.87180909525,-0.3836419580000001,0.01979231799999992,0.000527828950000031,-8.012562752,-4.882688046,1.644995213,3.507242203,0.2765776515,1.467040539
