vehicle_id,position_x,position_y,position_z,mvec_x,mvec_y,mvec_z,bbox_x_min,bbox_x_max,bbox_y_min,bbox_y_max,bbox_z_min,bbox_z_max
0,28.064128875,-48.084043505,0.90224781635,0.10668754499999977,-0.0557918550000025,-0.009373277550000059,27.39523315,28.7330246,-49.09123993,-47.07684708,0.5739944577,1.230501175
2,24.54395294,-49.33403778,0.8627376111999999,0.007832529999998172,-0.03750800999999626,-0.005888029999999822,24.25152969,24.83637619,-49.99910736,-48.6689682,0.3923415244,1.333133698
1,-17.3530817,5.943944931,0.77560057475,-0.7806196249999999,0.012599468500000377,0.07610840350000003,-18.03982162,-16.66634178,5.275397301,6.612492561,0.2381478995,1.31305325
2,-13.68769884,2.542612314,0.8638017626000001,-0.06715488500000077,0.013484001500000176,-0.019272908500000074,-14.9302454,-12.44515228,1.688079834,3.397144794,0.2939694822,1.433634043
