vehicle_id,position_x,position_y,position_z,mvec_x,mvec_y,mvec_z,bbox_x_min,bbox_x_max,bbox_y_min,bbox_y_max,bbox_z_min,bbox_z_max
0,34.690336225,8.0671648995,0.8397226259,0.06843185499999294,0.0500950790000001,-0.015524312950000119,33.98664474,35.39402771,5.845768929,10.28856087,0.2123857588,1.467059493
1,31.396582605,14.08907986,0.8390201853999999,-0.026094434999997418,0.041954989999998915,0.0021717469500001085,30.69063759,32.10252762,12.70782757,15.47033215,0.2066551298,1.471385241
5,27.247746470000003,-2.20651638505,0.79556173445,0.012125964999995631,-0.009744286550000147,-0.01398814454999997,25.39240265,29.10309029,-3.976878643,-0.4361541271,0.1200983599,1.471025109
3,24.26717949,-9.856804848,0.88600671305,0.02238369000000162,-0.07055091800000035,-0.016401484800000032,23.59856033,24.93579865,-11.39702797,-8.316581726,0.2847160101,1.487297416
1,22.168203355,5.6455321314999996,0.8688077704,-0.10252762000000004,0.13150548900000025,-0.024673871900000033,20.56161499,23.77479172,4.966015816,6.325048447,0.2453426868,1.492272854
2,27.82667923,-9.3621325495,0.88066931075,0.003342624999998378,0.020324467000000013,-0.04130422329999994,26.98713493,28.66622353,-11.65894413,-7.065320969,0.2972667515,1.46407187
