vehicle_id,position_x,position_y,position_z,mvec_x,mvec_y,mvec_z,bbox_x_min,bbox_x_max,bbox_y_min,bbox_y_max,bbox_z_min,bbox_z_max
0,35.045450215,43.28878403,0.562564548205,0.04353522999999626,0.07480430500000068,-0.017114751080000046,34.16789246,35.92300797,42.83496857,43.74259949,0.07663201541,1.048497081
0,28.29132843,-41.411907195,1.0141874848,-0.16339206500000003,-0.07072829999999897,-0.013584822450000145,27.81729507,28.76536179,-42.70535278,-40.11846161,0.5738309026,1.454544067
1,24.902194975,-43.838142395,0.8446590154,0.02309894500000098,-0.08988189499999777,-0.013261273299999932,24.23056602,25.57382393,-44.39878082,-43.27750397,0.4276959598,1.261622071
1,-12.682449815,5.886068821,0.84623510415,-0.05343723500000053,-0.09840440750000035,-0.015934169349999916,-14.17734718,-11.18755245,5.219987869,6.552149773,0.2226530463,1.469817162
2,-7.2591331005,2.499258518,0.9015147832999999,-0.05834007250000006,0.010282039999999881,-0.01868978134999988,-9.034583092,-5.483683109,1.613456726,3.38506031,0.3465659916,1.456463575
