vehicle_id,position_x,position_y,position_z,mvec_x,mvec_y,mvec_z,bbox_x_min,bbox_x_max,bbox_y_min,bbox_y_max,bbox_z_min,bbox_z_max
0,34.87509346,36.783859250000006,0.6981493978,0.06111144999999851,0.10212707999999537,-0.016665123149999905,34.17078018,35.57940674,36.06864929,37.49906921,0.2415563166,1.154742479
2,31.412823675,42.665576935000004,0.82204183935,0.02406502000000188,0.09755515999999886,-0.005789130699999978,30.71500206,32.11064529,41.96636963,43.36478424,0.2702125907,1.373871088
0,28.266101835,-34.9948864,0.93928255125,0.0219364199999994,-0.06830215000000095,-0.019219308800000112,27.43885612,29.09334755,-36.26840973,-33.72136307,0.4242067635,1.454358339
1,24.750620845,-37.936542509999995,0.98449015635,0.011980054999998657,-0.03873253000000432,-0.008960038700000061,24.22477341,25.27646828,-38.95531082,-36.9177742,0.5845936537,1.384386659
1,-6.5056941505,5.7734022145,0.8491561783999999,-0.05539965650000056,0.20760822250000022,-0.002750314649999863,-8.060592651,-4.95079565,5.168499947,6.378304482,0.2216414958,1.476670861
2,-1.0699507891,2.4736268519999998,0.84181383275,-0.25036710500000003,-0.04102611549999979,0.021198063749999996,-3.10159564,0.9616940618,1.607267857,3.339985847,0.2142775655,1.4693501
