vehicle_id,position_x,position_y,position_z,mvec_x,mvec_y,mvec_z,bbox_x_min,bbox_x_max,bbox_y_min,bbox_y_max,bbox_z_min,bbox_z_max
0,34.606492994999996,43.71676445,0.7429492771499999,0,0,0,34.33488083,34.87810516,43.26382446,44.16970444,0.5001951456,0.9857034087
1,31.438518525,48.99783516,0.7227972300000001,0,0,0,31.25187302,31.62516403,48.68891525,49.30675507,0.429779321,1.015815139
0,28.18500328,-41.85182381,0.8039462343999999,0.012812614999997862,-0.07457160999999957,-0.0037898051999999405,27.47125244,28.89875412,-42.95986176,-40.74378586,0.1958840638,1.412008405
1,25.05860615,-44.32932091,0.7628690453,-0.43980789499999773,-0.0811996450000052,-0.014506191149999959,24.34207535,25.77513695,-44.8359375,-43.82270432,0.3362048566,1.189533234
1,-13.293618200000001,5.901565075,0.9261729122,-0.04967021999999943,0.013814926000000227,-0.013728007550000032,-14.80081367,-11.78642273,5.388185501,6.414944649,0.3663225174,1.486023307
2,-7.688657999,2.5035710335,0.78616163865,-0.29152107250000014,0.0671348574999997,-0.03878151420499998,-9.28112793,-6.096188068,1.610037804,3.397104263,0.1310461313,1.441277146
