vehicle_id,position_x,position_y,position_z,mvec_x,mvec_y,mvec_z,bbox_x_min,bbox_x_max,bbox_y_min,bbox_y_max,bbox_z_min,bbox_z_max
0,34.938922885,16.870923519999998,0.9149632307000001,0.03912162500000704,-0.5121707949999994,-0.004232541000000034,34.13725281,35.74059296,14.95744991,18.78439713,0.3956095874,1.434316874
2,31.148449900000003,22.793888095,0.9008069189,0.020269389999995724,-0.03897857999999843,-0.06484439965,30.72524071,31.57165909,21.89778519,23.689991,0.3936125338,1.408001304
2,27.772491455,-14.930047035,0.84934432785,0.01528931,0.006878374999999437,0.00970558119999998,26.95896149,28.58602142,-17.24801445,-12.61207962,0.2302744687,1.468414187
3,24.41291237,-17.818291665,0.8904859573,0.011491774999999649,-0.052842139999999205,-0.04025443670000006,23.72281075,25.10301399,-19.10382843,-16.5327549,0.3035863936,1.477385521
5,19.56470394,1.9702520371499999,0.8092407884,-0.12245083000000179,-0.05520367649999991,0.0009108184999999658,17.29576492,21.83364296,0.9427757263,2.997728348,0.1462333798,1.472248197
1,13.657327655,5.7572221755,0.84786649035,-0.10044670499999953,0.06184244200000055,-0.08435679386499995,11.95583916,15.35881615,5.055608749,6.458835602,0.2035697997,1.492163181
