vehicle_id,position_x,position_y,position_z,mvec_x,mvec_y,mvec_z,bbox_x_min,bbox_x_max,bbox_y_min,bbox_y_max,bbox_z_min,bbox_z_max
0,34.936395645000005,22.889530184999998,0.9141616223,0.015779494999996757,0.17666053500000345,0.004396408850000033,34.15055847,35.72223282,20.9068718,24.87218857,0.3995975256,1.428725719
2,31.379248615,28.69668579,0.7766875250549999,0.023048404999997274,0.11553001500000093,-0.017578867944999965,30.7212429,32.03725433,27.24238205,30.15098953,0.08969764411,1.463677406
2,27.845123295,-20.679029465,0.9790050982499999,0.019142145,-0.017219539999999256,0.006056427850000046,27.07368279,28.6165638,-22.67369843,-18.6843605,0.5103257895,1.447684407
0,24.421916965,-23.983793255000002,0.8930742443499999,0.0005960399999977994,-0.05148888000000085,-0.0002937167999998991,23.81013489,25.03369904,-25.67756271,-22.2900238,0.3125707507,1.473577738
1,8.0854895115,5.8372364045000005,0.81929112955,-0.24642276750000036,0.10805654500000017,0.053439602249999996,6.484454632,9.686524391,5.134601593,6.539871216,0.1478971541,1.490685105
5,14.728974820000001,2.942054987,1.0474458634,-0.051650525000001224,0.006211757499999582,-0.0050989389999998025,13.4435339,16.01441574,2.483671665,3.400438309,0.6627685428,1.432123184
