vehicle_id,position_x,position_y,position_z,mvec_x,mvec_y,mvec_z,bbox_x_min,bbox_x_max,bbox_y_min,bbox_y_max,bbox_z_min,bbox_z_max
0,34.77909279,33.64911841999999,0.9600062072,0.03208732499999911,0.07988548500000547,-0.015324294699999963,34.30757904,35.25060654,32.79639053,34.50184631,0.6603487134,1.259663701
1,30.948960300000003,39.07472801,0.7468329072,0,0,0,30.80708694,31.09083366,38.89528656,39.25416946,0.4985362887,0.9951295257
0,28.036151885000002,-31.666267395,0.8358530104,0.013420104999998017,-0.06568336500000171,-0.0010062903999999984,27.3461895,28.72611427,-32.92141724,-30.41111755,0.2514212728,1.420284748
1,24.646903995000002,-35.27025032,1.03023499235,0.04549502999999788,-0.0507392849999988,-0.01234123095000017,24.10911751,25.18469048,-36.78630066,-33.75419998,0.5866595507,1.473810434
1,-3.2700871229999997,5.869916915999999,0.755322152845,-0.16573584050000045,-0.030303477999998663,0.11777481970500003,-4.737741947,-1.802432299,5.173306465,6.566527367,0.02686463669,1.483779669
2,2.077304117135,2.4326393605,0.83859825155,-0.21276187128500035,0.013771533999999974,-0.04374029484999997,-0.09052945673,4.245137691,1.58556366,3.279715061,0.2085469961,1.468649507
