vehicle_id,position_x,position_y,position_z,mvec_x,mvec_y,mvec_z,bbox_x_min,bbox_x_max,bbox_y_min,bbox_y_max,bbox_z_min,bbox_z_max
0,28.01373005,-47.888750075,0.9353265763999999,0.025433540000001642,-0.08297157500000907,-0.014214098600000002,27.39209747,28.63536263,-49.0696373,-46.70786285,0.6369345188,1.233718634
2,24.510924340000003,-49.17538261,0.8876039833,0.008548734999997976,-0.04094696500000339,-0.006428971950000029,24.21720123,24.80464745,-49.84924316,-48.50152206,0.4205685556,1.354639411
1,-18.018707275,5.8875632284999995,0.87850034215,-0.024297714999999442,0.012969017000000527,-0.00669166404999999,-19.55038452,-16.48703003,5.218436241,6.556690216,0.2883062363,1.468694448
2,-13.438701155,2.4926350115,0.77746916573,-0.05185127000000023,0.017515898000000085,-0.026081817300000032,-14.83126831,-12.046134,1.632115841,3.353154182,0.09959091246,1.455347419
