vehicle_id,position_x,position_y,position_z,mvec_x,mvec_y,mvec_z,bbox_x_min,bbox_x_max,bbox_y_min,bbox_y_max,bbox_z_min,bbox_z_max
0,34.981287005,30.14617157,0.7746503502,0.019489290000002768,0.0675563799999992,-0.009237315559999959,34.15268326,35.80989075,28.91189194,31.3804512,0.1123241484,1.436976552
1,31.341416355,35.99497986,0.9589518158,-0.001162524999998027,0.04462623499999552,-0.1215947490999999,30.76801109,31.91482162,34.86899567,37.12096405,0.4333678186,1.484535813
0,27.43402195,-28.547143935,0.8638817964,0.033946994999997315,0.6917400350000023,-0.021540328899999905,27.19554138,27.67250252,-30.30420303,-26.79008484,0.3141559958,1.413607597
1,24.880871775000003,-31.093709945,0.772081006475,-0.20070267000000186,-0.0512809749999974,0.20849784827499995,24.1002903,25.66145325,-32.28285217,-29.90456772,0.05987320095,1.484288812
1,0.35702979599999995,5.812690258,0.8279132917500001,-0.0749497415,0.1575379374999999,0.052135907249999947,-1.337571859,2.051631451,5.171039581,6.454340935,0.1692774445,1.486549139
2,5.6488292215,2.5073578354999997,1.063483268,-0.06577181799999998,0.0013298990000003563,-0.056169301299999974,3.657725811,7.639932632,1.582595348,3.432120323,0.667853415,1.459113121
