vehicle_id,position_x,position_y,position_z,mvec_x,mvec_y,mvec_z,bbox_x_min,bbox_x_max,bbox_y_min,bbox_y_max,bbox_z_min,bbox_z_max
0,35.067983625,28.473104475,0.99436271165,-0.4369296999999932,0.05979538000000062,-0.013571232299999902,34.32384109,35.81212616,27.39080429,29.55540466,0.5785785913,1.410146832
1,31.3765583,34.46393585,0.97140556595,0,0,0,30.95248222,31.80063438,33.51744461,35.41042709,0.6996253729,1.243185759
0,28.01696491,-26.8574543,0.592608159235,-1.5686025599999986,-0.9191284149999994,0.278559321715,27.22523117,28.80869865,-28.70838928,-25.00651932,0.03348923847,1.15172708
0,24.75561428,-29.49416733,0.89103017745,1.6927480700000004,1.7175846149999998,-0.019862696500000054,24.06101036,25.4502182,-30.43581009,-28.55252457,0.3077995479,1.474260807
1,1.8798940927,5.97452116,0.7945394890999999,-0.052888393250000165,-0.012272834500000052,0.10343294540000003,0.3076616824,3.452126503,5.160003662,6.789038658,0.1003007442,1.488778234
2,6.634676217999999,2.5772063735,1.2439549565,0.018420934500001707,-0.002981901500000106,0.0100750329999999,5.108533382,8.160819054,1.725579262,3.428833485,1.02129817,1.466611743
