vehicle_id,position_x,position_y,position_z,mvec_x,mvec_y,mvec_z,bbox_x_min,bbox_x_max,bbox_y_min,bbox_y_max,bbox_z_min,bbox_z_max
2,24.73886299,-48.049474715,0.87083947635,0.00936603999999619,-0.059366224999997996,-0.010052978750000108,24.05190086,25.42582512,-48.99534988,-47.10359955,0.2645204067,1.477158546
0,28.218067169999998,-45.338853834999995,0.9492566884,0.023382185000002664,-0.0822238950000056,-0.014027059000000008,27.66991615,28.76621819,-46.20307922,-44.47462845,0.6283755898,1.270137787
1,-16.301077839999998,6.007967949,0.9260182081,-0.03707743000000363,0.014858722499999644,-0.015730261550000013,-17.47842979,-15.12372589,5.372580528,6.64335537,0.4074248672,1.444611549
2,-11.381009104,2.483479738,0.85690896235,-0.048149582000000635,0.008520603499999613,-0.08755501022500001,-12.98163033,-9.780387878,1.62114048,3.345818996,0.2439107597,1.469907165
