vehicle_id,position_x,position_y,position_z,mvec_x,mvec_y,mvec_z,bbox_x_min,bbox_x_max,bbox_y_min,bbox_y_max,bbox_z_min,bbox_z_max
0,28.17936802,-48.195476535,0.8835296631999999,0.010323525000003997,-0.06177329500000184,-0.01028716595000001,27.59407997,28.76465607,-49.11741257,-47.2735405,0.5404530764,1.22660625
2,24.559705735,-49.40961838,0.8508666455,0.007699965000000475,-0.03712081500000153,-0.005824103649999968,24.26815987,24.8512516,-50.06927109,-48.74996567,0.378681004,1.323052287
1,-18.15349865,5.807869434500001,0.8410496116999999,-0.019436835000000485,0.010353564999999065,-0.00567951074999995,-19.55329895,-16.75369835,5.302872658,6.312866211,0.2139531374,1.468146086
2,-13.82196474,2.5702178475,0.8252681495,-0.06720495499999934,0.014816999999999858,-0.07650560879500001,-14.99750423,-12.64642525,1.71718502,3.423250675,0.231649518,1.418886781
