vehicle_id,position_x,position_y,position_z,mvec_x,mvec_y,mvec_z,bbox_x_min,bbox_x_max,bbox_y_min,bbox_y_max,bbox_z_min,bbox_z_max
0,34.659591675,27.239995954999998,0.7736007272500001,0.016227720000003387,0.04246711500000089,-0.005053322650000025,34.1422081,35.17697525,25.49875641,28.9812355,0.1270801425,1.420121312
2,31.547017099999998,32.275667195,0.7621283608,-0.2979936649999999,0.08945083000000409,0.09667960529999997,30.71742058,32.37661362,31.62115479,32.9301796,0.2190334946,1.305223227
2,28.02460384,-24.30301666,0.9104023428500001,-0.047076225000001415,-0.07105445999999915,-0.020713046500000054,27.14290237,28.90630531,-25.54524612,-23.0607872,0.3914243877,1.429380298
0,24.63849926,-28.246397015,0.8447881561999999,0.03401184000000157,-0.04189491999999717,0.0008554313999999952,23.90030098,25.37669754,-29.83527374,-26.65752029,0.2145115584,1.475064754
1,3.571148157,5.8319101335,0.8275187907,-0.022494196500000285,0.08875465399999971,-0.062126012085000015,1.830355644,5.31194067,5.161428452,6.502391815,0.1675996184,1.487437963
5,8.060873747,2.8725676535,1.2777522205,0.025485515499999778,-0.01776671399999996,0.018026888499999894,6.963315487,9.158432007,2.619379997,3.12575531,1.109692931,1.44581151
