vehicle_id,position_x,position_y,position_z,mvec_x,mvec_y,mvec_z,bbox_x_min,bbox_x_max,bbox_y_min,bbox_y_max,bbox_z_min,bbox_z_max
0,35.052152635,30.28896713,0.7434149925500001,-0.029970169999998575,0.05175591000000068,0.22633743854999988,34.1597023,35.94460297,29.1368103,31.44112396,0.0612715371,1.425558448
1,31.363018035,36.091579440000004,0.83777457475,0.02378463500000194,0.07515525499999853,-0.002468675299999945,30.71900177,32.0070343,35.07837296,37.10478592,0.1884247065,1.487124443
0,27.477952955,-27.901319505,0.8336033223,0.389495850000003,-0.9172401400000005,0.002140119850000066,27.25476074,27.70114517,-28.89263535,-26.91000366,0.2684818506,1.398724794
1,24.697099684999998,-31.201845164999998,0.96453771,0.065313340000003,-0.05764389500000178,-0.015984132799999995,24.10581398,25.28838539,-32.3041954,-30.09949493,0.462641418,1.466434002
1,0.24490284899999992,5.9851026535,0.85410112165,-0.04968726599999995,0.02899360700000031,0.052613809400000044,-1.35077405,1.840579748,5.16898632,6.801218987,0.2220025063,1.486199737
2,5.459656000000001,2.412157536,1.06508228205,0.057749271499999644,0.013339757499999827,0.0007587070499999182,3.501972675,7.417339325,1.58380127,3.240513802,0.6661378741,1.46402669
