vehicle_id,position_x,position_y,position_z,mvec_x,mvec_y,mvec_z,bbox_x_min,bbox_x_max,bbox_y_min,bbox_y_max,bbox_z_min,bbox_z_max
0,34.76127243,32.0762043,0.8286627084,0.02397155999999967,0.09643935999999798,0.07656009475000003,34.14923477,35.37331009,30.50811005,33.64429855,0.2457343638,1.411591053
0,27.849154475,-29.75335121,0.94514599435,0.015839575000001105,-0.04627418999999833,-0.003120481750000015,27.18520737,28.51310158,-31.34617233,-28.16053009,0.4241324067,1.466159582
1,24.598947525,-32.468351365,0.80606842795,0.01209354499999904,-0.06496238500000118,-0.004495814550000032,23.99986076,25.19803429,-33.3661232,-31.57057953,0.1481037289,1.464033127
1,-1.0824955404,5.961531162,0.9066720902000001,-0.04255194944999996,0.009242535000000274,-0.022660672750000055,-2.535802126,0.3708110452,5.168872833,6.754189491,0.3297004104,1.48364377
2,4.225059509,2.4462132455,0.8915065227500001,0.012603640999999222,0.06644344299999982,-0.00825203930000007,2.047837257,6.402281761,1.524372578,3.368053913,0.3120699525,1.470943093
