vehicle_id,position_x,position_y,position_z,mvec_x,mvec_y,mvec_z,bbox_x_min,bbox_x_max,bbox_y_min,bbox_y_max,bbox_z_min,bbox_z_max
0,28.12925625,-48.88702393,0.77138453735,0.009175299999998998,-0.09425926000000118,-0.015271008100000039,27.3583107,28.9002018,-49.64665604,-48.12739182,0.3948147297,1.147954345
2,24.618377685,-49.691690445,0.8064709008500001,0.006237985000002055,-0.03010940499999748,-0.004734218200000084,24.33222198,24.90453339,-50.32092667,-49.06245422,0.3260011077,1.286940694
1,-18.721586225,5.839164734000001,0.80077008545,-0.015464785000002479,0.003838539000000196,-0.005323000349999996,-20.352005,-17.09116745,5.293674469,6.384654999,0.1211644039,1.480375767
2,-15.334458824999999,2.374106407,0.8455105052999999,-0.056339745000002495,0.01177906999999978,-0.011438056849999989,-17.20722198,-13.46169567,1.637001991,3.111210823,0.2317759246,1.459245086
