vehicle_id,position_x,position_y,position_z,mvec_x,mvec_y,mvec_z,bbox_x_min,bbox_x_max,bbox_y_min,bbox_y_max,bbox_z_min,bbox_z_max
0,34.93483353,12.271389965000001,0.8862349541500001,0.022205350000000124,0.06436061499999823,-0.14710409204000008,34.12000275,35.74966431,10.51673222,14.02604771,0.3042908013,1.468179107
1,31.337683675,18.41071701,0.76505054739,0.02437115000000034,0.19097328000000147,0.19118159816000002,30.71442604,31.96094131,17.18790817,19.63352585,0.04888013378,1.481220961
2,27.8101902,-10.7658834465,0.85320107645,0.019893644999999793,-0.05682229750000012,-0.019909948049999904,26.9828701,28.6375103,-13.02534485,-8.506422043,0.2586171329,1.44778502
3,24.377568245,-13.885115625000001,0.80869163555,0.030965805000001012,-0.09242248499999839,0.03452924639999999,23.64012146,25.11501503,-15.56801224,-12.20221901,0.1331140101,1.484269261
5,23.796764375000002,0.6136059763,0.767228625855,-0.13001346500000466,-0.009504199250000012,-0.012376569319999975,21.57744217,26.01608658,-0.7716531754,1.998865128,0.06743554771,1.467021704
1,17.941441535000003,5.8829221725,0.82121698575,-0.14097595000000496,-0.1139898300000004,0.015433207149999961,16.20586395,19.67701912,5.098132133,6.667712212,0.1508458555,1.491588116
