vehicle_id,position_x,position_y,position_z,mvec_x,mvec_y,mvec_z,bbox_x_min,bbox_x_max,bbox_y_min,bbox_y_max,bbox_z_min,bbox_z_max
0,35.015455245,24.933719635000003,0.90785439295,0.04769135000000091,0.06119537499999694,-0.00503344835000008,34.14980316,35.88110733,23.15599823,26.71144104,0.3522825539,1.463426232
2,31.335876465,30.113430025,0.8358085157499999,0.015354155000000702,0.9305515300000025,-0.09198347144999997,30.73960304,31.93214989,29.42366028,30.80319977,0.3344733715,1.33714366
2,27.9795599,-22.34090805,0.87336878495,-0.04345512500000481,-0.5114898700000019,-0.005882114099999947,27.1202755,28.8388443,-23.86803055,-20.81378555,0.2789236009,1.467813969
0,24.55751896,-26.005373,0.9008147121500001,-0.08722781999999896,-0.086225510000002,-0.02580000495000001,23.8470192,25.26801872,-27.54669952,-24.46404648,0.3219542503,1.479675174
1,5.829460621,5.9428195955,0.8385749979,-0.05726909649999978,-0.0823082924999996,-1.6182300000000538e-05,4.165464878,7.493456364,5.067270279,6.818368912,0.1901472658,1.48700273
5,8.848424435,3.126496315,1.3315027355,-0.1428098680000005,-0.030268907499999997,-0.022021591499999937,8.543716431,9.153132439,3.121188164,3.131804466,1.259431958,1.403573513
