vehicle_id,position_x,position_y,position_z,mvec_x,mvec_y,mvec_z,bbox_x_min,bbox_x_max,bbox_y_min,bbox_y_max,bbox_z_min,bbox_z_max
0,34.689085005,29.371061325,0.9287391306499999,0.004932404999998141,0.08139038000000198,-0.017862513849999928,34.18186569,35.19630432,27.75559616,30.98652649,0.4910513163,1.366426945
1,31.421121595000002,34.63103676,0.9383812248000001,0.0076742199999983995,0.0348834999999994,-0.007053464350000094,30.94899368,31.89324951,33.86017227,35.40190125,0.6321062446,1.244656205
0,28.047741889999998,-27.147148135000002,0.8418370785,0.016337395000000754,0.005157475000004297,0.015516891850000047,27.2096405,28.88584328,-28.89827347,-25.3960228,0.286415875,1.397258282
1,24.75641823,-30.471290590000002,0.7947165223,-0.25304603500000056,0.6568508150000021,0.027591809199999928,23.94476128,25.56807518,-32.03417969,-28.90840149,0.1456165016,1.443816543
1,1.31889231525,5.8309640885,0.88339421175,-0.06905680929999991,0.053440570499999396,-0.05793321879999991,-0.3986421525,3.036426783,5.157976151,6.503952026,0.2833893895,1.483399034
2,6.2906932829999995,2.6006865505,1.1607365012,-0.0009741779999998812,-0.09180784249999974,0.008504420600000007,4.612976074,7.968410492,1.657337666,3.544035435,0.8524638414,1.469009161
