vehicle_id,position_x,position_y,position_z,mvec_x,mvec_y,mvec_z,bbox_x_min,bbox_x_max,bbox_y_min,bbox_y_max,bbox_z_min,bbox_z_max
0,34.95287895,15.694824695,0.9535155144999999,-0.15747260499999527,0.34314441499999937,-0.04093469669999994,34.13675308,35.76900482,13.94461918,17.44503021,0.470402807,1.436628222
2,31.34294319,22.1613884,0.8360893728500001,0.024482724999998595,-0.051662450000002025,0.09564988309999989,30.72447395,31.96141243,20.61659241,23.70618439,0.2272777557,1.44490099
2,27.744527814999998,-13.85194683,0.73383753765,0.0761499450000045,-0.009264945000001745,-0.03285568225000002,26.98258781,28.50646782,-16.10554886,-11.5983448,0.2036565393,1.264018536
3,24.4495821,-16.794005875,0.8154196365999999,-0.026505470000003584,-0.04518985500000028,-0.007469892399999956,23.71854591,25.18061829,-18.0304184,-15.55759335,0.2426896542,1.388149619
5,20.581752774999998,1.73911023115,0.755217503795,-0.12017249999999535,0.09618902220000014,0.014472622375000133,18.29048729,22.87301826,0.6855897903,2.792630672,0.03900399059,1.471431017
1,14.63655043,5.798357964,0.78204844869,-0.034818180000000254,0.023938655000000253,0.03352373120999996,12.94059849,16.33250237,5.114936829,6.481779099,0.07601246238,1.488084435
