vehicle_id,position_x,position_y,position_z,mvec_x,mvec_y,mvec_z,bbox_x_min,bbox_x_max,bbox_y_min,bbox_y_max,bbox_z_min,bbox_z_max
0,28.33401108,-43.420328139999995,0.7201363665999999,0.019371979999998956,-0.03661156000000432,-0.01810149449999987,27.46014977,29.20787239,-44.95541382,-41.88524246,0.1399589032,1.30031383
1,-13.77711487,5.9500989915,0.9536145032500001,-0.056133270000000124,0.033541678999999824,-0.019871652050000077,-14.74411774,-12.810112,5.200443268,6.699754715,0.4470822215,1.460146785
2,-8.638178349,2.426910639,0.8628732116,-0.04149818099999969,-0.010288953999999961,-0.004822388599999949,-10.15202427,-7.124332428,1.6363554,3.217465878,0.2797459662,1.446000457
