vehicle_id,position_x,position_y,position_z,mvec_x,mvec_y,mvec_z,bbox_x_min,bbox_x_max,bbox_y_min,bbox_y_max,bbox_z_min,bbox_z_max
0,34.79762459,35.25912857,0.81091000145,0.012680050000000165,0.118885039999995,-0.017679743550000016,34.19760132,35.39764786,34.194767,36.32349014,0.2709935009,1.350826502
0,28.07369709,-33.462903975,0.93885663175,0.022542949999998285,-0.03233910000000151,0.0043623148000000445,27.31421089,28.83318329,-35.16930771,-31.75650024,0.4088843465,1.468828917
1,24.75307751,-35.939998625,0.758976040295,0.03863906499999814,-0.0740966799999967,0.09011169700499999,24.07860184,25.42755318,-36.82418823,-35.05580902,0.05157315359,1.466378927
1,-4.6079882385,5.7676935195,0.8447973877,-0.05347001500000026,0.02760696400000029,0.00201820585000001,-6.107881546,-3.108094931,5.092701912,6.442685127,0.2063618004,1.483232975
2,0.7454193235,2.5019521715,0.85494640475,-0.08422905199999986,-0.009048939000000367,-0.028862960500000034,-1.420140624,2.910979271,1.594165802,3.409738541,0.2416270375,1.468265772
