vehicle_id,position_x,position_y,position_z,mvec_x,mvec_y,mvec_z,bbox_x_min,bbox_x_max,bbox_y_min,bbox_y_max,bbox_z_min,bbox_z_max
0,34.800914765,29.850912094999998,0.8952566384,0.02479362500000093,0.053909300000000826,-0.10982460505000002,34.14240265,35.45942688,28.35495758,31.34686661,0.3472255468,1.44328773
1,31.390385629999997,35.037408830000004,0.86092844605,0.1756200750000012,0.8304233549999935,0.12412469095,30.74162102,32.03915024,34.45210648,35.62271118,0.5154954791,1.206361413
1,24.57070351,-30.965068815000002,0.8127655536,0.01685810000000032,-0.06282043499999901,-0.0017511249500000714,23.95132256,25.19008446,-32.43352127,-29.49661636,0.1475184262,1.478012681
0,27.96749592,-27.401887895,0.8563047649,0.1260766949999983,-0.0977172849999981,-0.1048455239099999,27.18397522,28.75101662,-28.73275757,-26.07101822,0.2722549438,1.440354586
1,0.9435956775500001,5.854835033500001,0.8953265249,-0.047312408800000094,0.055743217499999886,-0.037953257649999905,-0.5560871959,2.443278551,5.16714859,6.542521477,0.3001782298,1.49047482
2,5.879741907,2.4634337425,1.02788951985,0.05119204500000052,0.10804128650000022,0.1305083035500001,4.037477493,7.722006321,1.626999378,3.299868107,0.5845968127,1.471182227
