vehicle_id,position_x,position_y,position_z,mvec_x,mvec_y,mvec_z,bbox_x_min,bbox_x_max,bbox_y_min,bbox_y_max,bbox_z_min,bbox_z_max
0,28.104779245,-43.900344845,0.91569453465,0.024501799999999463,-0.06761360499999824,-0.004902005299999845,27.39201546,28.81754303,-45.19534683,-42.60534286,0.4022983313,1.429090738
1,-15.162394525,5.882018089500001,0.87901431345,-0.15204811000000085,0.01444148999999939,-0.000788391050000059,-16.7448349,-13.57995415,5.214390755,6.549645424,0.2918636799,1.466164947
2,-9.688973665999999,2.515599489,0.8595889957,0.000654460999999884,0.010443211000000119,-0.00431212805000003,-11.44680977,-7.931137562,1.631827831,3.399371147,0.2512135804,1.467964411
