vehicle_id,position_x,position_y,position_z,mvec_x,mvec_y,mvec_z,bbox_x_min,bbox_x_max,bbox_y_min,bbox_y_max,bbox_z_min,bbox_z_max
0,34.88357544,12.25763607,0.9139446166999999,0.05528068499999961,0.024950979999999845,-0.0075074134499999445,34.08275604,35.68439484,10.38971615,14.12555599,0.3614019454,1.466487288
1,31.418875694999997,18.644500735,0.888386339,0.010640145000003542,0.045312879999997335,-0.016704216449999976,30.72411156,32.11363983,16.97158051,20.31742096,0.302834332,1.473938346
2,27.784455295,-10.606324198,0.85604254885,0.007754329999997367,-0.13227367,0.0006415400500000557,26.99744987,28.57146072,-12.87130547,-8.341342926,0.2610577047,1.451027393
3,24.377827645,-13.510345935,0.8223866969,0.020869254999997366,-0.2868204150000011,0.0018936993000000513,23.67963791,25.07601738,-15.03380108,-11.98689079,0.1543948948,1.490378499
5,23.891296385,0.5583974125000001,0.757339369365,-0.11553669000000255,-0.04840195200000008,0.050891202084999976,21.75934219,26.02325058,-1.027904749,2.144699574,0.04680290073,1.467875838
1,18.059741975,5.738813877,0.8382639214000001,-0.009826660000001652,0.015372276499999948,-0.019249513500000037,16.41939163,19.70009232,5.017807007,6.459820747,0.1860695928,1.49045825
