vehicle_id,position_x,position_y,position_z,mvec_x,mvec_y,mvec_z,bbox_x_min,bbox_x_max,bbox_y_min,bbox_y_max,bbox_z_min,bbox_z_max
0,34.966932295,39.91706848,0.56714681325,0.05656242500000275,0.09757996000000446,0.09763849734999996,34.24302292,35.69084167,39.29538345,40.53875351,0.0438634865,1.09043014
0,28.188755035,-37.816358565,0.87920609135,0.015848160000000888,-0.08067513000000304,-0.01713949455000008,27.42464828,28.95286179,-38.77164459,-36.86107254,0.4483246207,1.310087562
1,24.68866539,-41.510349275,0.8133282812,0.00862216499999846,-0.03833579999999159,0.12666819954999997,24.14097977,25.23635101,-42.95544052,-40.06525803,0.2370410264,1.389615536
1,-9.731811524,5.8114180565,0.863874398,-0.06352090699999913,0.008665084999999628,-0.004801817099999939,-11.42386818,-8.039754868,5.183120728,6.439715385,0.24480097,1.482947826
2,-4.046029687,2.4291136265,0.8913291246499999,0.016914248500000006,0.005566597000000062,-0.027192235099999906,-5.882108688,-2.209950686,1.513938904,3.344288349,0.3278872073,1.454771042
