vehicle_id,position_x,position_y,position_z,mvec_x,mvec_y,mvec_z,bbox_x_min,bbox_x_max,bbox_y_min,bbox_y_max,bbox_z_min,bbox_z_max
0,34.775421144999996,20.102619175,0.774780656945,0.010370250000008241,-0.04070473000000163,0.112745393355,34.1192894,35.43155289,18.32980347,21.87543488,0.08691709489,1.462644219
2,31.363607405,26.18623543,0.8989471794,0.01907920999999746,0.05619048499999835,-0.011636927600000013,30.72077179,32.00644302,24.76446152,27.60800934,0.3237259388,1.47416842
2,27.87323189,-18.170096875,0.857189372,0.034059519999999566,-0.14925241499999942,0.04803001895000003,27.07448006,28.67198372,-20.35274506,-15.98744869,0.245706588,1.468672156
0,24.423184395,-21.25556183,0.9052320572,0.0641803749999994,-0.05821418500000064,-0.015897125449999994,23.76609039,25.0802784,-22.6608696,-19.85025406,0.3353964984,1.475067616
1,10.421793461,5.803211212,0.8186369610500001,-0.12875652550000005,0.044814587000000294,-0.008810802850000132,8.696055412,12.14753151,5.076478958,6.529943466,0.1481938511,1.489080071
5,16.497346399999998,2.30087924,0.776860133055,-0.058320044999998544,0.04879307750000006,-0.0013779513899999651,14.38398266,18.61071014,1.327974319,3.273784161,0.08175292611,1.47196734
