vehicle_id,position_x,position_y,position_z,mvec_x,mvec_y,mvec_z,bbox_x_min,bbox_x_max,bbox_y_min,bbox_y_max,bbox_z_min,bbox_z_max
0,34.81281662,9.3144879365,0.85682897255,0.06227111999999835,-0.026192667000000114,-0.004350632500000007,34.07888794,35.5467453,7.137435913,11.49153996,0.2422164381,1.471441507
1,31.396918295,15.311151980000002,0.9341320993,0.0005455050000016115,0.014981275000000238,-0.042887166099999985,30.73705101,32.05678558,14.14064121,16.48166275,0.4139802456,1.454283953
5,26.329790115,-1.36532723915,0.79427079835,0.041289329999997904,0.038519978850000136,0.06462376604999998,24.40822983,28.2513504,-3.125892401,0.3952379227,0.1282099187,1.460331678
3,24.31419277,-10.865442278,0.78879524769,0.04909611000000069,-0.010293479499999592,-0.00204388783499998,23.59848213,25.02990341,-12.52339745,-9.207487106,0.08442047238,1.493170023
1,21.135209085,5.754170418,0.81495486205,-0.15289401999999797,-0.07377815250000008,0.0484193114,19.46542931,22.80498886,4.996387482,6.511953354,0.1416917741,1.48821795
2,27.82667923,-9.3621325495,0.88066931075,0.003342624999998378,0.020324467000000013,-0.04130422329999994,26.98713493,28.66622353,-11.65894413,-7.065320969,0.2972667515,1.46407187
