vehicle_id,position_x,position_y,position_z,mvec_x,mvec_y,mvec_z,bbox_x_min,bbox_x_max,bbox_y_min,bbox_y_max,bbox_z_min,bbox_z_max
0,34.972667695,14.598032475,0.7674586921850001,-0.22658538999999678,0.2809972750000007,0.06417110541499993,34.13282013,35.81251526,12.80620289,16.38986206,0.08676090837,1.448156476
2,31.10239124,20.783496855000003,0.9730337559,0.01840496000000158,0.04592323499999651,-0.015191316449999936,30.72172737,31.48305511,19.43949127,22.12750244,0.4799163938,1.466151118
2,27.843118665,-12.480850695,0.7887490394,-0.004077909999999463,-0.058031079999999235,0.04183153765000003,26.97527885,28.71095848,-14.49089527,-10.47080612,0.1437667608,1.433731318
3,24.385443685,-15.83254242,0.8162598683000001,0.046727185000001725,-0.4542479499999992,-0.003097288000000087,23.69882774,25.07205963,-17.19932556,-14.46575928,0.1551909596,1.477328777
5,21.588081359999997,1.5657005309499998,0.756548251835,-0.12281513499999619,-0.019218564199999788,0.006106583365000029,19.39160728,23.78455544,0.3490591049,2.782341957,0.04160492867,1.471491575
1,15.688989165,5.779888153,0.8177164049,-0.1389656100000014,0.006083488499999845,0.002359255899999968,14.01599598,17.36198235,5.110041618,6.449734688,0.1474319398,1.48800087
