vehicle_id,position_x,position_y,position_z,mvec_x,mvec_y,mvec_z,bbox_x_min,bbox_x_max,bbox_y_min,bbox_y_max,bbox_z_min,bbox_z_max
0,34.67612076,18.55365753,0.8007552029,0.1976795199999941,0.08144760000000062,0.01492611290000001,34.14348221,35.20875931,16.83686447,20.27045059,0.2210698128,1.380440593
2,31.27147198,24.40436935,0.7689903008000001,0.02815627999999748,0.05643844999999814,-0.00013258315000008736,30.72342682,31.81951714,23.28037643,25.52836227,0.2277933806,1.310187221
2,27.718750954999997,-16.776797295,0.86039271935,0.007699965000004028,0.06142568500000323,-1.6942599999958396e-05,27.03040123,28.40710068,-19.08897781,-14.46461678,0.2530502677,1.467735171
3,24.381089215000003,-20.8393383,0.9122135045,0.0069370199999951865,-0.004652024999998616,-0.004214287050000043,23.77632523,24.9858532,-21.31007385,-20.36860275,0.351514101,1.472912908
5,17.847958085000002,2.260809183,0.7406105643550001,-0.15893030000000152,-0.10715079300000019,0.138349717195,15.63321018,20.06270599,1.254632473,3.266985893,0.01059405971,1.470627069
1,11.89550972,5.9637384415,0.8415971323,-0.05792427000000089,-0.2023534775,0.0019107982000000634,10.17645836,13.61456108,5.131281853,6.79619503,0.1911325306,1.492061734
