vehicle_id,position_x,position_y,position_z,mvec_x,mvec_y,mvec_z,bbox_x_min,bbox_x_max,bbox_y_min,bbox_y_max,bbox_z_min,bbox_z_max
0,34.628953935,18.56734085,0.85979855085,0.01996040499999907,-0.042547224999999855,-0.01798088880000004,34.14423752,35.11367035,16.68528366,20.44939804,0.3229187727,1.396678329
2,31.22329235,24.28971672,0.88035805505,0.020937919999997945,0.056793209999998595,-0.11104626215000002,30.73988533,31.70669937,23.06492996,25.51450348,0.4473387301,1.31337738
2,27.86090088,-16.388028145,0.80932513635,-0.15700722000000056,-0.03067970499999717,0.050463922299999964,27.01631165,28.70549011,-18.49285126,-14.28320503,0.1569844037,1.461665869
3,24.42123032,-19.68597126,0.90620249515,0.018054955000000206,-0.07625866000000414,0.0033579020499999723,23.77714539,25.06531525,-21.25371933,-18.11822319,0.3479685783,1.464436412
5,17.990846155,2.210271597,0.8273733406,-0.057362079999997206,0.03402399999999961,-0.0026737302999999546,15.75260448,20.22908783,1.229585648,3.190957546,0.1835507452,1.471195936
1,12.135774134999998,5.77448225,0.81340463455,-0.196852204999999,0.1454133990000006,0.02605914315000002,10.45370197,13.8178463,5.061629295,6.487335205,0.1383394301,1.488469839
