vehicle_id,position_x,position_y,position_z,mvec_x,mvec_y,mvec_z,bbox_x_min,bbox_x_max,bbox_y_min,bbox_y_max,bbox_z_min,bbox_z_max
0,34.993455885,38.58643913,0.9093718528999999,0.025127415000000042,0.08045005999999688,-0.01376306989999998,34.42040634,35.56650543,37.66837692,39.50450134,0.5661879778,1.252555728
0,28.167529105,-36.72342682,0.8765851704500001,0.016034130000001312,-0.05637931500000093,-0.010563030599999967,27.41898155,28.91607666,-38.11428833,-35.33256531,0.3182708919,1.434899449
1,24.863142965,-39.777734755,0.8506506682499999,-0.12367153000000286,-0.03706741500000277,0.13829471175000008,24.14722061,25.57906532,-41.00404739,-38.55142212,0.2216540575,1.479647279
1,-7.987298965,6.0031547545,0.8977903128,-0.21776151700000046,0.009899139500000764,-0.022233918100000083,-9.423182487,-6.551415443,5.183933258,6.822376251,0.3148561716,1.480724454
2,-2.7058433293,2.4973933695,0.743819918285,-0.033993154950000104,-0.023666143500000292,0.10707766226500004,-4.729352474,-0.6823341846,1.520209312,3.474577427,0.01778631657,1.46985352
