vehicle_id,position_x,position_y,position_z,mvec_x,mvec_y,mvec_z,bbox_x_min,bbox_x_max,bbox_y_min,bbox_y_max,bbox_z_min,bbox_z_max
0,34.65056038,19.94555664,0.95066794755,0.11970138499999905,0.05495262000000167,-0.15924337859999993,34.13941956,35.1617012,18.1425972,21.74851608,0.5411292911,1.360206604
2,31.341965674999997,26.09589386,0.90424141295,0.00948715500000219,0.04521751500000093,-0.002657949950000127,30.72634506,31.95758629,24.57273483,27.61905289,0.3210093379,1.487473488
2,27.846565249999998,-17.587030409999997,0.84206865715,0.0008220650000012597,-0.5389513950000051,0.015591651299999953,27.06853867,28.62459183,-19.37175751,-15.80230331,0.2171705663,1.466966748
0,24.320946695,-21.162584305,0.761638527795,0.04402255999999838,-0.04327392500000116,0.15409697025500002,23.70025826,24.94163513,-22.69924927,-19.62591934,0.03451741859,1.488759637
5,16.688314915,2.289467573,0.81825382995,-0.19271803000000176,0.0009014610000002143,-0.04106117765499995,14.57502842,18.80160141,1.323965549,3.254969597,0.1660481989,1.470459461
1,10.603548048499999,5.979473591,0.81093450615,-0.046837802999998956,-0.14395427749999978,-0.019494630094999965,8.984517097,12.222579,5.130718231,6.828228951,0.1298231333,1.492045879
