vehicle_id,position_x,position_y,position_z,mvec_x,mvec_y,mvec_z,bbox_x_min,bbox_x_max,bbox_y_min,bbox_y_max,bbox_z_min,bbox_z_max
0,28.361322405,-44.79420662,1.04197579605,-0.033401489999999256,-0.07280540500000399,-0.18730291685,27.60307503,29.11956978,-45.72353363,-43.86487961,0.7381799221,1.34577167
2,24.685286525000002,-47.757139205,0.92275100965,0.008239740000000495,-0.030216219999999794,-0.005786538549999998,24.06447983,25.30609322,-48.99492264,-46.51935577,0.3682590723,1.477242947
1,-16.10829639,5.9141454695,0.87353602065,-0.03160667499999903,0.012583256000000098,-0.01332665980000003,-17.65049934,-14.56609344,5.357992172,6.470298767,0.2632490993,1.483822942
2,-11.1380128855,2.553440332,0.75078866982,0.0050959600000002325,0.013192415999999874,-0.02953688027000001,-13.19730091,-9.078724861,1.627045631,3.479835033,0.08127530664,1.420302033
