vehicle_id,position_x,position_y,position_z,mvec_x,mvec_y,mvec_z,bbox_x_min,bbox_x_max,bbox_y_min,bbox_y_max,bbox_z_min,bbox_z_max
0,34.676685335,31.71206856,0.84630812715,0.12008475999999746,-0.6589069399999978,-0.017332494300000056,34.20375443,35.14961624,30.00323868,33.42089844,0.3607030213,1.331913233
1,31.44145393,37.368572235,0.9991861881999999,0,0,0,30.86286926,32.0200386,36.08923721,38.64790726,0.6002643704,1.398108006
0,27.847644805,-29.075139995,0.9142997265,0.008097649999996293,-0.000724800000000414,-0.019746139500000037,27.26834297,28.42694664,-30.45930099,-27.690979,0.38481915,1.443780303
1,24.86142445,-32.168478015,0.8420007226499999,-0.23316002500000366,-0.04757690000000281,0.18143439304999998,24.118536,25.6043129,-33.2519722,-31.08498383,0.1949543953,1.48904705
1,-0.7508971391499999,5.8890771865,0.8975367846,-0.029356897300000018,-0.005822658499999633,-0.020100355549999893,-2.367553949,0.8657596707,5.166314125,6.611840248,0.3038358092,1.49123776
2,4.8227562905,2.387651443,0.88807851055,-0.2858511210000003,0.11422801049999975,0.0006573498999999927,2.869459152,6.776053429,1.533948421,3.241354465,0.3080925941,1.468064427
