vehicle_id,position_x,position_y,position_z,mvec_x,mvec_y,mvec_z,bbox_x_min,bbox_x_max,bbox_y_min,bbox_y_max,bbox_z_min,bbox_z_max
0,34.942926405,11.2680296905,0.88295452295,0.006748205000000951,0.03792953600000004,0.038752689900000026,34.11523056,35.77062225,9.448139191,13.08792019,0.2983591259,1.46754992
1,31.242957115,17.511224745,0.83414079975,-0.0024204250000003924,0.05600548000000316,-0.01344900544999994,30.71184349,31.77407074,16.05929947,18.96315002,0.1878821105,1.480399489
2,27.819427490000002,-9.9625358595,0.90270742755,-0.055688860000003615,0.008297204000001557,-0.01843728109999998,26.98207474,28.65678024,-12.17400265,-7.751069069,0.3347098231,1.470705032
3,24.390392305,-12.680732724999999,0.8649119289499999,0.011569975000000454,-0.05787754000000156,-0.025789126899999903,23.68062401,25.1001606,-14.2604084,-11.10105705,0.2437465489,1.486077309
5,24.687678339999998,-0.057981371500000045,0.754325395495,-0.12303924999999793,0.12980639900000013,0.043644497204999966,22.55930138,26.8160553,-1.647116899,1.531154156,0.03948105499,1.469169736
1,18.901830670000002,5.787297249,0.78432589384,-0.0675401700000009,0.03336620299999993,0.03589689366000004,17.29424667,20.50941467,5.060269356,6.514325142,0.07710265368,1.491549134
