vehicle_id,position_x,position_y,position_z,mvec_x,mvec_y,mvec_z,bbox_x_min,bbox_x_max,bbox_y_min,bbox_y_max,bbox_z_min,bbox_z_max
0,31.668260574999998,54.98071289,1.16051802055,0,0,0,31.37593269,31.96058846,54.30258942,55.65883636,0.8697162271,1.451319814
0,28.083904265,-50.878862385000005,0.9763856829500001,-0.012681005000001022,0.04528427500000731,0.006107032349999986,27.66010666,28.50770187,-51.83001328,-49.92771149,0.5169717669,1.435799599
1,-18.783118245,6.021130562,1.00886826205,0.011260985000003387,-0.07428169299999965,0.007785066849999911,-20.21223068,-17.35400581,5.258721352,6.783539772,0.4472512901,1.570485234
2,-16.81882811,2.497026205,1.01098407805,0.13912105999999724,-0.012371063499999835,0.024834573200000154,-18.38219643,-15.25545979,1.660003662,3.334048748,0.4636848271,1.558283329
