vehicle_id,position_x,position_y,position_z,mvec_x,mvec_y,mvec_z,bbox_x_min,bbox_x_max,bbox_y_min,bbox_y_max,bbox_z_min,bbox_z_max
2,24.45662308,-48.914360044999995,0.9285606590500001,0.009464264999998306,-0.045566560000004586,-0.007144644650000087,24.15985489,24.75339127,-49.60707092,-48.22164917,0.4677428901,1.389378428
1,-16.928105355,5.8494129180000005,0.83618059765,-0.04650497000000087,0.006178378999999623,-0.004890143899999977,-17.70248985,-16.15372086,5.215332985,6.483492851,0.2910342813,1.381326914
2,-12.92634058,2.4787414075000003,0.8969043047,-0.37374878000000145,0.0016784664999995869,-0.014432877499999996,-14.41376781,-11.43891335,1.684855938,3.272626877,0.3313999474,1.462408662
0,28.259824755,-46.866718295,0.8913515805000001,0,0,0,28.00759697,28.51205254,-47.44761658,-46.28582001,0.708894968,1.073808193
0,34.255422595,51.725822449999995,0.54689584675,0,0,0,34.22101212,34.28983307,51.35286331,52.09878159,0.1400282681,0.9537634254
0,27.483739855,-48.997514725,0.9561749996000001,0.5031814600000004,1.1861724850000002,-0.007497936500000191,27.38656807,27.58091164,-49.06970596,-48.92532349,0.6786484122,1.233701587
