vehicle_id,position_x,position_y,position_z,mvec_x,mvec_y,mvec_z,bbox_x_min,bbox_x_max,bbox_y_min,bbox_y_max,bbox_z_min,bbox_z_max
0,34.797567365,6.791686058,0.8728336395999999,0.03316116500000277,0.40502452850000026,-0.08014972504999995,34.07223892,35.52289581,4.884346008,8.699026108,0.2942649722,1.451402307
1,31.174705505,13.3198905,0.8962190153499999,0.027748110000004544,0.36357879500000045,-0.009679675299999912,30.68738937,31.66202164,12.0892601,14.5505209,0.3132892847,1.479148746
5,27.796826365,-3.021471262,0.80550133455,0.01000975999999909,0.024296879500000035,0.006619818200000127,26.11797905,29.47567368,-4.894827843,-1.148114681,0.1428161711,1.468186498
3,24.47743988,-9.248837949,0.87760058055,-0.03361511499999992,-0.05294775750000014,-0.10530293949000002,23.67962646,25.2752533,-10.97293854,-7.524737358,0.2639837861,1.491217375
1,22.89324284,5.7105679515,0.798396986,-0.0656290100000021,-0.0575723650000004,0.05853721125,21.31194878,24.4745369,4.930695534,6.490440369,0.104915224,1.491878748
2,27.82667923,-9.3621325495,0.88066931075,0.003342624999998378,0.020324467000000013,-0.04130422329999994,26.98713493,28.66622353,-11.65894413,-7.065320969,0.2972667515,1.46407187
