vehicle_id,position_x,position_y,position_z,mvec_x,mvec_y,mvec_z,bbox_x_min,bbox_x_max,bbox_y_min,bbox_y_max,bbox_z_min,bbox_z_max
0,34.7928524,9.3959908465,0.781724654325,-0.08550453000000147,0.5556278265000003,0.16763680417499993,34.09199142,35.49371338,7.623692513,11.16828918,0.09424726665,1.469202042
1,31.123884205,16.0153203,0.8741073756,0.025998115000000155,-0.5077953300000004,-0.025304183149999937,30.70313454,31.54463387,14.44666004,17.58398056,0.2826793492,1.465535402
5,25.90871048,-1.05412363995,0.76711906508,0.015484810000000238,0.0437824725,0.0799319518199999,24.01757622,27.79984474,-2.735358238,0.6271109581,0.07260134816,1.461636782
3,24.27136803,-11.303972244,0.8264178855,0.029160494999995734,-0.019755362499999762,0.00038406255000000833,23.63598633,24.90674973,-13.01802349,-9.589920998,0.161733076,1.491102695
1,20.64763451,5.7124109265000005,0.78308295072,-0.09638023999999845,-0.03400516499999995,0.09039380802999997,18.96815491,22.32711411,5.014133453,6.4106884,0.07703409344,1.489131808
2,27.82667923,-9.3621325495,0.88066931075,0.003342624999998378,0.020324467000000013,-0.04130422329999994,26.98713493,28.66622353,-11.65894413,-7.065320969,0.2972667515,1.46407187
