vehicle_id,position_x,position_y,position_z,mvec_x,mvec_y,mvec_z,bbox_x_min,bbox_x_max,bbox_y_min,bbox_y_max,bbox_z_min,bbox_z_max
0,34.722951890000004,21.57439232,0.8363095523,0.040266039999991676,0.04713248999999564,-0.020935565500000086,34.13982773,35.30607605,19.85704041,23.29174423,0.2031714916,1.469447613
2,31.226527215,27.268196105,0.8912944646500001,-0.007775304999999122,0.06517791999999645,-0.01604446785000002,30.75032234,31.70273209,26.27317047,28.26322174,0.2966688573,1.485920072
2,27.881579395000003,-19.79078579,0.79473608335,0.04092979999999713,0.07496738500000077,0.2783618014999999,27.02369308,28.73946571,-21.73272324,-17.84884834,0.1206136867,1.46885848
0,24.3940382,-22.821847915,0.8591184243,0.04146480500000038,-0.03110885499999938,0.12826625285000015,23.78734207,25.00073433,-24.20231628,-21.44137955,0.2379537076,1.480283141
1,8.987804649000001,5.914634228000001,0.84012410785,-0.08789109950000196,-0.07275962850000006,-0.03422320990000005,7.313211918,10.66239738,5.083162308,6.746106148,0.1880230457,1.49222517
5,15.35226059,2.4424242975,1.0420121849,-0.04285288000000165,0.12552308999999973,0.0040694472500000245,13.63247299,17.07204819,1.711364746,3.173483849,0.6144804358,1.469543934
