vehicle_id,position_x,position_y,position_z,mvec_x,mvec_y,mvec_z,bbox_x_min,bbox_x_max,bbox_y_min,bbox_y_max,bbox_z_min,bbox_z_max
0,34.834991455,6.9022755625,0.9081076086,0.03656005999999934,-0.06447935149999928,0.018424436450000137,34.05001831,35.6199646,4.765203476,9.039347649,0.3490732312,1.467141986
1,31.400079725,12.795016765,0.8760929851,-0.062180515000001435,0.5088572500000001,0.1893572363499999,30.68782806,32.11233139,11.4972229,14.09281063,0.2618773282,1.490308642
5,27.87251663,-3.191355944,0.8581306266000001,0.006572725000001611,0.18931150500000005,-0.11712264739500011,26.29096222,29.45407104,-4.917258263,-1.465453625,0.2464361042,1.469825149
1,23.136124615,5.5776548385,0.7979262696,-0.05049419999999927,0.17719316449999933,-0.012654911615000097,21.52969933,24.7425499,4.885371208,6.269938469,0.1092044562,1.486648083
3,24.346384999999998,-8.904394387,0.8363963666,0.025817875000001322,-0.03722524600000021,-0.02617739150000009,23.66708183,25.02568817,-10.54064369,-7.268145084,0.1832165122,1.489576221
2,27.82667923,-9.3621325495,0.88066931075,0.003342624999998378,0.020324467000000013,-0.04130422329999994,26.98713493,28.66622353,-11.65894413,-7.065320969,0.2972667515,1.46407187
