vehicle_id,position_x,position_y,position_z,mvec_x,mvec_y,mvec_z,bbox_x_min,bbox_x_max,bbox_y_min,bbox_y_max,bbox_z_min,bbox_z_max
0,34.965644835,35.84289932,0.7552857326,0.025564195000001178,0.07185936499999457,0.1973215117,34.19445038,35.73683929,34.92926788,36.75653076,0.2319742292,1.278597236
0,28.22698021,-33.83484459,0.81814073775,0.0269231750000003,-0.05468940999999461,-0.03207977884999991,27.36303711,29.09092331,-35.11394882,-32.55574036,0.2225773185,1.413704157
1,24.77029133,-37.29395294,0.8769757601,0.020081520000001518,-0.20251274500000704,-0.007114813199999959,24.11573792,25.42484474,-38.70536041,-35.88254547,0.3822502792,1.371701241
1,-5.13762486,5.9908666615,0.87448170765,-0.3306107520000001,-0.20606851650000024,0.0007282200500000613,-6.401669979,-3.873579741,5.181911469,6.799821854,0.2701354623,1.478827953
2,0.16284048600000012,2.4800822735,0.8897074014999999,-0.4329062705000002,-0.0363759994999997,-0.02791401739999988,-1.759917974,2.085598946,1.595439434,3.364725113,0.3106592,1.468755603
