vehicle_id,position_x,position_y,position_z,mvec_x,mvec_y,mvec_z,bbox_x_min,bbox_x_max,bbox_y_min,bbox_y_max,bbox_z_min,bbox_z_max
0,34.83720398,42.152318955,0.76320199655,0.015487669999998843,0.08807373000000496,-0.014173999249999958,34.1696434,35.50476456,41.33734512,42.96729279,0.3639213741,1.162482619
0,28.365239145,-40.13755798,0.8368439377,0.05888175499999804,-0.05340386000000308,-0.016376271900000017,27.49775124,29.23272705,-41.1917572,-39.08335876,0.3159955144,1.357692361
1,24.71094894,-42.848358155,0.8491592109499999,0.23150634999999653,-0.08649825999999905,-0.0160756259999999,24.14258575,25.27931213,-43.61729813,-42.07941818,0.3078090549,1.390509367
1,-11.25958061,5.8493351935,0.9045246988,-0.04855489999999918,-0.002775669000000036,-0.03467746064999999,-12.37756443,-10.14159679,5.206134796,6.492535591,0.3268063366,1.482243061
2,-5.908303499,2.514889717,0.772759202795,-0.04637098350000013,0.017725468000000077,0.11685861295500011,-7.457247257,-4.359359741,1.62116766,3.408611774,0.08726359159,1.458254814
