vehicle_id,position_x,position_y,position_z,mvec_x,mvec_y,mvec_z,bbox_x_min,bbox_x_max,bbox_y_min,bbox_y_max,bbox_z_min,bbox_z_max
0,28.092374805,-50.907503129999995,0.97412681575,0.010004045000002293,-0.036350250000005246,-0.005450695499999991,27.62473679,28.56001282,-52.01689911,-49.79810715,0.5378581285,1.410395503
1,-18.938480374999997,5.835986613999999,1.0054776072,-0.004549030000003285,0.000867844000000062,-0.002476930449999859,-20.35404396,-17.52291679,5.217045784,6.454927444,0.5363491774,1.474606037
2,-16.539707185,2.5057616229999997,0.93884408455,0.31575251000000293,0.04776311,-0.00951404864999994,-17.98532677,-15.0940876,1.658155441,3.353367805,0.5038824081,1.373805761
