vehicle_id,position_x,position_y,position_z,mvec_x,mvec_y,mvec_z,bbox_x_min,bbox_x_max,bbox_y_min,bbox_y_max,bbox_z_min,bbox_z_max
0,34.848316195,18.074723725,0.93394067895,0.09920883000000202,0.04251527499999952,0.003485679750000026,34.1577034,35.53892899,15.96718121,20.18226624,0.4541453719,1.413735986
2,31.3629179,24.026033400000003,0.9279843272,0.0465412150000013,0.03763008499999643,0.030082016849999893,30.72261238,32.00322342,22.51144409,25.54062271,0.5073197484,1.348648906
2,27.79035854,-15.651637555,0.90729042885,0.015551574999999929,-0.027901650000000444,-0.016589895000000077,27.00919151,28.57152557,-17.63404083,-13.66923428,0.3443647027,1.470216155
3,24.37047005,-18.365300175,0.8435139060000001,0.023160934999999938,-0.07825374999999823,0.023206263549999884,23.73021126,25.01072884,-19.19085693,-17.53974342,0.246114254,1.440913558
5,18.55811596,2.114053249,0.776759479235,-0.06436633999999586,0.07192230300000002,-0.005295284379999932,16.31487274,20.80135918,1.155335426,3.072771072,0.08337122947,1.470147729
1,12.737771030000001,5.752920628,0.80977957705,-0.18983030000000056,0.2079510684999999,0.013881497249999986,11.06705093,14.40849113,5.12884903,6.376992226,0.1304441541,1.489115
