vehicle_id,position_x,position_y,position_z,mvec_x,mvec_y,mvec_z,bbox_x_min,bbox_x_max,bbox_y_min,bbox_y_max,bbox_z_min,bbox_z_max
0,34.69472313,27.39001465,0.7477456626950001,0.019630434999996282,0.11765670499999814,-0.02419890605500008,34.15143204,35.23801422,25.64879227,29.13123703,0.09075218439,1.404739141
2,31.272006035,32.44711113,0.85168443635,0.02294254499999937,0.0832996399999999,-0.00680579240000001,30.72200775,31.82200432,31.8202095,33.07401276,0.4245477617,1.278821111
2,28.00719261,-24.454029079999998,0.8605432363500001,0.05380440000000064,-0.056461340000002025,-0.12170970439000017,27.17049789,28.84388733,-25.60908508,-23.29897308,0.3107686937,1.410317779
0,24.67507458,-28.33531761,0.8225254638999999,0.028956409999999266,-0.04491424499999752,-0.019059721299999888,23.90496445,25.44518471,-29.83570099,-26.83493423,0.1641463488,1.480904579
1,3.4639840724999997,5.838540554,0.78919957942,-0.049272716499999536,0.014715672000000346,0.050478313279999965,1.810349584,5.117618561,5.112449646,6.564631462,0.09152469784,1.486874461
5,7.932218075,2.8170158865,1.2747611405,0,0,0,6.725248337,9.139187813,2.486314774,3.147716999,1.097795725,1.451726556
