vehicle_id,position_x,position_y,position_z,mvec_x,mvec_y,mvec_z,bbox_x_min,bbox_x_max,bbox_y_min,bbox_y_max,bbox_z_min,bbox_z_max
0,34.765335085000004,14.118477825,0.8703926056,0.04814910499999314,0.12563037500000007,-0.0076047032000000625,34.1252327,35.40543747,11.89486504,16.34209061,0.2949737012,1.44581151
1,31.390937805,20.42539215,0.88751843555,0.015445710000001611,-0.0019722000000008677,0.0016383231500000095,30.7200737,32.06180191,18.8887825,21.9620018,0.2889477611,1.48608911
2,27.797859189999997,-11.898611069,0.8690628263,0.08376121500000266,-0.005581854000000774,-0.021196641550000006,26.90145874,28.69425964,-14.10959816,-9.687623978,0.2695052326,1.46862042
3,24.448666574999997,-15.054517744999998,0.86229440585,-0.10352039499999677,-0.34711408500000296,0.0037951543499999962,23.71938324,25.17794991,-16.52624512,-13.58279037,0.2421112657,1.482477546
5,22.564790725,1.2406913039599998,0.84591133125,-0.15409755500000344,-0.01985824103999989,-0.014922961449999939,20.24628067,24.88330078,-0.03241372108,2.513796329,0.2257466465,1.466076016
1,16.594655510000003,5.782372952,0.8282434268000001,-0.12117576000000341,-0.02047348100000068,-0.012919947550000033,14.86628246,18.32302856,5.105739594,6.45900631,0.1640530676,1.492433786
