vehicle_id,position_x,position_y,position_z,mvec_x,mvec_y,mvec_z,bbox_x_min,bbox_x_max,bbox_y_min,bbox_y_max,bbox_z_min,bbox_z_max
0,34.255422595,51.725822449999995,0.54689584675,0,0,0,34.22101212,34.28983307,51.35286331,52.09878159,0.1400282681,0.9537634254
0,27.483739855,-48.997514725,0.9561749996000001,0.5031814600000004,1.1861724850000002,-0.007497936500000191,27.38656807,27.58091164,-49.06970596,-48.92532349,0.6786484122,1.233701587
2,24.475388525,-49.0046463,0.9143949002999999,0.009149555000000476,-0.04385376000000463,-0.006890341649999909,24.17973518,24.77104187,-49.69053268,-48.31875992,0.4513771236,1.377412677
1,-17.020514485,5.861226082,0.8207557646500001,-0.04852963000000088,0.00537538549999983,-0.011193215400000067,-17.77544212,-16.26558685,5.213341713,6.509110451,0.2749532163,1.366558313
2,-13.27567625,2.4900627135,0.86801764365,-0.0194997800000003,0.009665727999999874,0.1204746364,-14.90645981,-11.64489269,1.673583984,3.306541443,0.2718812823,1.464154005
