vehicle_id,position_x,position_y,position_z,mvec_x,mvec_y,mvec_z,bbox_x_min,bbox_x_max,bbox_y_min,bbox_y_max,bbox_z_min,bbox_z_max
0,34.760219570000004,12.966504575,0.8262087701,0.0421161699999999,0.07679843499999883,0.0797038229,34.12493896,35.39550018,10.76001549,15.17299366,0.1923251152,1.460092425
1,31.18673134,19.062938690000003,0.81482952845,0.024821279999997614,0.02577209499999711,0.00010865915000002335,30.7178154,31.65564728,17.66724014,20.45863724,0.1375776529,1.492081404
2,27.777379035000003,-10.8234415045,0.86085377615,0.03004169499999776,-0.2593889245000014,-0.003600835400000002,26.99325752,28.56150055,-12.87994766,-8.766935349,0.2615068853,1.460200667
3,24.48968315,-14.0470829,0.8600432874499999,0.02181529999999654,-0.06621361000000014,-0.016470484499999882,23.69658279,25.28278351,-15.60477066,-12.48939514,0.2294844389,1.490602136
5,23.53997707,0.7367465494000001,0.8182963950500001,-0.14860056999999927,0.08379769354999989,-0.04851357993500005,21.30708122,25.77287292,-0.7368927002,2.210385799,0.1657948941,1.470797896
1,17.57020998,5.7588510515,0.7715265209800001,-0.04640245500000262,0.04685211150000068,0.10746704961999987,15.93353176,19.2068882,5.105133057,6.412569046,0.05281115696,1.490241885
