vehicle_id,position_x,position_y,position_z,mvec_x,mvec_y,mvec_z,bbox_x_min,bbox_x_max,bbox_y_min,bbox_y_max,bbox_z_min,bbox_z_max
0,34.76014328,41.853050235,0.8129196612999999,0.0147933949999981,0.05513191000000006,-0.009239941849999878,34.15897751,35.36130905,40.84270859,42.86339188,0.4480843246,1.177754998
0,28.228595735,-40.32325554,0.73314328663,0.025973320000002076,0.3841381049999981,0.1646985097700001,27.48614311,28.97104836,-42.08151245,-38.56499863,0.05718389526,1.409102678
1,24.927706720000003,-42.446811675,0.9244855942500001,-0.20173645000000207,-0.06765937499999808,-0.012973174550000133,24.27140045,25.58401299,-43.34005356,-41.55356979,0.4127473235,1.436223865
1,-11.0181908605,5.8800873760000005,0.86060094855,-0.04834699549999932,0.03557062099999975,0.11146876184999999,-12.4289999,-9.607381821,5.356087685,6.404087067,0.2346763611,1.486525536
2,-5.4662582875000005,2.4411702155,0.8807702066,-0.45103979099999947,0.008706330999999956,-0.02035219995000004,-7.093894005,-3.83862257,1.605521679,3.276818752,0.2939360142,1.467604399
