vehicle_id,position_x,position_y,position_z,mvec_x,mvec_y,mvec_z,bbox_x_min,bbox_x_max,bbox_y_min,bbox_y_max,bbox_z_min,bbox_z_max
0,24.76231861,-50.013109205000006,1.04369142655,0.0006589899999980275,-0.0031242399999911186,-0.00046551244999992747,24.56458282,24.9600544,-50.58319473,-49.44302368,0.8380612731,1.24932158
1,-18.976079939999998,5.84445715,0.9834250512,-0.003726960000001611,0.0009989729999997365,-0.002610206650000002,-20.39626503,-17.55589485,5.223840714,6.465073586,0.5305522084,1.436297894
2,-16.80126047,2.5741992000000002,1.0690611304500002,-0.00419568999999953,0.0010509485000000929,-0.0009369253500002284,-18.00483513,-15.59768581,1.748855591,3.399542809,0.7899547219,1.348167539
