vehicle_id,position_x,position_y,position_z,mvec_x,mvec_y,mvec_z,bbox_x_min,bbox_x_max,bbox_y_min,bbox_y_max,bbox_z_min,bbox_z_max
0,34.890815735000004,34.88245963999999,0.8607619702,0.03223418999999694,0.12291336000001252,-0.06715314099999992,34.18544388,35.59618759,33.41646957,36.34844971,0.3748609424,1.346662998
0,28.136047365,-32.093544005,0.8105232863,0.015652655000000237,-0.08792686500000002,-0.007420353500000032,27.36764145,28.90445328,-33.14276886,-31.04431915,0.2503433526,1.37070322
1,24.692916869999998,-35.535692215,0.9637864531,0.008800505000003511,-0.03943443000000002,-0.01013542700000003,24.06677818,25.31905556,-36.73225784,-34.33912659,0.4431518912,1.484421015
1,-3.671438813,5.887183666,0.81510981185,-0.31052386799999976,0.05151176449999895,0.07908668345000003,-4.932573318,-2.410304308,5.164608955,6.609758377,0.1512684077,1.478951216
2,1.5596382915,2.4328780175,0.90667979415,-0.033523604250000005,0.025070428999999894,-0.16610588866999998,-0.512277782,3.631554365,1.576251984,3.289504051,0.3452036083,1.46815598
