vehicle_id,position_x,position_y,position_z,mvec_x,mvec_y,mvec_z,bbox_x_min,bbox_x_max,bbox_y_min,bbox_y_max,bbox_z_min,bbox_z_max
0,34.795406345,16.03796911,0.9125808178,0.08805465499999343,-0.014205929999999256,-0.007396936450000058,34.13825989,35.4525528,14.0594511,18.01648712,0.3952056766,1.429955959
2,31.367425915,22.109725949999998,0.93173925595,0.015388495000003388,0.1551914200000013,-0.10804262764999994,30.72816467,32.00668716,20.6867218,23.5327301,0.4276510179,1.435827494
2,27.820677760000002,-13.861211775000001,0.7009818554,0.0024900399999978617,-0.034647464999999045,-0.0014205424500000063,27.00771332,28.6336422,-15.99882984,-11.72359371,0.1389024258,1.263061285
3,24.423076629999997,-16.83919573,0.8079497442,-0.07026863499999791,-0.052138804999998456,0.0014457030500000245,23.72067833,25.12547493,-18.0359211,-15.64247036,0.2409621924,1.374937296
5,20.461580275000003,1.83529925335,0.7696901261700001,-0.08462810500000018,0.00019168844999994938,0.07207436132999989,18.1828289,22.74033165,0.6994743347,2.971124172,0.07081478834,1.468565464
1,14.60173225,5.822296619,0.8155721799,-0.1671872099999998,0.08478450799999937,-0.053782999765000006,12.93279266,16.27067184,5.115540504,6.529052734,0.1406571418,1.490487218
