vehicle_id,position_x,position_y,position_z,mvec_x,mvec_y,mvec_z,bbox_x_min,bbox_x_max,bbox_y_min,bbox_y_max,bbox_z_min,bbox_z_max
0,35.013372419999996,13.528506279999998,0.7980306893,-0.24803733499999225,0.5899715450000009,0.0723619163,34.12928772,35.89745712,11.77564526,15.2813673,0.1414007246,1.454660654
1,31.37535,19.838928225,0.8854185043,0.015587804999999122,0.5864639250000003,0.0020999312499999645,30.72252846,32.02817154,18.86548615,20.8123703,0.2877581716,1.483078837
2,27.825737,-11.897939681,0.88296176495,-0.027877810000003223,-0.0006713879999988848,-0.013898938650000026,26.97483635,28.67663765,-14.15357971,-9.642299652,0.2964399159,1.469483614
3,24.403717045,-15.01268816,0.8133925127499999,0.044949529999996685,-0.04182958499999856,0.04890189310000004,23.61865807,25.18877602,-16.52945709,-13.49591923,0.1405910105,1.486194015
5,22.553367615,1.17975604515,0.8044640196999999,0.011423110000002623,0.06093525880999984,0.04144731155000003,20.35585594,24.75087929,-0.1978390217,2.557351112,0.1382652074,1.470662832
1,16.637900355,5.823960304,0.8533184601,-0.0432448449999967,-0.04158735199999963,-0.025075033299999938,14.94804001,18.3277607,5.116827011,6.531093597,0.2171678692,1.489469051
