vehicle_id,position_x,position_y,position_z,mvec_x,mvec_y,mvec_z,bbox_x_min,bbox_x_max,bbox_y_min,bbox_y_max,bbox_z_min,bbox_z_max
0,34.87380028,18.63510513,0.8156813158,0.0004978150000027881,0.11192703500000079,-0.02078252284999993,34.14820862,35.59939194,16.91162109,20.35858917,0.1867926866,1.444569945
2,31.29962826,24.460807799999998,0.76885771765,0.053320884999997986,0.05611229000000151,-0.011665761499999983,30.72107506,31.87818146,23.38689041,25.53472519,0.2289794683,1.308735967
2,27.72645092,-16.71537161,0.86037577675,0.028559685000001167,0.012757299999996974,0.0012789370500000397,27.00334549,28.44955635,-18.8815918,-14.54915142,0.2521084845,1.468643069
3,24.388026234999998,-20.843990325,0.90799921745,0.006593705000000227,-0.0023174250000010943,-0.003919929350000073,23.77337265,25.00267982,-21.29102707,-20.39695358,0.3540846109,1.461913824
5,17.689027785,2.15365839,0.87896028155,0.029072764999998668,0.053458929000000044,-0.05778596555000004,15.46818542,19.90987015,1.242152214,3.065164566,0.2861277461,1.471792817
1,11.837585449999999,5.761384964,0.8435079305000001,-0.2003121369999974,0.03546047199999958,-0.023609131549999995,10.16444683,13.51072407,5.089461327,6.433308601,0.19802472,1.488991141
