vehicle_id,position_x,position_y,position_z,mvec_x,mvec_y,mvec_z,bbox_x_min,bbox_x_max,bbox_y_min,bbox_y_max,bbox_z_min,bbox_z_max
0,34.765665055,27.73999405,0.98034930215,0.023548125000004916,-0.010162354999998513,-0.0005555749000000221,34.14280319,35.38852692,26.00361252,29.47637558,0.5348186493,1.425879955
2,31.373462675,32.79954529,0.8242574630999999,0.041167264999998565,0.09133911000000694,-0.013740181749999913,30.72633743,32.02058792,32.23763657,33.36145401,0.4224597812,1.226055145
2,27.963675495,-25.275171280000002,0.8318278195500001,0.018598559999997377,-0.0464973449999988,-0.008824974500000082,27.1999855,28.72736549,-26.88587189,-23.66447067,0.3036594391,1.3599962
0,24.645503044999998,-28.46726227,0.87733835,-0.18326854499999712,-0.0532836850000038,-0.007635086850000028,23.90363884,25.38736725,-29.71259308,-27.22193146,0.269895196,1.484781504
1,3.2339141965000002,5.8409762385,0.83817681665,-0.3421065210000003,-0.02225828199999924,0.0022530033500000046,1.759204984,4.708623409,5.145973206,6.535979271,0.1870134473,1.489340186
