vehicle_id,position_x,position_y,position_z,mvec_x,mvec_y,mvec_z,bbox_x_min,bbox_x_max,bbox_y_min,bbox_y_max,bbox_z_min,bbox_z_max
0,34.811302185,13.18229246,0.87262523155,0.004867554999997026,0.08716536000000019,0.007671013850000019,34.03392029,35.58868408,11.1003685,15.26421642,0.2994889021,1.445761561
1,31.25334644,19.2507267,0.7747639604450001,0.155002599999996,0.14052772499999833,0.11344742390499996,30.70542526,31.80126762,17.84339523,20.65805817,0.07222501189,1.477302909
2,27.765550615000002,-11.29359865,0.78563026365,0.16397666499999985,-0.06218719499999992,0.08561406260000004,26.97751808,28.55358315,-13.5852766,-9.0019207,0.1321500093,1.439110518
3,24.439325335,-14.25410318,0.8393843025,-0.049839974999997594,-0.36662388000000057,-0.02049533299999995,23.69777489,25.18087578,-15.7100172,-12.79818916,0.192609638,1.486158967
5,23.132007594999997,0.8906745910999999,0.77030723161,0.0034027150000000006,-0.023682832749999827,-0.01571639799000013,21.03193855,25.23207664,-0.4880652428,2.269414425,0.07130274922,1.469311714
1,17.29846573,5.8143987655,0.7995907366,-0.09508180999999993,0.048814773500000186,0.07807992409999998,15.62161827,18.97531319,5.109757423,6.519040108,0.1102445722,1.488936901
