vehicle_id,position_x,position_y,position_z,mvec_x,mvec_y,mvec_z,bbox_x_min,bbox_x_max,bbox_y_min,bbox_y_max,bbox_z_min,bbox_z_max
0,34.793672560000005,7.5936412815,0.770437233385,-0.0031490300000029947,0.4113740900000007,0.10858794281500006,34.0677948,35.51955032,5.675240517,9.512042046,0.08939813077,1.451476336
1,31.367290495,14.00164318,0.9026155770000001,0.012741089999998678,0.0438537599999993,-0.0605502575500001,30.69709015,32.03749084,12.52065945,15.48262691,0.319915235,1.485315919
5,27.34413147,-2.23482012725,0.81491002435,-0.10890388500000014,0.04658007620000015,-0.011279054000000066,25.50123978,29.18702316,-3.989973783,-0.4796664715,0.1598852277,1.469934821
3,24.429050445,-9.819821837,0.8198113518,-0.035661695000001714,-0.05138635349999987,0.04340450455,23.68679619,25.1713047,-11.48178864,-8.157855034,0.1502999216,1.489322782
1,22.33771324,5.6731595995,0.77274526274,-0.03613090500000027,-0.039461613000000284,0.09463822470999994,20.71525764,23.96016884,4.967114449,6.37920475,0.05588259548,1.48960793
2,27.82667923,-9.3621325495,0.88066931075,0.003342624999998378,0.020324467000000013,-0.04130422329999994,26.98713493,28.66622353,-11.65894413,-7.065320969,0.2972667515,1.46407187
