vehicle_id,position_x,position_y,position_z,mvec_x,mvec_y,mvec_z,bbox_x_min,bbox_x_max,bbox_y_min,bbox_y_max,bbox_z_min,bbox_z_max
0,28.097330095,-43.740449909999995,0.9225670846499999,0.011662484999998668,-0.04391479000000231,0.0005659758999999598,27.45137978,28.74328041,-45.15069962,-42.3302002,0.4090025723,1.436131597
1,24.959287645,-45.55884361,0.80662357825,0,0,0,24.81067467,25.10790062,-45.88537216,-45.23231506,0.5967844725,1.016462684
1,-14.106960295,5.8439092640000005,0.952880576,-0.07839346000000091,0.00950241049999967,-0.21563484860499993,-14.91938305,-13.29453754,5.204461098,6.48335743,0.484146744,1.421614408
2,-9.277648209,2.478721142,0.8567227125000001,-0.019367221499999587,0.015059709500000018,0.005298063099999917,-10.9332571,-7.622039318,1.644165039,3.313277245,0.262455821,1.450989604
