vehicle_id,position_x,position_y,position_z,mvec_x,mvec_y,mvec_z,bbox_x_min,bbox_x_max,bbox_y_min,bbox_y_max,bbox_z_min,bbox_z_max
2,24.446969985000003,-48.867963795,0.93584236485,0.009653094999997336,-0.0463962499999937,-0.007281705799999982,24.14962196,24.74431801,-49.56419373,-48.17173386,0.4761553407,1.395529389
1,-16.880774494999997,5.842453957,0.8403149247499999,-0.04733086000000242,0.006958961000000485,-0.004134327099999946,-17.66503143,-16.09651756,5.214551926,6.470355988,0.2917221785,1.388907671
2,-12.877801895,2.4696877005,0.8644523023999999,-0.04853868500000047,0.009053707000000077,0.032452002300000116,-14.41765976,-11.33794403,1.683660984,3.255714417,0.2673655748,1.46153903
0,34.255422595,51.725822449999995,0.54689584675,0,0,0,34.22101212,34.28983307,51.35286331,52.09878159,0.1400282681,0.9537634254
