vehicle_id,position_x,position_y,position_z,mvec_x,mvec_y,mvec_z,bbox_x_min,bbox_x_max,bbox_y_min,bbox_y_max,bbox_z_min,bbox_z_max
0,28.159453390000003,-39.95106697,0.7867526858,0.01820755499999649,-0.10946464500000275,-0.016152467650000002,27.48119545,28.83771133,-41.67780304,-38.2243309,0.1403683126,1.433137059
1,24.879639625,-42.253581999999994,0.96156027935,0.011127474999998554,-0.06366157500000469,-0.012206420300000076,24.26541901,25.49386024,-43.25312424,-41.25403976,0.4725492597,1.450571299
1,-10.5580477725,5.8117818835,0.89523167885,-0.36349725450000037,0.01556634850000016,-0.010771944899999997,-11.81712723,-9.298968315,5.267683983,6.355879784,0.3118466437,1.478616714
2,-5.332537651,2.4223337175,0.87154847375,-0.06541800500000061,0.008624553499999799,0.0454130171499999,-7.120393276,-3.544682026,1.608793736,3.235873699,0.2870413065,1.456055641
