vehicle_id,position_x,position_y,position_z,mvec_x,mvec_y,mvec_z,bbox_x_min,bbox_x_max,bbox_y_min,bbox_y_max,bbox_z_min,bbox_z_max
0,35.063146595,24.99491501,0.9028209446,-0.18027305999999754,0.11105346500000124,-0.00459420654999998,34.15743256,35.96886063,23.26625061,26.72357941,0.3500919342,1.455549955
2,31.35123062,31.043981555000002,0.7438250443,0.026102070000003863,0.05798339499999727,-0.0006659029499999081,30.71940613,31.98305511,29.5287056,32.55925751,0.1143386886,1.3733114
2,27.936104774999997,-22.85239792,0.8674866708500001,-0.04828071499999709,0.059774400000002004,-0.005557060400000036,27.07240486,28.79980469,-24.77819443,-20.92660141,0.2761310637,1.458842278
0,24.47029114,-26.09159851,0.8750147072000001,0.024837489999999462,-0.04872703999999928,0.002788573949999873,23.84468079,25.09590149,-27.61506653,-24.56813049,0.2668599784,1.483169436
1,5.7721915245,5.860511303,0.8385588156,-0.015324116000000387,-0.001674174999999778,0.004174746150000019,4.162828445,7.381554604,5.150579453,6.570443153,0.1882482022,1.488869429
5,8.848424435,3.126496315,1.3315027355,-0.1428098680000005,-0.030268907499999997,-0.022021591499999937,8.543716431,9.153132439,3.121188164,3.131804466,1.259431958,1.403573513
