vehicle_id,position_x,position_y,position_z,mvec_x,mvec_y,mvec_z,bbox_x_min,bbox_x_max,bbox_y_min,bbox_y_max,bbox_z_min,bbox_z_max
0,34.866827009999994,14.31537533,0.85749512925,-0.09017371999999568,0.01942872999999956,-0.005836978800000003,34.0324707,35.70118332,12.19508553,16.43566513,0.2802267075,1.434763551
1,31.42661953,20.448110579999998,0.8802880795000001,-0.060039520000000124,0.5976295450000038,0.2626112251499999,30.72416115,32.12907791,18.96390915,21.93231201,0.272046715,1.488529444
2,27.887993815,-11.904415605,0.8323334308999999,-0.16670990500000116,-0.022892478499999314,-0.01574637024999992,26.97040749,28.80558014,-13.99349689,-9.81533432,0.2136319578,1.451034904
3,24.4977293,-15.466685775,0.79650709025,0.019914629999998823,-0.07239723000000176,0.0015806296500000538,23.703619,25.2918396,-17.16550446,-13.76786709,0.1050466895,1.487967491
5,22.304156305,1.34608709815,0.775303755135,-0.15436458499999972,-0.08292067072999987,0.005770478364999887,20.07075119,24.53756142,0.0113503933,2.680823803,0.08830148727,1.462306023
1,16.33740473,5.802051544,0.85696271065,-0.12017345499999976,0.07453346299999986,-3.3236999999908257e-05,14.64568043,18.02912903,5.106685638,6.49741745,0.2250387073,1.488886714
