vehicle_id,position_x,position_y,position_z,mvec_x,mvec_y,mvec_z,bbox_x_min,bbox_x_max,bbox_y_min,bbox_y_max,bbox_z_min,bbox_z_max
0,34.85212326,29.959243775,0.7747264689,0.027267455000000496,0.05984306499999903,-0.02019923913499999,34.14356232,35.5606842,28.57654953,31.34193802,0.1052520648,1.444200873
1,31.402204514999998,35.911050795,0.8341062368000001,0.020866395000002314,0.03967857500000349,0.0014344975499999135,30.71579361,32.08861542,34.66156006,37.16054153,0.1900205016,1.478191972
0,28.074020384999997,-28.450241085000002,0.9363215119,-0.6501960749999967,-0.083225254999995,-0.06673352404999999,27.20905685,28.93898392,-30.48672485,-26.41375732,0.4455762208,1.427066803
1,24.82686615,-31.142711639999998,0.79490360625,0.026742939999998327,-0.13429069000000382,-0.09978644558500005,24.03009605,25.62363625,-32.5806694,-29.70475388,0.1075277925,1.48227942
1,0.7224180998999999,5.8932290080000005,0.85434145495,-0.053130686349999956,-0.10730218900000033,0.0005173311500000777,-0.8147258162,2.259562016,5.163374901,6.623083115,0.2234087139,1.485274196
2,5.7312799695,2.4950280190000003,1.1574183403,0.03697955549999943,0.05405425999999958,0.011315077699999954,3.774836779,7.68772316,1.61253643,3.377519608,0.8593727946,1.455463886
