vehicle_id,position_x,position_y,position_z,mvec_x,mvec_y,mvec_z,bbox_x_min,bbox_x_max,bbox_y_min,bbox_y_max,bbox_z_min,bbox_z_max
0,34.67914963,21.48949051,0.94059681915,0.015821455000001095,0.043163299999999793,-0.09620393820000006,34.06293869,35.29536057,19.66292572,23.3160553,0.4135739803,1.467619658
2,31.29314518,27.164384845,0.9177412985000001,-0.0815191249999998,0.04358863499999899,-0.01151232390000001,30.9346447,31.65164566,26.07974625,28.24902344,0.346647501,1.488835096
2,27.870217325,-19.522543905,0.8462955131,-0.00787830499999842,-0.35210896000000247,-0.051179431100000006,27.06853676,28.67189789,-21.38261032,-17.66247749,0.2230115682,1.469579458
0,24.3683548,-22.665569304999998,0.8969700039999999,0.028656955000002426,-0.12297439499999996,-0.017947256849999982,23.79743004,24.93927956,-24.01972961,-21.311409,0.303578794,1.490361214
1,9.20651865,5.8433370589999996,0.8066993577,-0.19673085300000004,-0.040038585999999654,0.025085725299999972,7.57695961,10.83607769,5.1378088,6.548865318,0.1258610934,1.487537622
5,15.565383435000001,2.501708746,1.04695796965,-0.06482696500000174,0.0038251880000004235,-0.001990795049999994,13.83205891,17.29870796,1.597238541,3.406178951,0.6237442493,1.47017169
