vehicle_id,position_x,position_y,position_z,mvec_x,mvec_y,mvec_z,bbox_x_min,bbox_x_max,bbox_y_min,bbox_y_max,bbox_z_min,bbox_z_max
0,34.70734787,9.951618673,0.9493614585,0.03018188499999752,0.07072496249999993,-0.04978425809999998,34.09373856,35.32095718,7.830444336,12.07279301,0.428579241,1.470143676
1,31.14988232,15.507524969999999,0.84880319245,0.030319209999998264,0.8592338550000029,0.09276235094999996,30.70593262,31.59383202,14.55453587,16.46051407,0.2363938689,1.461212516
5,25.92419529,-1.01034116745,0.8470510169,-0.09692096999999933,0.16101348394999992,-0.039413138999999986,23.94900131,27.89938927,-2.732881546,0.7121992111,0.2245625108,1.469539523
3,24.300528524999997,-11.3237276065,0.82680194805,0.2050037400000022,-0.07771396999999958,0.013771116900000102,23.6434288,24.95762825,-13.00473213,-9.642723083,0.1631488651,1.490455031
1,20.55125427,5.6784057615000005,0.87347675875,-0.08247375500000231,0.14679193499999954,-0.03579583009999998,18.8701725,22.23233604,4.959882736,6.396928787,0.2578323185,1.489121199
2,27.82667923,-9.3621325495,0.88066931075,0.003342624999998378,0.020324467000000013,-0.04130422329999994,26.98713493,28.66622353,-11.65894413,-7.065320969,0.2972667515,1.46407187
